"","Kingdom","Phylum","Class","Order","Family","Genus","Species"
"a2d1bcf3e07ae838020e380141e5dc2a","Fungi","Ascomycota","Sordariomycetes","Hypocreales","Hypocreaceae","Trichoderma",NA
"a46833147d524b23f5eb0325d3d8c04c","Fungi","Ascomycota","Saccharomycetes","Saccharomycetales","Saccharomycetaceae","Saccharomyces","Saccharomyces_cerevisiae"
"c9533a3fb571f2af2b346de95970553c","Fungi","Basidiomycota","Tremellomycetes","Tremellales","Cryptococcaceae","Cryptococcus","Cryptococcus_neoformans"
"e709670735dc9186e5d59957214c574b","Fungi","Ascomycota","Sordariomycetes","Hypocreales","Nectriaceae","Fusarium",NA
"2739025c1a51d3aa73ad819fee2ade23","Fungi","Basidiomycota","Tremellomycetes","Trichosporonales","Trichosporonaceae","Cutaneotrichosporon","Cutaneotrichosporon_dermatis"
"b3c08b0d45efed3ff2bbc0f584c8736f","Fungi","Ascomycota","Saccharomycetes","Saccharomycetales","Saccharomycetales_fam_Incertae_sedis",NA,NA
"9867665584696fcde6f657cc55ae893e","Fungi","Basidiomycota","Malasseziomycetes","Malasseziales","Malasseziaceae","Malassezia",NA
"d478b75bbfa076c063efb92daa06cc24","Fungi","Ascomycota","Saccharomycetes","Saccharomycetales","Saccharomycetales_fam_Incertae_sedis","Candida","Candida_parapsilosis"
"ea6949040ae9657f2c387d3bc10a115f","Fungi","Ascomycota","Eurotiomycetes","Onygenales","Arthrodermataceae","Trichophyton","Trichophyton_rubrum"
"8afa793d61e93e9186271592f05743cc","Fungi","Ascomycota","Eurotiomycetes","Onygenales","Arthrodermataceae","Trichophyton","Trichophyton_mentagrophytes"
"5582ca20fa0f417863e5815094b81604","Fungi","Ascomycota","Dothideomycetes","Pleosporales","Didymellaceae","Epicoccum","Epicoccum_sp"
"32368993d37d8131fe71a6f8685ff712","Fungi","Ascomycota","Saccharomycetes","Saccharomycetales","Debaryomycetaceae","Debaryomyces",NA
"f0a2d71fc36f96afa9d4fd17b146307f","Fungi","Basidiomycota","Tremellomycetes","Tremellales","Cryptococcaceae","Cryptococcus","Cryptococcus_uniguttulatus"
"d8be072a284fa053d89d192a159dbe7a","Fungi","Ascomycota","Saccharomycetes","Saccharomycetales","Saccharomycetaceae","Nakaseomyces","Nakaseomyces_glabratus"
"21b7198768350673f6373f807a0dc3f6","Fungi","Ascomycota","Saccharomycetes","Saccharomycetales","Metschnikowiaceae",NA,NA
"86238b364d6eba58ede0444f78a1fa25","Fungi","Ascomycota","Saccharomycetes","Saccharomycetales","Metschnikowiaceae","Metschnikowiaceae_gen_Incertae_sedis","Metschnikowiaceae_sp"
"a44464d987b2d71064e2587d1595f13b","Fungi","Basidiomycota","Microbotryomycetes","Sporidiobolales","Sporidiobolaceae","Rhodotorula",NA
"0d97e9d88c985f47b5d108d17159557a","Fungi","Ascomycota","Eurotiomycetes","Eurotiales","Aspergillaceae","Aspergillus","Aspergillus_fumigatus"
"3f0d826ef0cff80b4d338b726e1d61f2","Fungi","Basidiomycota","Malasseziomycetes","Malasseziales","Malasseziaceae","Malassezia",NA
"4f1198265081e59428cfeec524e64bdf","Fungi","Basidiomycota","Wallemiomycetes","Wallemiales","Wallemiaceae","Wallemia","Wallemia_sp"
"f61b24342856b47a76d62ac5e4b8b01d","Fungi","Ascomycota","Eurotiomycetes","Eurotiales","Aspergillaceae","Penicillium",NA
"05a2e39a3f183e99be95face8bb7ae31","Fungi","Basidiomycota","Malasseziomycetes","Malasseziales","Malasseziaceae","Malassezia","Malassezia_slooffiae"
"128fca72e1b51462ba1d6bcbc982ccf2","Fungi","Basidiomycota","Tremellomycetes","Filobasidiales","Filobasidiaceae","Naganishia",NA
"f2512a713b8f04f472e7eeed839d204c","Fungi","Basidiomycota","Cystobasidiomycetes","Cystobasidiomycetes_ord_Incertae_sedis","Symmetrosporaceae","Symmetrospora","Symmetrospora_sp"
"0a30216e3986a9c822adce29c9c6e27d","Fungi","Ascomycota","Sordariomycetes","Glomerellales","Plectosphaerellaceae","Plectosphaerella",NA
"403fdd28fac726454c161ffb1d3a393d","Fungi","Ascomycota","Sordariomycetes","Sordariales","Chaetomiaceae",NA,NA
"470aac61f13322f74a1f36956d5d9405","Fungi","Ascomycota","Saccharomycetes","Saccharomycetales","Saccharomycetaceae","Oligophagozyma","Oligophagozyma_castellii"
"81aa1b36cd9303696bc03435d0947bb1","Fungi","Basidiomycota","Ustilaginomycetes","Ustilaginales","Ustilaginaceae",NA,NA
"8581515b438ac7fd50102b450945379d","Fungi","Ascomycota","Saccharomycetes","Saccharomycetales","Phaffomycetaceae","Cyberlindnera","Cyberlindnera_jadinii"
"e1c7d07e4616ba98c5b9bf37d01a331c","Fungi","Basidiomycota","Wallemiomycetes","Wallemiales","Wallemiaceae","Wallemia",NA
"e13d3d028f026d2976c6f1c82c3ef061","Fungi","Basidiomycota","Cystobasidiomycetes","Cystobasidiomycetes_ord_Incertae_sedis","Symmetrosporaceae","Symmetrospora","Symmetrospora_foliicola"
"374c02225902261ac55ae86cc88316c9","Unassigned",NA,NA,NA,NA,NA,NA
"c43fcfa8bc7ce494733b36286923f0a2","Fungi","Basidiomycota","Malasseziomycetes","Malasseziales","Malasseziaceae","Malassezia",NA
"b1b1984e094f91fb4fc3f795439bbd3c","Fungi","Basidiomycota","Malasseziomycetes","Malasseziales","Malasseziaceae","Malassezia","Malassezia_sp"
"a3ac8573a8c07eba047f965c471e194c","Fungi","Basidiomycota","Malasseziomycetes","Malasseziales","Malasseziaceae","Malassezia",NA
"cbbff3d9db82d96a08d765bf664ff3c3","Fungi","Ascomycota","Leotiomycetes","Helotiales","Helotiales_fam_Incertae_sedis",NA,NA
"58507053ddee87515ac39b3dbce615c9","Unassigned",NA,NA,NA,NA,NA,NA
"3549aac7251d3f61328815535e451b28","Unassigned",NA,NA,NA,NA,NA,NA
"5b0c16254d9e344a710e369309bca645","Unassigned",NA,NA,NA,NA,NA,NA
"3739d6e2001fcdf54999411efffcb123","Fungi","Basidiomycota","Microbotryomycetes","Sporidiobolales","Sporidiobolaceae","Rhodotorula",NA
"84615e5100ed11dbd89f0c78e15058c8","Unassigned",NA,NA,NA,NA,NA,NA
"3ed0f4cf10db16aca2db4ee61644d2a3","Unassigned",NA,NA,NA,NA,NA,NA
"b34a9d69e4bcb107e28936d647c11b9c","Unassigned",NA,NA,NA,NA,NA,NA
"9de7e175c885c64d332a1520ce5cf822","Fungi","Ascomycota","Schizosaccharomycetes","Schizosaccharomycetales","Schizosaccharomycetaceae","Hasegawaea","Hasegawaea_japonica"
"a6c48edd218cb2d615df60c128fed435","Fungi","Fungi_phy_Incertae_sedis","Fungi_cls_Incertae_sedis","Fungi_ord_Incertae_sedis","Fungi_fam_Incertae_sedis","Fungi_gen_Incertae_sedis","Fungi_sp"
"e0a4768a2a0384d171afadd6e15ed70e","Fungi","Ascomycota","Eurotiomycetes","Eurotiales","Trichocomaceae","Talaromyces","Talaromyces_amestolkiae"
"f575bf54861bb08b6e841ad1141be76e","Fungi","Basidiomycota","Pucciniomycetes","Pucciniales","Pucciniaceae","Puccinia","Puccinia_coronata"
"83878d054ea6824878f1883a6fb7cfc0","Fungi","Ascomycota","Sordariomycetes","Microascales","Microascaceae",NA,NA
"7a7d19d7645646f5c9fac89458ee6071","Fungi","Basidiomycota","Malasseziomycetes","Malasseziales","Malasseziaceae","Malassezia","Malassezia_sympodialis"
"d852625f058177911d3ed835efcf3692","Unassigned",NA,NA,NA,NA,NA,NA
"f221cd233572703f1649f76622061c26","Fungi","Ascomycota","Dothideomycetes","Cladosporiales","Cladosporiaceae","Cladosporium",NA
"9150863e1ac79fa37b4a2f74a4326f18","Fungi","Ascomycota","Saccharomycetes","Saccharomycetales",NA,NA,NA
"2378aa378ed559bf80a11417ab1305d2","Fungi","Ascomycota","Dothideomycetes","Pleosporales",NA,NA,NA
"58fccab56b8da19340d68709b9a963c9","Unassigned",NA,NA,NA,NA,NA,NA
"5d3044cedd8a0df0e0c58723361f39ca","Unassigned",NA,NA,NA,NA,NA,NA
"64de0bf80015077dd8f5b6956a6ae1b1","Unassigned",NA,NA,NA,NA,NA,NA
"8a006be2cc34e38d234af0ac68a23f0d","Fungi","Basidiomycota","Malasseziomycetes","Malasseziales","Malasseziaceae","Malassezia",NA
"15b11be284530aa353eadc4c227fac7d","Fungi","Ascomycota","Dothideomycetes","Pleosporales","Didymellaceae",NA,NA
"d388eb09ad52361c6a32e140c7f3aafc","Fungi","Ascomycota","Saccharomycetes","Saccharomycetales","Debaryomycetaceae","Meyerozyma","Meyerozyma_guilliermondii"
"ce46a86bd488cc5204c648634bbe3c9c","Fungi","Basidiomycota","Agaricostilbomycetes","Agaricostilbales","Agaricostilbaceae","Sterigmatomyces",NA
"80b719a4591973f1b70060dad7414ce6","Fungi","Basidiomycota","Tremellomycetes","Tremellales","Trimorphomycetaceae","Saitozyma","Saitozyma_podzolica"
"05aee7d824cc0623e9c9dbdc26aa6a52","Fungi","Basidiomycota","Agaricomycetes","Hymenochaetales","Schizoporaceae","Xylodon","Xylodon_flaviporus"
"5e9f131605317935bac96979a8e01d4c","Fungi","Ascomycota",NA,NA,NA,NA,NA
"80603833228b51168e42eba7800a50e7","Unassigned",NA,NA,NA,NA,NA,NA
"35ac9992bbb90ccb87a904206774b91e","Fungi","Basidiomycota","Microbotryomycetes","Sporidiobolales","Sporidiobolaceae","Rhodosporidiobolus","Rhodosporidiobolus_colostri"
"cc99fb1d0dd5ecee517bc9250ab2c7ca","Fungi","Ascomycota","Eurotiomycetes","Eurotiales","Aspergillaceae","Aspergillus",NA
"109ca1965e19f0c6433ee6a3d645c32a","Fungi","Ascomycota","Sordariomycetes","Microascales","Microascaceae","Microascus","Microascus_brevicaulis"
"8759e166fa3bd5939aacaeb6fed24614","Fungi","Basidiomycota","Agaricomycetes","Agaricales","Lycoperdaceae","Lycoperdon",NA
"34459f0e37e5b778a43bd3b25873b66a","Fungi","Ascomycota","Sordariomycetes","Hypocreales",NA,NA,NA
"0842eaee45a4cf3d3cf852d06919bfb4","Fungi","Basidiomycota","Agaricomycetes","Agaricales",NA,NA,NA
"31055a9bf1946714ee7e27a8e2d97866","Unassigned",NA,NA,NA,NA,NA,NA
"5c22e994e735ef50762e6f59207be6b5","Fungi","Ascomycota","Saccharomycetes","Saccharomycetales","Metschnikowiaceae","Kodamaea","Kodamaea_ohmeri"
"0d25790fc70100dcc8f8a89671131917","Fungi","Ascomycota","Saccharomycetes","Saccharomycetales","Saccharomycetales_fam_Incertae_sedis","Candida","Candida_sp"
"dcd8d093628c6bf2a17f6dfe5156b2da","Unassigned",NA,NA,NA,NA,NA,NA
"9220b7f6444b8f32dc2001712279f5eb","Fungi","Ascomycota","Eurotiomycetes","Onygenales","Onygenaceae","Aphanoascus","Aphanoascus_fulvescens"
"ba1066dafea79b514134baec4e581253","Fungi","Ascomycota","Sordariomycetes","Hypocreales","Nectriaceae","Fusarium",NA
"2b5859af00f2e2b7bd7984ce92529c43","Fungi","Ascomycota","Sordariomycetes","Hypocreales","Sarocladiaceae","Parasarocladium","Parasarocladium_sp"
"86dbaaec17f148be394449bde8c67593","Fungi","Ascomycota","Sordariomycetes","Hypocreales","Stachybotryaceae","Stachybotrys",NA
"ec0c5e231710285baa2ca7a289b13ed2","Unassigned",NA,NA,NA,NA,NA,NA
"d0c33b0f89767b49ea3ac2673609c39e","Fungi","Basidiomycota","Malasseziomycetes","Malasseziales",NA,NA,NA
"9fcc7ebc888713920a2a861c77d320e9","Unassigned",NA,NA,NA,NA,NA,NA
"03a3c3f6d42608717cb6c95de98ec520","Fungi","Basidiomycota","Agaricomycetes","Thelephorales","Thelephoraceae",NA,NA
"e5af7e93220aefc54c4a8186f41dcfe8","Fungi","Basidiomycota","Tremellomycetes","Tremellales","Rhynchogastremaceae","Papiliotrema",NA
"a94ba05774ed0336d7606cfc2dfadd0c","Fungi","Ascomycota","Dothideomycetes","Cladosporiales","Cladosporiaceae","Cladosporium","Cladosporium_sphaerospermum"
"11c0450028b029cab8bf9286338b7ed6","Fungi","Basidiomycota","Tremellomycetes","Trichosporonales","Trichosporonaceae","Cutaneotrichosporon",NA
"fb2a98fe82dc967f79c1a3dad11bb8e7","Fungi","Basidiomycota","Tremellomycetes","Tremellales","Bulleribasidiaceae","Vishniacozyma","Vishniacozyma_sp"
"e9d24f88df2b958cbad6cdfd432949f3","Fungi","Ascomycota","Saccharomycetes","Saccharomycetales","Metschnikowiaceae","Clavispora","Clavispora_lusitaniae"
"f31c071b0c2ce06f7cc57eafee18d49b","Fungi","Basidiomycota","Tremellomycetes","Tremellales","Rhynchogastremaceae","Papiliotrema",NA
"ecb72486569a37ee99c4eff988a34183","Fungi","Basidiomycota","Tremellomycetes","Filobasidiales","Filobasidiaceae","Filobasidium","Filobasidium_magnum"
"3196b99f3c66057c89a7359728fede8f","Fungi","Ascomycota","Sordariomycetes","Xylariales","Diatrypaceae","Eutypella",NA
"88b76b943f37befdcc2f55b0b55b7db8","Unassigned",NA,NA,NA,NA,NA,NA
"c0e435da7bc1d3717b58b4ad7b3c4615","Unassigned",NA,NA,NA,NA,NA,NA
"ebb970b074f1c17dbc1a909247314c8e","Unassigned",NA,NA,NA,NA,NA,NA
"1a786f4be2166ea355557e50076332d0","Fungi","Basidiomycota","Agaricomycetes","Cantharellales",NA,NA,NA
"d678879825f1ad8434788bc5a64e9372","Fungi","Ascomycota","Sordariomycetes","Hypocreales","Stachybotryaceae","Striaticonidium",NA
"2e40fde936a71efafadaae1091091c07","Fungi","Basidiomycota","Malasseziomycetes","Malasseziales","Malasseziaceae","Malassezia",NA
"fce6600d6e999c2d810bb333b1ca624c","Unassigned",NA,NA,NA,NA,NA,NA
"c282c77c2ed0f2f01c9a786149a0e7bd","Unassigned",NA,NA,NA,NA,NA,NA
"56e70c312c335b518e559eda43885d2a","Fungi","Ascomycota","Dothideomycetes","Pleosporales",NA,NA,NA
"ad13254a5efb01386a36e536dd2a1d97","Fungi","Ascomycota","Saccharomycetes","Saccharomycetales","Cephaloascaceae","Cephaloascus","Cephaloascus_fragrans"
"153fdd555cdc520cc9f08c3271c734b4","Fungi","Basidiomycota","Agaricomycetes","Phallales","Phallaceae","Phallus","Phallus_rugulosus"
"330fef7cf8e935defa7f7c24b23047a7","Unassigned",NA,NA,NA,NA,NA,NA
"b542b36e296d78b54ad132e717adcd9b","Fungi","Basidiomycota","Malasseziomycetes","Malasseziales","Malasseziaceae","Malassezia","Malassezia_sp"
"e6e711a7306f87f8854a14b45515b529","Unassigned",NA,NA,NA,NA,NA,NA
"ef1e0a1bfdb0daa7b0d7770f754d6995","Fungi","Basidiomycota","Ustilaginomycetes","Ustilaginales","Ustilaginaceae",NA,NA
"5b7ff6cd199493b1fa0e24e3f73d9a0c","Fungi","Ascomycota","Dothideomycetes","Pleosporales",NA,NA,NA
"a6098a1d4620f42a7e0452dcacfa0d1a","Fungi","Mucoromycota","Mucoromycetes","Mucorales","Mucoraceae","Mucor","Mucor_racemosus"
"0dd7b89cc88f94419efdaa4b8377aa26","Fungi","Ascomycota","Sordariomycetes","Hypocreales",NA,NA,NA
"d56bab0a3d8bc7b203bf32c8ec2e4e8d","Fungi","Ascomycota","Saccharomycetes","Saccharomycetales","Saccharomycetaceae","Nakaseomyces","Nakaseomyces_nivariensis"
"45c4ffbfe718d4bd1f2343e117a46359","Unassigned",NA,NA,NA,NA,NA,NA
"75a4cb4cba8d243bc2f1b261b380fd8d","Fungi",NA,NA,NA,NA,NA,NA
"26de6680481d022ad25fda417b89e40a","Fungi","Ascomycota","Sordariomycetes",NA,NA,NA,NA
"0788842c91d0b132bc360af0c51eb4e8","Fungi","Mucoromycota","Umbelopsidomycetes","Umbelopsidales","Umbelopsidaceae","Umbelopsis","Umbelopsis_sp"
"03417b004f4ed4795d8515661d184113","Fungi","Basidiomycota","Tremellomycetes","Tremellales","Trimorphomycetaceae","Saitozyma",NA
"f0c6aa3ec860144ddd9a8d19bb6f0cc7","Unassigned",NA,NA,NA,NA,NA,NA
"6daf74744f0d53e25acf6e2b715d86e2","Fungi","Ascomycota","Dothideomycetes","Pleosporales","Pyrenochaetopsidaceae","Pyrenochaetopsis","Pyrenochaetopsis_sp"
"ddf595ae89bd621af1ad9f00f0c19f5a","Unassigned",NA,NA,NA,NA,NA,NA
"119c7aee01764df2a10008c3ce151892","Fungi","Basidiomycota","Agaricomycetes","Trechisporales","Hydnodontaceae","Trechispora","Trechispora_sp"
"e5ca94964a4fc2d3487fb2c36ff2a07c","Unassigned",NA,NA,NA,NA,NA,NA
"3001e6583f34cc634f5d073a14f99b55","Fungi","Basidiomycota","Agaricomycetes","Agaricales","Psathyrellaceae","Coprinellus","Coprinellus_disseminatus"
"9dd3f039e16f42c900b40642e3758d2b","Fungi","Ascomycota","Sordariomycetes","Hypocreales","Stachybotryaceae","Albifimbria",NA
"2f03aeb15c96eb63d2e31a9a64a38277","Fungi","Ascomycota","Dothideomycetes","Pleosporales","Pleosporales_fam_Incertae_sedis","Pleosporales_gen_Incertae_sedis","Pleosporales_sp"
"df3ee5bcd2686cbfb6e9df61b4ad1e17","Fungi","Basidiomycota","Agaricomycetes","Boletales","Sclerodermataceae","Scleroderma",NA
"74f9ddbe696b88d5ea6a327519622423","Fungi",NA,NA,NA,NA,NA,NA
"56b9074f11807f97acfb936efa5e1f35","Fungi","Basidiomycota","Tremellomycetes","Tremellales","Bulleribasidiaceae","Vishniacozyma",NA
"e05a102698b266d02fe1f7d86409c3b2","Unassigned",NA,NA,NA,NA,NA,NA
"ea17821cb16dd09743e0f795f1ce7ecd","Fungi","Basidiomycota","Agaricomycetes","Agaricales","Lycoperdaceae","Lycoperdon","Lycoperdon_perlatum"
"409115293951eb8b8acaab267a3dc0cd","Fungi","Ascomycota","Sordariomycetes","Hypocreales","Hypocreales_fam_Incertae_sedis","Hypocreales_gen_Incertae_sedis","Hypocreales_sp"
"aa356b0d5e3a71cb2610c356176fe5fd","Fungi","Ascomycota","Sordariomycetes","Hypocreales","Hypocreaceae","Trichoderma",NA
"52792101dfa3a7260f599142fc0c55b4","Fungi","Ascomycota","Sordariomycetes","Hypocreales","Nectriaceae","Fusarium",NA
"7d3fd9a88d2de81c25fda1b4f8c440bc","Fungi","Ascomycota","Sordariomycetes","Hypocreales",NA,NA,NA
"10ff8891605e83fe43271addb0bbb8eb","Fungi","Ascomycota","Saccharomycetes","Saccharomycetales","Debaryomycetaceae","Kurtzmaniella","Kurtzmaniella_sp"
"331b50cdd175e932a91dc51a5ef484c9","Fungi","Fungi_phy_Incertae_sedis","Fungi_cls_Incertae_sedis","Fungi_ord_Incertae_sedis","Fungi_fam_Incertae_sedis","Fungi_gen_Incertae_sedis","Fungi_sp"
"0f00ad51ec1dc1877deb3ae1afb0ed4a","Unassigned",NA,NA,NA,NA,NA,NA
"cb09fece05dbcfd0bc75f5073b75c902","Fungi",NA,NA,NA,NA,NA,NA
"0b5db2112e8f92efcf1c04d6486396d7","Fungi","Basidiomycota","Agaricomycetes","Agaricales","Lycoperdaceae","Lycoperdon",NA
"a9ac0e97929c6e60ff96a2937f133955","Fungi","Basidiomycota","Cystobasidiomycetes","Buckleyzymales","Buckleyzymaceae","Buckleyzyma",NA
"341fd9e59ac85e474e708f61d49190f5","Unassigned",NA,NA,NA,NA,NA,NA
"e97829b84f54f4eb282da82ae912c92e","Fungi","Basidiomycota","Agaricomycetes","Agaricales","Strophariaceae","Hypholoma","Hypholoma_fasciculare"
"c2fe1c898e895104261543c558190f9f","Unassigned",NA,NA,NA,NA,NA,NA
"c08751a7edcd165eeb1484324b65f024","Unassigned",NA,NA,NA,NA,NA,NA
"c4f0e7afdc78b417e76ddc2392069cb7","Unassigned",NA,NA,NA,NA,NA,NA
"0820d28bf90a1a5a7774865d145715fb","Fungi","Basidiomycota","Microbotryomycetes","Microbotryomycetes_ord_Incertae_sedis","Microbotryomycetes_fam_Incertae_sedis","Curvibasidium",NA
"842313d82afe45c9a0cf90bb07eee095","Unassigned",NA,NA,NA,NA,NA,NA
"0c4169ae41216961f813f26d4eb5bbf0","Fungi","Ascomycota","Dothideomycetes","Cladosporiales","Cladosporiaceae","Toxicocladosporium","Toxicocladosporium_sp"
"571bf57f8656910082e52bb9077587d0","Unassigned",NA,NA,NA,NA,NA,NA
"27860b3d5552fe4be451cda68875c98c","Fungi","Ascomycota","Eurotiomycetes","Eurotiales","Elaphomycetaceae","Elaphomyces",NA
"757a00f5a398c4f193bca5cadfb9bfde","Fungi","Ascomycota","Leotiomycetes","Chaetomellales","Chaetomellaceae","Pilidium","Pilidium_sp"
"2f07bc04181b2720f6ab4c767fdd1398","Unassigned",NA,NA,NA,NA,NA,NA
"9a738d4e8b957fbd5380eaa0cc4c6c30","Fungi","Ascomycota","Dothideomycetes","Pleosporales","Pleosporales_fam_Incertae_sedis","Pleosporales_gen_Incertae_sedis","Pleosporales_sp"
"e9826d04b3d6f47e30149735e33108ec","Fungi","Ascomycota","Eurotiomycetes","Eurotiales","Aspergillaceae","Aspergillus",NA
"cb1aa3c8b1a1b284d1eadfca4c0f9ffa","Unassigned",NA,NA,NA,NA,NA,NA
"584b218fb40ff8ce45df6c1ae2150201","Fungi","Basidiomycota","Tremellomycetes","Tremellales","Bulleribasidiaceae","Hannaella","Hannaella_luteola"
"f07cb62e9babd674590da2f9064a4299","Fungi","Ascomycota","Dothideomycetes","Pleosporales","Phaeosphaeriaceae",NA,NA
"6d54fff93ea01c97ab209af20e0170f9","Unassigned",NA,NA,NA,NA,NA,NA
"f4c3aa72b869b2c6a5eecb42ff60f381","Fungi","Ascomycota","Eurotiomycetes","Eurotiales","Aspergillaceae","Aspergillus",NA
"8f673b245c03f22ffa4a3fe5ec7aa27e","Fungi","Basidiomycota","Microbotryomycetes","Leucosporidiales","Leucosporidiales_fam_Incertae_sedis","Leucosporidiales_gen_Incertae_sedis","Leucosporidiales_sp"
"6dc879ee69a37ef42209e9f013d505f9","Unassigned",NA,NA,NA,NA,NA,NA
"9f66d7138270f8c7b8cbef634b3ab48d","Unassigned",NA,NA,NA,NA,NA,NA
"e6b9ece7d4fa468dbad176de215e1229","Fungi","Ascomycota","Eurotiomycetes","Chaetothyriales","Herpotrichiellaceae","Exophiala","Exophiala_dermatitidis"
"b6e5fe80227ba3331e47c390a32aadc0","Fungi","Ascomycota","Eurotiomycetes","Eurotiales","Trichocomaceae","Thermomyces",NA
"5249068820dd95ef1d3f3a8d4fa87898","Unassigned",NA,NA,NA,NA,NA,NA
"f0aa42891608223cf72c4ecd27686ff4","Fungi","Basidiomycota","Ustilaginomycetes","Ustilaginales",NA,NA,NA
"c0c92845de30d5480ef885edea15c843","Unassigned",NA,NA,NA,NA,NA,NA
"7a1953e956e03377ecf42dbd15355090","Unassigned",NA,NA,NA,NA,NA,NA
"dd0330de5a0cec2e7b773be24f7b0595","Fungi","Basidiomycota","Malasseziomycetes","Malasseziales","Malasseziaceae","Malassezia","Malassezia_pachydermatis"
"a6d1ad24bbfa3605b873b4a70fa12149","Unassigned",NA,NA,NA,NA,NA,NA
"9f7747a6f636f2cab5aa412087c31b3d","Unassigned",NA,NA,NA,NA,NA,NA
"e1f3dfeb5a19fc7d16d78a845379aaed","Fungi","Ascomycota","Sordariomycetes","Hypocreales",NA,NA,NA
"218966248c3ccf50d3dbf9b005f651c1","Unassigned",NA,NA,NA,NA,NA,NA
"4a751d97401455a00252a76784ebadaf","Fungi","Fungi_phy_Incertae_sedis","Fungi_cls_Incertae_sedis","Fungi_ord_Incertae_sedis","Fungi_fam_Incertae_sedis","Fungi_gen_Incertae_sedis","Fungi_sp"
"4108d932bbe936843857d69acd00c3ca","Unassigned",NA,NA,NA,NA,NA,NA
"c783179d6b07c6b1f5e533fc58655e7c","Fungi","Basidiomycota","Microbotryomycetes","Microbotryomycetes_ord_Incertae_sedis",NA,NA,NA
"a4f5a8db1033558a90fc383831384d39","Fungi","Ascomycota","Dothideomycetes","Mycosphaerellales","Mycosphaerellaceae","Cercospora",NA
"3836f77a070878875aeddc8fe5355fbe","Fungi","Basidiomycota","Agaricomycetes",NA,NA,NA,NA
"a249074856c810af9ea2798f122b5ad8","Unassigned",NA,NA,NA,NA,NA,NA
"8eb130abb5bba0f98b2abafdf38300d5","Unassigned",NA,NA,NA,NA,NA,NA
"7c2b33fde46e2bb402a5ad0d895470f7","Fungi","Basidiomycota","Ustilaginomycetes","Ustilaginales","Ustilaginaceae","Moesziomyces",NA
"409e41f9d6ddf243a70973a27b77ba36","Fungi","Ascomycota","Eurotiomycetes","Eurotiales","Aspergillaceae","Aspergillus",NA
"b7baf4041a468b755e6e3e8819012f61","Unassigned",NA,NA,NA,NA,NA,NA
"4a8833489202b042fdfa1584ea16a4e3","Fungi","Basidiomycota","Agaricomycetes","Agaricales","Strophariaceae","Hypholoma","Hypholoma_sublateritium"
"ab5ab934a5cd534eb561dca02b4691f6","Unassigned",NA,NA,NA,NA,NA,NA
"9ca425603320f345dcb4b944c4445876","Fungi","Ascomycota","Dothideomycetes","Pleosporales","Pleosporaceae","Alternaria",NA
"48957680e4a6582c03c33ba97cf7aab0","Unassigned",NA,NA,NA,NA,NA,NA
"87460b140ce159aabcdc7f6dee752ea5","Fungi","Ascomycota","Eurotiomycetes","Eurotiales","Trichocomaceae","Talaromyces",NA
"6bd2f857b53d628f5d5551ac1a104616","Unassigned",NA,NA,NA,NA,NA,NA
"9fdb63fe4391a62b614e4f05ba1aa02f","Unassigned",NA,NA,NA,NA,NA,NA
"a93679c91793553e45ba92dd2d6ea971","Fungi","Basidiomycota","Agaricomycetes","Agaricales","Crepidotaceae","Simocybe","Simocybe_sp"
"a98da5b1482008c4f9a608f4221ae90e","Unassigned",NA,NA,NA,NA,NA,NA
"fcc4e7cab77df5ca264fa3529566e161","Fungi","Ascomycota","Sordariomycetes","Sordariales","Chaetomiaceae","Chaetomium","Chaetomium_globosum"
"9f7fe08567681ef5c7b375bee1ab2370","Fungi","Ascomycota","Dothideomycetes","Mycosphaerellales","Teratosphaeriaceae","Pseudotaeniolina",NA
"f22748e39989fe7986d295f6b999ece5","Unassigned",NA,NA,NA,NA,NA,NA
"c3bf1f895a5ebe9d6ae1632b0e8d0c59","Fungi","Ascomycota","Leotiomycetes","Helotiales",NA,NA,NA
"cc457483ef003f280535d45bf9eaadc2","Fungi","Ascomycota","Dothideomycetes","Dothideales",NA,NA,NA
"698dc5f9ede2505ec598400a30e165d7","Fungi","Ascomycota","Sordariomycetes","Microascales","Microascaceae","Cephalotrichum",NA
"e330f78c5acc4e07c69561565a7b1ec0","Unassigned",NA,NA,NA,NA,NA,NA
"ac9b2570c0a72abc7c303b448ad855ce","Unassigned",NA,NA,NA,NA,NA,NA
"b9eacc771761083ed1fc974952598ada","Fungi","Fungi_phy_Incertae_sedis","Fungi_cls_Incertae_sedis","Fungi_ord_Incertae_sedis","Fungi_fam_Incertae_sedis","Fungi_gen_Incertae_sedis","Fungi_sp"
"ad22efc1874fc607ff163bfad76e9b41","Unassigned",NA,NA,NA,NA,NA,NA
"b7fb0ed299339df459da07df2625e110","Fungi","Basidiomycota","Agaricomycetes","Agaricales","Psathyrellaceae","Coprinellus","Coprinellus_micaceus"
"21c069be9533941794ec3b63bc4bb57d","Fungi","Basidiomycota","Cystobasidiomycetes","Cystobasidiales","Cystobasidiaceae","Cystobasidium","Cystobasidium_slooffiae"
"6a6d4104a09c8259d2439bdb4b9f3cb6","Fungi","Basidiomycota","Agaricomycetes","Boletales","Tapinellaceae","Tapinella","Tapinella_atrotomentosa"
"abdc5b907c91dc39bcde65634402b06f","Fungi","Ascomycota","Leotiomycetes","Helotiales","Myxotrichaceae","Myxotrichum","Myxotrichum_deflexum"
"fabe0f7d31bebce195bf31d0fb7a7122","Unassigned",NA,NA,NA,NA,NA,NA
"3d8e6e2efbcc4f26c65dc63d7d7c3843","Unassigned",NA,NA,NA,NA,NA,NA
"4a3d2cdf183b89c88ac6ac908c0b30dc","Unassigned",NA,NA,NA,NA,NA,NA
"79fce0ed7d7707417feb07da65587512","Unassigned",NA,NA,NA,NA,NA,NA
"9be0b48d4a77b23b658189b5c05ab9af","Fungi","Basidiomycota","Tritirachiomycetes","Tritirachiales","Tritirachiaceae","Tritirachium","Tritirachium_oryzae"
"34ae169c1dabbc78b18f29c7f106be1e","Unassigned",NA,NA,NA,NA,NA,NA
"93ed751c93e18788efc0f51918e6838f","Unassigned",NA,NA,NA,NA,NA,NA
"f68e44beceeba7f2a31f6e3ca669fb6a","Fungi","Ascomycota","Sordariomycetes","Sordariomycetes_ord_Incertae_sedis","Sordariomycetes_fam_Incertae_sedis","Sordariomycetes_gen_Incertae_sedis","Sordariomycetes_sp"
"f9aeea29bd100308374a202c6466e82a","Unassigned",NA,NA,NA,NA,NA,NA
"8c71dac4e78a41fa57217538ba4d62fb","Unassigned",NA,NA,NA,NA,NA,NA
"ebd1cd45ac4030308a98ff3420ab1e39","Fungi","Ascomycota","Sordariomycetes","Hypocreales","Nectriaceae","Fusarium","Fusarium_brachygibbosum"
"905342cc6832e5c164564f5a78932da8","Unassigned",NA,NA,NA,NA,NA,NA
"ce4ca6ba64f2256ef2d4574d18e71e32","Fungi","Basidiomycota","Agaricomycetes","Hymenochaetales","Hymenochaetales_fam_Incertae_sedis",NA,NA
"5a638bf9b2a296462b8b18793613015c","Fungi","Basidiomycota","Cystobasidiomycetes","Cystobasidiales","Cystobasidiaceae","Cystobasidium","Cystobasidium_minutum"
"56237a3544ee9f04792f2b7cf2f6a9ff","Unassigned",NA,NA,NA,NA,NA,NA
"f3843da599bbb5bac262495bf078c505","Fungi","Basidiomycota","Microbotryomycetes","Sporidiobolales","Sporidiobolaceae","Rhodotorula",NA
"c540ed49392844a6debfd31450d3bcb5","Fungi",NA,NA,NA,NA,NA,NA
"650c39a0e96b069efa19ac9aa93c6e0c","Fungi","Ascomycota","Eurotiomycetes","Eurotiales","Trichocomaceae","Talaromyces",NA
"505720abb762d20249a1516a1877bea9","Unassigned",NA,NA,NA,NA,NA,NA
"77f65b2872c152490bfedf7cf094c2b0","Unassigned",NA,NA,NA,NA,NA,NA
"6a2421c2efedb75f4a3e5caa40bd330a","Fungi","Basidiomycota","Cystobasidiomycetes","Sakaguchiales","Sakaguchiaceae","Sakaguchia",NA
"95211b2da2a590e85261d267fdd7e07a","Unassigned",NA,NA,NA,NA,NA,NA
"21874f9b10341b778ec341b939edb24c","Unassigned",NA,NA,NA,NA,NA,NA
"3febb3b3f4d41b07f9b356233c597c7c","Fungi","Ascomycota","Eurotiomycetes","Eurotiales","Trichocomaceae","Talaromyces","Talaromyces_sp"
"90fe62dffd19789a0b6b50e8936b4227","Unassigned",NA,NA,NA,NA,NA,NA
"d5026facbf3e3ea01d3bdba0fb43a605","Fungi","Mucoromycota","Mucoromycetes","Mucorales","Mucoraceae","Mucor",NA
"239d0c5118957643dbf137539536cc90","Unassigned",NA,NA,NA,NA,NA,NA
"33084ba6a69b0a2f040d95f32f8b2fb0","Fungi","Mucoromycota","Mucoromycetes","Mucorales","Mucoraceae","Mucor",NA
"a23fc0eef2afe7b7213fef2b915011a3","Unassigned",NA,NA,NA,NA,NA,NA
"607b7d425a42168433468cf01a8bf3fe","Unassigned",NA,NA,NA,NA,NA,NA
"e2bde2fcff19939da2ba021dc0d214b1","Unassigned",NA,NA,NA,NA,NA,NA
"50cf6d5546f688d709593f8af295f1a1","Fungi","Basidiomycota","Agaricomycetes","Polyporales","Irpicaceae",NA,NA
"d8a361a52a85acdd1e5ab2f2b3708276","Unassigned",NA,NA,NA,NA,NA,NA
"e14352780b2961911922f8b1e12a4bbe","Fungi","Ascomycota","Eurotiomycetes","Eurotiales","Aspergillaceae",NA,NA
"d9b46b7faff88549eed15e69aff22ef9","Unassigned",NA,NA,NA,NA,NA,NA
"f3e21d31e7be1a6132b13df96d8041a2","Fungi","Basidiomycota","Agaricomycetes","Russulales","Stereaceae",NA,NA
"b39c832d77047431442fea360c2452d4","Unassigned",NA,NA,NA,NA,NA,NA
"60e897e114b2aac402fdcb02cb555ce3","Unassigned",NA,NA,NA,NA,NA,NA
"b0624878743ea787fe1ebb199bd04dee","Fungi","Ascomycota","Sordariomycetes",NA,NA,NA,NA
"7723712189ffab5fb206a8508f809b48","Unassigned",NA,NA,NA,NA,NA,NA
"abdf3c64ede53bb889eab5b108a4dfe9","Fungi","Basidiomycota","Agaricomycetes","Boletales","Boletaceae","Xerocomus","Xerocomus_illudens"
"eceef581fe08b4275ee8be9fd6522565","Unassigned",NA,NA,NA,NA,NA,NA
"d4d395da83083a287d2a9a00667e7496","Fungi","Ascomycota",NA,NA,NA,NA,NA
"449854fa2efb2b5dcceeccc81ebe2f42","Fungi","Basidiomycota","Cystobasidiomycetes","Cystobasidiales","Cystobasidiaceae","Cystobasidium",NA
"0fbe24b8225e5cd99db977458f3ddaf6","Unassigned",NA,NA,NA,NA,NA,NA
"1aff9c218b56afb5dc6d19bbcfac42a1","Unassigned",NA,NA,NA,NA,NA,NA
"5e122968254f8fc71d0b4a74fe25b9b8","Unassigned",NA,NA,NA,NA,NA,NA
"6d0cf60ca05e2d1df583390c796d2527","Unassigned",NA,NA,NA,NA,NA,NA
"087a4197343baa2a3484ff63824c4f93","Fungi","Ascomycota","Dothideomycetes","Pleosporales","Teichosporaceae","Teichospora",NA
"5198dbf9e62fff9a4edb9473fa8cb80b","Fungi","Basidiomycota","Microbotryomycetes","Microbotryales","Microbotryaceae","Microbotryum","Microbotryum_anomalum"
"03fa1e2c2be91d669098af8315490d9c","Unassigned",NA,NA,NA,NA,NA,NA
"2d2e17ae5815fb802075b0813d860310","Unassigned",NA,NA,NA,NA,NA,NA
"90339816cf2a789779a25ae7b2372b79","Fungi","Basidiomycota","Agaricomycetes","Polyporales",NA,NA,NA
"aafb13874d55d4688671d66ed6267cc4","Fungi","Ascomycota","Dothideomycetes","Venturiales","Sympoventuriaceae",NA,NA
"4d57f93167bb0de77eea3989ad6635c0","Unassigned",NA,NA,NA,NA,NA,NA
"54b3c7df0a7cedf92464548c2ff546c2","Unassigned",NA,NA,NA,NA,NA,NA
"62105309ac5ff93bbd4fbea8521fcb4d","Fungi","Ascomycota","Leotiomycetes","Helotiales",NA,NA,NA
"2cd3f8c7ca63f7b56a84801ca6f8a78a","Unassigned",NA,NA,NA,NA,NA,NA
"2720dd9e2c1828461f60776a6baf4c08","Fungi","Ascomycota","Eurotiomycetes","Eurotiales","Trichocomaceae","Sagenomella",NA
"771bc381fcfa91e181a317524dcba008","Fungi","Ascomycota","Saccharomycetes","Saccharomycetales","Phaffomycetaceae","Wickerhamomyces","Wickerhamomyces_anomalus"
"2c4f5f32a5646a9bf853e3a782a38ba5","Fungi",NA,NA,NA,NA,NA,NA
"5102cc7cc006729666e00cbd643b3cb4","Unassigned",NA,NA,NA,NA,NA,NA
"0405799836bf8e33dda842408cfe3c64","Unassigned",NA,NA,NA,NA,NA,NA
"bbd36f6caeddc0c6f9b7d6864bd582bb","Unassigned",NA,NA,NA,NA,NA,NA
"5950ea8f87abb1a6160af50088ea4784","Unassigned",NA,NA,NA,NA,NA,NA
"5b7d80c48406f345fcda34ced23d0ae8","Unassigned",NA,NA,NA,NA,NA,NA
"737ef3c762ea925a6713356d8e6d8a92","Fungi","Basidiomycota","Agaricomycetes","Polyporales","Polyporaceae","Yuchengia","Yuchengia_narymica"
"cc75a0ac92490d4f5cbffa90f86f64aa","Unassigned",NA,NA,NA,NA,NA,NA
"99b50792867d29524c3ade34a2fec481","Unassigned",NA,NA,NA,NA,NA,NA
"8b3d704c3529ebaa866cba58fb360c19","Unassigned",NA,NA,NA,NA,NA,NA
"8c719c2b38c948413c5e2938b63c70b2","Unassigned",NA,NA,NA,NA,NA,NA
"576828b6f4664c072e0790960a77a9ab","Unassigned",NA,NA,NA,NA,NA,NA
"4fff02e46d353ff68fb7d48c7ea3cfa5","Fungi","Basidiomycota","Agaricomycetes","Polyporales","Polyporaceae",NA,NA
"a9a62b7d07d0e49a0dfd1e46a9a2d1a5","Fungi","Basidiomycota","Tremellomycetes","Tremellales","Rhynchogastremaceae","Papiliotrema",NA
"7a8c4e17f9d7980f95598b1eca9644e4","Unassigned",NA,NA,NA,NA,NA,NA
"3b52bcada873215bb91777070bd2477c","Fungi","Basidiomycota","Microbotryomycetes","Sporidiobolales","Sporidiobolaceae","Rhodotorula","Rhodotorula_sp"
"48eeb44af8fce4b1957da742acd416f9","Unassigned",NA,NA,NA,NA,NA,NA
"e2747ca8f51b7bc04b6a165c9e56a409","Unassigned",NA,NA,NA,NA,NA,NA
"59e0854a425bb3bf89eb57ac69244316","Unassigned",NA,NA,NA,NA,NA,NA
"795a09c3f16d4446e11ea3a44390e2ae","Fungi","Ascomycota","Dothideomycetes","Pleosporales","Didymosphaeriaceae","Neptunomyces","Neptunomyces_sp"
"8b51bd7a46bf1a9250d8ade6dff6df36","Unassigned",NA,NA,NA,NA,NA,NA
"fc4b4da54910b615b7333ce810acec38","Unassigned",NA,NA,NA,NA,NA,NA
"7672bdf696d47cf87989149543d5b73b","Unassigned",NA,NA,NA,NA,NA,NA
"d52e05b2afc8518f380e064548b52d9b","Unassigned",NA,NA,NA,NA,NA,NA
"d60abe1b812b8151ee228c47ee297dcf","Unassigned",NA,NA,NA,NA,NA,NA
"5f8d9ab7a9b1f8277ad7471746a40c2b","Unassigned",NA,NA,NA,NA,NA,NA
"718befec6f14afbb7699c40710892981","Unassigned",NA,NA,NA,NA,NA,NA
"b3cadb6a75c9b6adb8ae442474b7e24b","Fungi","Basidiomycota","Tremellomycetes","Tremellales","Rhynchogastremaceae","Papiliotrema","Papiliotrema_sp"
"0e7b1213a9907106317a33cff9579c05","Unassigned",NA,NA,NA,NA,NA,NA
"10ed1b86d0ea3e2e13df1d594fd6e180","Fungi","Ascomycota","Eurotiomycetes","Chaetothyriales","Herpotrichiellaceae","Rhinocladiella","Rhinocladiella_similis"
"59b2c0aa6e95358386dcb66c4f0a6bcf","Unassigned",NA,NA,NA,NA,NA,NA
"6f69c7d5c4e51064ddf055a18be9f701","Unassigned",NA,NA,NA,NA,NA,NA
"6f361368154eb7755ab4590b34318e54","Fungi","Ascomycota","Dothideomycetes","Botryosphaeriales","Botryosphaeriaceae","Neoscytalidium",NA
"124ce2a4247f71e594f6e9929b9ac6e9","Unassigned",NA,NA,NA,NA,NA,NA
"d094e5b49f8c1f016f46909d21c3fb6c","Unassigned",NA,NA,NA,NA,NA,NA
"c539c5ddf7afb169645082e20dee966e","Unassigned",NA,NA,NA,NA,NA,NA
"e871ae64bcf780fd3c8dba3b7eeba8c1","Fungi","Basidiomycota","Malasseziomycetes","Malasseziales","Malasseziaceae","Malassezia","Malassezia_furfur"
"953f920a253928e94139ed3b36228cad","Unassigned",NA,NA,NA,NA,NA,NA
"7005fbb5cc5852dca422e94456166278","Unassigned",NA,NA,NA,NA,NA,NA
"f685b1b6336a929baee1e53d2254c689","Unassigned",NA,NA,NA,NA,NA,NA
"73b5464d12803122c0ea4d03cb2ad4b5","Unassigned",NA,NA,NA,NA,NA,NA
"5b7b851542b767f8adad12391d7a50cd","Unassigned",NA,NA,NA,NA,NA,NA
"4a59c7495f267a7bbe78c87d1808fa88","Unassigned",NA,NA,NA,NA,NA,NA
"d01adf3153de726454c67ec7297f6199","Unassigned",NA,NA,NA,NA,NA,NA
"24e0f0fd44d7f66d8081bda21f598410","Unassigned",NA,NA,NA,NA,NA,NA
"05c56adbf8d4ec4f0d1b484a4741027f","Fungi","Basidiomycota","Agaricomycetes","Agaricales","Hymenogastraceae","Psilocybe","Psilocybe_sp"
"fbe38fb5318f4d4d66452b11729b5d12","Unassigned",NA,NA,NA,NA,NA,NA
"ed303973ef63e21cb38ab38db5b0ff3d","Unassigned",NA,NA,NA,NA,NA,NA
"16b73a6b58a2f550407c09b01903ad79","Unassigned",NA,NA,NA,NA,NA,NA
"f503cbd4e9bf97e54f94a3e9211d9cd3","Unassigned",NA,NA,NA,NA,NA,NA
"ca30785605f4484575860edfb3f5be2d","Unassigned",NA,NA,NA,NA,NA,NA
"172c0cb37ea56600fece3c965d4bff19","Unassigned",NA,NA,NA,NA,NA,NA
"5c08577760020330d0149d57a7368800","Fungi",NA,NA,NA,NA,NA,NA
"a434f2e4c71e66d9712463ba7b73716b","Unassigned",NA,NA,NA,NA,NA,NA
"9494b11776d4c10f6fe7a28fd7dd7110","Unassigned",NA,NA,NA,NA,NA,NA
"780c775476f620fb070f210ceda73536","Unassigned",NA,NA,NA,NA,NA,NA
"15c4048d6329351baa3a2a91dd9c457b","Fungi","Basidiomycota","Tremellomycetes","Cystofilobasidiales","Cystofilobasidiaceae","Cystofilobasidium","Cystofilobasidium_sp"
"6c8b301aa12efd19b5a50bfacc388446","Unassigned",NA,NA,NA,NA,NA,NA
"ff195721e9b64e60e76f7bdedb3aca00","Fungi","Basidiomycota","Pucciniomycetes","Pucciniales","Pucciniaceae","Puccinia","Puccinia_sp"
"3cc2515b7055a43a05e1639cd95c8727","Unassigned",NA,NA,NA,NA,NA,NA
"1b79d6d648c768aae9c9fc77a75fcd15","Unassigned",NA,NA,NA,NA,NA,NA
"8ff635d069738908c20c5a15ae71b7fb","Unassigned",NA,NA,NA,NA,NA,NA
"f03109efb2a5aa4d83084de209976684","Unassigned",NA,NA,NA,NA,NA,NA
"e797c1cb990d66624992f8587c346b5e","Fungi","Ascomycota","Leotiomycetes","Helotiales","Hyaloscyphaceae","Meliniomyces","Meliniomyces_sp"
"6253a773813b6a118c196fc2a665dd73","Unassigned",NA,NA,NA,NA,NA,NA
"ba2b2b4cbcf464109f616c96efae8561","Fungi",NA,NA,NA,NA,NA,NA
"bee8fc1e79c33c665398f3025d906c69","Unassigned",NA,NA,NA,NA,NA,NA
"3a9bb3c29dcf19958a295fabaa049985","Unassigned",NA,NA,NA,NA,NA,NA
"a1cd1dd35b905a4def393329344302be","Unassigned",NA,NA,NA,NA,NA,NA
"887f83572ff00b46a4d32e337e49b9f4","Unassigned",NA,NA,NA,NA,NA,NA
"41b0a88f3cd67711a5a5164d30afaddc","Unassigned",NA,NA,NA,NA,NA,NA
"6c9a57209fc1a3f29634f2b60f7c51a4","Unassigned",NA,NA,NA,NA,NA,NA
"e04ce2328c685c766500dd665d6230a3","Unassigned",NA,NA,NA,NA,NA,NA
"059250e877135d63060697d6630fe1f2","Unassigned",NA,NA,NA,NA,NA,NA
"c333abe68a4f6df61ac04639a4a7505b","Unassigned",NA,NA,NA,NA,NA,NA
"b4c924e0888f2c73069315461572bd87","Unassigned",NA,NA,NA,NA,NA,NA
"7fe70c8d739a9e156a984ab53bd7fc95","Unassigned",NA,NA,NA,NA,NA,NA
"71da24f0e5389d607ad9cd08021de5a1","Unassigned",NA,NA,NA,NA,NA,NA
"e0934098f09f2590f473a9ef6ccc8c68","Fungi","Basidiomycota","Agaricomycetes","Agaricales",NA,NA,NA
"aa8ac7477ff35cabff50cafd4948ba9b","Fungi","Ascomycota","Sordariomycetes","Microascales","Microascaceae","Acaulium",NA
"59c00d578ae102f6773d3508b66aba0a","Unassigned",NA,NA,NA,NA,NA,NA
"234437778e0ef56bee60c36ab1c3c8b9","Unassigned",NA,NA,NA,NA,NA,NA
"95035fe59197d87444e873792e523d89","Unassigned",NA,NA,NA,NA,NA,NA
"228e7a40864879f5615b9fd5c2070c6d","Unassigned",NA,NA,NA,NA,NA,NA
"c60b75b38886e13f5b4640fefc651eb1","Fungi","Ascomycota","Sordariomycetes","Hypocreales","Nectriaceae",NA,NA
"78a103cf11c9aa03d58c3844de80e74f","Unassigned",NA,NA,NA,NA,NA,NA
"db99c55e196cebc1dd82067e30a9852e","Fungi","Basidiomycota","Tremellomycetes","Trichosporonales","Trichosporonaceae","Apiotrichum",NA
"b4ece302ef198b5dfb1b8db1af8e9959","Unassigned",NA,NA,NA,NA,NA,NA
"ce92a9093e657a726ab2988580e92df8","Fungi","Basidiomycota","Agaricomycetes","Polyporales","Ganodermataceae","Ganoderma",NA
"76deebf2e426df879a564d10f1e44c1e","Fungi","Basidiomycota","Cystobasidiomycetes","Cystobasidiales","Cystobasidiaceae","Occultifur","Occultifur_sp"
"416b4d908e10a95d010f685c8f3270c7","Fungi","Basidiomycota","Tremellomycetes","Tremellomycetes_ord_Incertae_sedis","Tremellomycetes_fam_Incertae_sedis","Tremellomycetes_gen_Incertae_sedis","Tremellomycetes_sp"
"893e1f068b3794784fd416f380806b5f","Fungi","Ascomycota","Sordariomycetes","Hypocreales","Clavicipitaceae","Subuliphorum","Subuliphorum_sp"
"079f465c42a63ef5236383c057e6487e","Fungi","Ascomycota","Eurotiomycetes","Eurotiales","Aspergillaceae","Aspergillus",NA
"e7a5801952176a8104357500169a73e4","Unassigned",NA,NA,NA,NA,NA,NA
"87e2c2b38d8e7eb152f5f975fe6fd079","Fungi","Basidiomycota","Malasseziomycetes","Malasseziales","Malasseziaceae","Malassezia","Malassezia_sp"
"255231b754638c609b30a60c0cccdb01","Fungi","Basidiomycota","Tremellomycetes","Tremellales","Bulleraceae","Bullera",NA
"bd83b5f3adb6c93efea338651f749ca6","Unassigned",NA,NA,NA,NA,NA,NA
"879c7c9d6a7ebe3dd78c4771f0e5291f","Unassigned",NA,NA,NA,NA,NA,NA
"6981ab03032c79fe9fd9cfa55e600524","Unassigned",NA,NA,NA,NA,NA,NA
"b9bf174f49be45bdb0c9c98172c9687a","Unassigned",NA,NA,NA,NA,NA,NA
"d9a842058376e4513a1de2defb32ab7b","Unassigned",NA,NA,NA,NA,NA,NA
"4e70b8b721b10e6334fda657ecbe2654","Unassigned",NA,NA,NA,NA,NA,NA
"e3e6277525c1892898d4487d567d88fe","Unassigned",NA,NA,NA,NA,NA,NA
"f13d1c049220ddc04ff3a3faa3f4c313","Unassigned",NA,NA,NA,NA,NA,NA
"bff319a54c349335ef5d49cfd3c075fc","Fungi","Ascomycota","Dothideomycetes","Pleosporales","Didymellaceae","Boeremia",NA
"e96a29ef0ea25158d971b1a87e3cbf91","Fungi","Basidiomycota","Agaricomycetes","Cantharellales","Hydnaceae","Sistotrema","Sistotrema_brinkmannii"
"b6dc3bafc8325403127473fc18b77343","Unassigned",NA,NA,NA,NA,NA,NA
"02ef2bdf9bf4afdd3a232c237e754299","Fungi","Mortierellomycota","Mortierellomycetes","Mortierellales","Mortierellaceae","Mortierella","Mortierella_sp"
"26a481f12b49842888dab37bfc9b5ee7","Unassigned",NA,NA,NA,NA,NA,NA
"2cf00beb98192d00f7f665e702b62534","Unassigned",NA,NA,NA,NA,NA,NA
"509e26472057dd54fef5c2fed2eae810","Unassigned",NA,NA,NA,NA,NA,NA
"190f9fa3e31bc3eb9eab01900c5b4e56","Fungi","Ascomycota","Sordariomycetes","Microascales","Microascaceae","Petriella","Petriella_sordida"
"d7267e87f23c3c5c057f3704324f2e6b","Unassigned",NA,NA,NA,NA,NA,NA
"b15fc19e354180702c35c32ffd94e95f","Unassigned",NA,NA,NA,NA,NA,NA
"d6a75e1a23e4f2e6263771521e8134b4","Unassigned",NA,NA,NA,NA,NA,NA
"8d9325fb7ffc93c6efed9ebf389ed89e","Unassigned",NA,NA,NA,NA,NA,NA
"418a2965e3c352a970d15ec80dac6ebb","Unassigned",NA,NA,NA,NA,NA,NA
"926f45e709a03e3bb889861caa5592e1","Unassigned",NA,NA,NA,NA,NA,NA
"bd4156447f777a8d3db87faf8ad6c05e","Unassigned",NA,NA,NA,NA,NA,NA
"08e79f71a254e664efb9085e03f29b40","Fungi","Ascomycota","Sordariomycetes","Hypocreales","Cordycipitaceae","Beauveria","Beauveria_bassiana"
"db387964ffca6af390bfada9cc6aed7b","Unassigned",NA,NA,NA,NA,NA,NA
"99b3644b87d87383124a231a31bf32e5","Unassigned",NA,NA,NA,NA,NA,NA
"bbf4f4ccd6a0a23b16c0cb370ef0c0be","Unassigned",NA,NA,NA,NA,NA,NA
"ff2aae166ef1f4dd130349f3877cd8ba","Unassigned",NA,NA,NA,NA,NA,NA
"52ae77816a36a74a9c1874ed6640b717","Fungi","Ascomycota","Dothideomycetes","Gloniales","Gloniaceae","Cenococcum","Cenococcum_geophilum"
"2f0698d7cf2251342031f59d572849f6","Unassigned",NA,NA,NA,NA,NA,NA
"6a37731b68e5c216ce1064fd5f8390e7","Unassigned",NA,NA,NA,NA,NA,NA
"26060d789b938525ad0c87e1a5072836","Unassigned",NA,NA,NA,NA,NA,NA
"06526d0c93976d9ab1dba99ce8942c94","Unassigned",NA,NA,NA,NA,NA,NA
"1cc84394695806ed725e5c6ddad3564d","Unassigned",NA,NA,NA,NA,NA,NA
"01a82e7f84c6ce514d757c19fe2ebdb0","Unassigned",NA,NA,NA,NA,NA,NA
"4670307fea412a7c641e762d5904105e","Unassigned",NA,NA,NA,NA,NA,NA
"9cc476543bf84f6f22ed8c0ae6990455","Fungi","Ascomycota","Eurotiomycetes","Eurotiales","Trichocomaceae","Talaromyces",NA
"526b2ce2cb1f35878212a8f36486924b","Unassigned",NA,NA,NA,NA,NA,NA
"4bf845275c97838563d018714746d540","Fungi","Ascomycota","Saccharomycetes","Saccharomycetales","Saccharomycetaceae","Kazachstania","Kazachstania_servazzii"
"e6a5fda6ad708d7b80295fd35579d66e","Unassigned",NA,NA,NA,NA,NA,NA
"c3ff0e3a56bb1d67820f594949a784c6","Fungi","Ascomycota",NA,NA,NA,NA,NA
"9816a8218bea0b20f2a563fcacaaee94","Fungi","Ascomycota","Dothideomycetes","Pleosporales",NA,NA,NA
"57c73feddb743d4a230c015f00156599","Unassigned",NA,NA,NA,NA,NA,NA
"af9aa11070ee76435a12fac6549a5576","Unassigned",NA,NA,NA,NA,NA,NA
"179c67b6fbbc15029e4a13ab919e7856","Fungi","Ascomycota","Dothideomycetes","Pleosporales","Teichosporaceae",NA,NA
"ba787375afd4e8cf12b7fdec620415fe","Fungi",NA,NA,NA,NA,NA,NA
"ccbd0efd3d84b9233615271496faf77f","Fungi","Basidiomycota","Agaricomycetes","Polyporales","Steccherinaceae","Antrodiella",NA
"6c3e359532b57a44e562b09fb3fef039","Unassigned",NA,NA,NA,NA,NA,NA
"e8bafbcbc7856f84092a7e8b164fc6e7","Unassigned",NA,NA,NA,NA,NA,NA
"6c1c9d1e92b43cf4e54c083ec3a15f37","Fungi","Basidiomycota","Agaricomycetes","Agaricales",NA,NA,NA
"e36460730d2d098437b387252b1c3fe8","Fungi","Ascomycota","Saccharomycetes","Saccharomycetales","Saccharomycetaceae","Nakaseomyces","Nakaseomyces_bracarensis"
"d6bd42501c632e67c51a194ac90ee101","Unassigned",NA,NA,NA,NA,NA,NA
"bcdb4a0a8648411b312e307989d7bd45","Unassigned",NA,NA,NA,NA,NA,NA
"6475f04da4a6534b99cf862e0ccde590","Unassigned",NA,NA,NA,NA,NA,NA
"d489c7b09dd4a5aa73f58fc05a387686","Unassigned",NA,NA,NA,NA,NA,NA
"c9b4bb3061b9eed376804202c1419528","Fungi","Fungi_phy_Incertae_sedis","Fungi_cls_Incertae_sedis","Fungi_ord_Incertae_sedis","Fungi_fam_Incertae_sedis","Fungi_gen_Incertae_sedis","Fungi_sp"
"c2d78c979835206ae5fd4a0a98ccd1cf","Unassigned",NA,NA,NA,NA,NA,NA
"4d5ecbd1d3f081dee55cc6177c262703","Unassigned",NA,NA,NA,NA,NA,NA
"d7718202c04ffb5902e5acddbba0dec1","Fungi","Ascomycota","Dothideomycetes","Pleosporales","Pleosporaceae",NA,NA
"a6291129f6def34bcd7864ddf90bf88b","Unassigned",NA,NA,NA,NA,NA,NA
"4cf2652e8bcfc7ffea06de1cdedac2c1","Unassigned",NA,NA,NA,NA,NA,NA
"132289acb477a138f01e40cac8162114","Unassigned",NA,NA,NA,NA,NA,NA
"783c440c348927858cffd017b6729243","Unassigned",NA,NA,NA,NA,NA,NA
"a697b51f1de7a0b7c7d25bf365222eaa","Fungi",NA,NA,NA,NA,NA,NA
"d615189163c22a646b8d31ee6f03919f","Unassigned",NA,NA,NA,NA,NA,NA
"07b5eda76bd6a36bdf23ec8cdea4b7e7","Unassigned",NA,NA,NA,NA,NA,NA
"3e8ef2f7f2a78b58a20af35e96091f66","Unassigned",NA,NA,NA,NA,NA,NA
"ae2ce75dc13b17e9568553cfec313c51","Fungi","Ascomycota","Dothideomycetes","Coniosporiales","Coniosporiaceae","Coniosporium","Coniosporium_sp"
"d600b7bec6ac55366995a3fc654d067b","Unassigned",NA,NA,NA,NA,NA,NA
"9201ca5a3c0d63095c77b1c5722f66b0","Unassigned",NA,NA,NA,NA,NA,NA
"e4225a30b0480f5caa31c24099a961de","Fungi","Basidiomycota","Tremellomycetes","Cystofilobasidiales","Cystofilobasidiaceae","Cystofilobasidium","Cystofilobasidium_infirmominiatum"
"21e1623fb9bd59c761769b83991d11fa","Unassigned",NA,NA,NA,NA,NA,NA
"36e166f3ceeb9de6c8d9bd9f17f2991c","Unassigned",NA,NA,NA,NA,NA,NA
"79b20a246239599acbb8bb92f58f4a51","Fungi","Ascomycota","Dothideomycetes","Pleosporales",NA,NA,NA
"405ed0cae11fda08cde9361d760e1f24","Fungi","Ascomycota","Sordariomycetes","Hypocreales","Clavicipitaceae","Metarhizium",NA
"6d42059125ff40f6a722c21b1c577a07","Unassigned",NA,NA,NA,NA,NA,NA
"5bc8e7f631a05a12a54a729f2a89d814","Fungi","Ascomycota","Sordariomycetes","Amphisphaeriales","Sporocadaceae","Pestalotiopsis","Pestalotiopsis_sp"
"5835386966c5d02c9a7e8dc1dd2bd5e0","Fungi","Ascomycota","Sordariomycetes","Hypocreales","Stachybotryaceae","Paramyrothecium",NA
"72e66016378e33b7330575cd08bc7706","Unassigned",NA,NA,NA,NA,NA,NA
"882224a64832094d964c8ead408dc12d","Unassigned",NA,NA,NA,NA,NA,NA
"223bc19b5ab3b973b511b5d4a5cb5f59","Unassigned",NA,NA,NA,NA,NA,NA
"8f93680015122b05041aee48b492fcec","Fungi","Ascomycota","Eurotiomycetes","Chaetothyriales","Herpotrichiellaceae","Cladophialophora","Cladophialophora_sp"
"5b3777a54a2318c9edbee274b2bc0871","Unassigned",NA,NA,NA,NA,NA,NA
"736198903b893472fa75855f6d90ed2d","Unassigned",NA,NA,NA,NA,NA,NA
"33db160a506fac3ac876317f2e1f9940","Unassigned",NA,NA,NA,NA,NA,NA
"c81d4b56888f01ed8d863baa82cdf748","Unassigned",NA,NA,NA,NA,NA,NA
"fc297f5abb64c37b94c6f63276e67094","Unassigned",NA,NA,NA,NA,NA,NA
"c84dc163b87f7d1e54e3fb313b9d6ea7","Unassigned",NA,NA,NA,NA,NA,NA
"b48a421d44b64c5dd6d6932b93973335","Fungi","Ascomycota","Sordariomycetes",NA,NA,NA,NA
"f93235ccef9fbfd64d1c9e2d117d1d6b","Unassigned",NA,NA,NA,NA,NA,NA
"6cae84c845ac2ac13f30f87e3e66c1d3","Unassigned",NA,NA,NA,NA,NA,NA
"38a2c908530b7c829844fdc96fada23a","Fungi","Basidiomycota","Agaricomycetes","Agaricales","Lycoperdaceae","Lycoperdon",NA
"fadba0e270ba00be56939a6ecd589f7e","Unassigned",NA,NA,NA,NA,NA,NA
"d2c35e2813ec17f8ce1b33afe7a21734","Unassigned",NA,NA,NA,NA,NA,NA
"f40764ac173a1facffc3616af5409057","Fungi","Basidiomycota","Agaricomycetes","Polyporales","Polyporales_fam_Incertae_sedis","Fibroporia","Fibroporia_vaillantii"
"29404f07a9a21d4b8064046d4243d772","Unassigned",NA,NA,NA,NA,NA,NA
"447e2c02e506266d40623d1af8e81cb5","Fungi","Ascomycota","Saccharomycetes","Saccharomycetales","Phaffomycetaceae","Wickerhamomyces","Wickerhamomyces_onychis"
"6c8cc96ff2791b4a8d5ffd07ea0d1c5d","Unassigned",NA,NA,NA,NA,NA,NA
"3429bdc3cd770e8fab84a9ca93efb650","Fungi","Ascomycota","Eurotiomycetes","Eurotiales","Thermoascaceae","Paecilomyces",NA
"41f71cb0a1c8ee91e03492759f4cdc60","Unassigned",NA,NA,NA,NA,NA,NA
"f6786bc4f4c382c836ac0f7e41baee42","Unassigned",NA,NA,NA,NA,NA,NA
"14828716be4dc65ca0d75a9c2d4d2197","Unassigned",NA,NA,NA,NA,NA,NA
"95e02b5fe155f639535b0ecfc554705c","Unassigned",NA,NA,NA,NA,NA,NA
"381022155e15d0cc288c6c50b63790db","Fungi","Basidiomycota","Agaricomycetes","Polyporales","Polyporaceae","Lenzites","Lenzites_betulina"
"ab98df5c9f61a6f02a40c6be6a0561a6","Fungi","Ascomycota","Sordariomycetes","Hypocreales","Clavicipitaceae","Clavicipitaceae_gen_Incertae_sedis","Clavicipitaceae_sp"
"948270981f26a9246199265e4e22b26f","Unassigned",NA,NA,NA,NA,NA,NA
"ebf2272bba9e55f4bd2c91cc2feebca7","Unassigned",NA,NA,NA,NA,NA,NA
"1df4fc87ac478369ca91469755abee6e","Unassigned",NA,NA,NA,NA,NA,NA
"2009d762bbffd4a2fe91477781514b16","Unassigned",NA,NA,NA,NA,NA,NA
"b8f4045170fda429f64a083d183fd4b3","Fungi","Basidiomycota","Agaricomycetes","Polyporales","Podoscyphaceae","Abortiporus","Abortiporus_biennis"
"045ad65fbf000d56e8e6c6ca7725c05f","Fungi","Basidiomycota","Agaricomycetes","Polyporales","Meruliaceae","Mycoacia","Mycoacia_fuscoatra"
"8ce727047c0dfe4b77f437dc891a3981","Unassigned",NA,NA,NA,NA,NA,NA
"ea5ce621b1e788abc60662c22aba9e15","Unassigned",NA,NA,NA,NA,NA,NA
"f5139f6ab1616d4e3472301569b3bd25","Fungi","Ascomycota","Pezizomycetes","Pezizales",NA,NA,NA
"3e35e29fb1da495f4aae54d5764b6f10","Unassigned",NA,NA,NA,NA,NA,NA
"a52c3278c81f7a1eb6b6d75d412b69c2","Unassigned",NA,NA,NA,NA,NA,NA
"e6f5ca239407947dcd9f66d8fec9d215","Unassigned",NA,NA,NA,NA,NA,NA
"b79627638689098e4834466dc8c150d0","Unassigned",NA,NA,NA,NA,NA,NA
"6f41b54c494a6102d102bf50056b9996","Unassigned",NA,NA,NA,NA,NA,NA
"c5e35e630b33323d76169ca45fe6a1a5","Unassigned",NA,NA,NA,NA,NA,NA
"9ea320f0447488edef67c7ee3fb9f4fb","Fungi",NA,NA,NA,NA,NA,NA
"6c9eb4fc28ee7bea11bf6d56a0bd6f34","Unassigned",NA,NA,NA,NA,NA,NA
"69da32bcbb4d3364b58fd2883b8b1278","Unassigned",NA,NA,NA,NA,NA,NA
"233e45e2d28dc4375c1915873a9fce56","Fungi","Ascomycota","Eurotiomycetes","Eurotiales","Aspergillaceae","Penicillium",NA
"26aecc17475f463f2721b0a064dd2b0b","Unassigned",NA,NA,NA,NA,NA,NA
"31a36d4128b649cec65cd07a3de121db","Unassigned",NA,NA,NA,NA,NA,NA
"430568b4ef1a5f4c7f5c5d85e7805a25","Fungi","Ascomycota","Sordariomycetes","Hypocreales","Bionectriaceae","Clonostachys",NA
"b5e35e0260853108af33d7e3cdeaa141","Fungi","Basidiomycota","Agaricomycetes","Polyporales","Steccherinaceae","Steccherinum",NA
"eb1033d1d826b6a54600d0f840de33e2","Fungi","Ascomycota","Sordariomycetes",NA,NA,NA,NA
"6d999195accb4ff20dda8061a1f922a5","Fungi","Basidiomycota","Agaricomycetes",NA,NA,NA,NA
"e8c07c6bc5073dc4c94de01ae65fdc31","Fungi","Ascomycota","Sordariomycetes","Xylariales",NA,NA,NA
"62c8c6cf3bd1c648939b9ffe178d3ace","Unassigned",NA,NA,NA,NA,NA,NA
"d9f27e9010fafb8ba41d9aa5601f5139","Unassigned",NA,NA,NA,NA,NA,NA
"daed914a179849886b7711acfbaf3023","Unassigned",NA,NA,NA,NA,NA,NA
"fb33419fa85d8a048a5bee8243b1a7c0","Fungi","Basidiomycota","Exobasidiomycetes","Microstromatales","Microstromatales_fam_Incertae_sedis","Pseudomicrostroma","Pseudomicrostroma_glucosiphilum"
"dc202bdf121c16d8410db3be49c3f113","Unassigned",NA,NA,NA,NA,NA,NA
"3fad52d56f667f1dc974c8da4640baba","Unassigned",NA,NA,NA,NA,NA,NA
"ba66f6de851d86ca3c48dc0d635fa1fa","Unassigned",NA,NA,NA,NA,NA,NA
"31543a78dd2e9242a6db6ef326385b7a","Unassigned",NA,NA,NA,NA,NA,NA
"bf9ae4db8c2af417b1f97edaeeed88f1","Unassigned",NA,NA,NA,NA,NA,NA
"a79adcea43323beaa839662a09cf8245","Fungi","Basidiomycota","Tremellomycetes","Trichosporonales","Trichosporonaceae","Cutaneotrichosporon","Cutaneotrichosporon_curvatum"
"c6dc463b6e5bf659c5b0ac5ba456705e","Unassigned",NA,NA,NA,NA,NA,NA
"2ae0a83744dc770f54afa552d4da1866","Fungi","Ascomycota","Dothideomycetes","Pleosporales","Periconiaceae","Periconia",NA
"af723e4d470e098a90271aab37d119ce","Unassigned",NA,NA,NA,NA,NA,NA
"4a0204b64189ae40be0f9da40c47b037","Fungi","Basidiomycota","Exobasidiomycetes","Exobasidiales","Exobasidiales_fam_Incertae_sedis","Exobasidiales_gen_Incertae_sedis","Exobasidiales_sp"
"0904a195ae9f90db08d163079483c4a1","Unassigned",NA,NA,NA,NA,NA,NA
"d3e2345d7fe26cdf1c2ca912ac6b746c","Unassigned",NA,NA,NA,NA,NA,NA
"0aa75c1e8115f285dcfa67047a8dcdfb","Unassigned",NA,NA,NA,NA,NA,NA
"a9c76f198807c3362f2037a96c7c6c84","Unassigned",NA,NA,NA,NA,NA,NA
"be835664b6a8f886c1d1eb247e5ea0ae","Unassigned",NA,NA,NA,NA,NA,NA
"db77fad7011784d3c16be161c8f125ac","Unassigned",NA,NA,NA,NA,NA,NA
"b789372889729eaef91b87342102873b","Fungi","Basidiomycota","Agaricomycetes","Polyporales","Meruliaceae","Phlebia",NA
"e5b09eaf202a6cf2e5d1a00585d34516","Unassigned",NA,NA,NA,NA,NA,NA
"cf92e95256884392aa2affc27d5cf1fa","Fungi","Ascomycota","Eurotiomycetes","Eurotiales","Trichocomaceae","Talaromyces","Talaromyces_rugulosus"
"e2ca2aafec09e7af90759d466f508ba0","Unassigned",NA,NA,NA,NA,NA,NA
"8f471e804f7ecdbb8143f9f727713b8c","Unassigned",NA,NA,NA,NA,NA,NA
"fa94e0bef99ea654493adeea9ec80d37","Unassigned",NA,NA,NA,NA,NA,NA
"882f8345c0ef40cf702d772638f5deeb","Unassigned",NA,NA,NA,NA,NA,NA
"56a1d842e00e00f0d7b110a23985bbb5","Unassigned",NA,NA,NA,NA,NA,NA
"ab67e2a5a87a020d518095bbfc23bfcb","Fungi","Basidiomycota","Agaricomycetes","Polyporales",NA,NA,NA
"d3cd16895259d4ec1ddb75e64f56275f","Fungi","Basidiomycota","Agaricomycetes","Agaricales","Agaricales_fam_Incertae_sedis","Agaricales_gen_Incertae_sedis","Agaricales_sp"
"63b0b6543c1ac3cde4718f8e298a08f4","Unassigned",NA,NA,NA,NA,NA,NA
"495a56b50db771cd5a42dbda7f8e1c7a","Unassigned",NA,NA,NA,NA,NA,NA
"df2c9ad9f2c39856086af32d0ef0f054","Unassigned",NA,NA,NA,NA,NA,NA
"ad1d3405cae3592fb701a9c55cd0e55c","Unassigned",NA,NA,NA,NA,NA,NA
"a58be5c771d5796745eb45037ca9add8","Fungi",NA,NA,NA,NA,NA,NA
"21539602cf0394894de334897b5e0e73","Unassigned",NA,NA,NA,NA,NA,NA
"25fb52f461a805026597d980980261ac","Unassigned",NA,NA,NA,NA,NA,NA
"1b3bbb21f83ba7ea39ac6b68d1d67e59","Fungi","Ascomycota","Sordariomycetes","Hypocreales","Hypocreaceae","Trichoderma",NA
"416532533d7f50884f69e623013e14ae","Unassigned",NA,NA,NA,NA,NA,NA
"4d8e71a57f3448492de081f70b0f953d","Unassigned",NA,NA,NA,NA,NA,NA
"d86778679331b3f44a0e9dc9f9409188","Unassigned",NA,NA,NA,NA,NA,NA
"28138de22c602e74311bbeced420cb1a","Fungi","Ascomycota","Eurotiomycetes","Onygenales","Onygenaceae","Myriodontium",NA
"06a334f60ac3dc610efac24fd2a7b310","Unassigned",NA,NA,NA,NA,NA,NA
"d5b8f7b0a830321e34cfaa718dc0421b","Fungi","Basidiomycota","Agaricomycetes","Polyporales","Polyporaceae","Dentocorticium","Dentocorticium_portoricense"
"a4247e8624a76460f59104b5b6ecccbd","Unassigned",NA,NA,NA,NA,NA,NA
"a8e85d1bf3282b0991bf198fe1f968dd","Unassigned",NA,NA,NA,NA,NA,NA
"d91673adbe9eccd6d42c7c13f453fa73","Fungi",NA,NA,NA,NA,NA,NA
"a488d01a0b123cfe1d463b388b3c9a9e","Unassigned",NA,NA,NA,NA,NA,NA
"0e4aa32611818b07454dbe51403ae29b","Unassigned",NA,NA,NA,NA,NA,NA
"cb14f7e20d10777c7652b043fb3ab6cc","Unassigned",NA,NA,NA,NA,NA,NA
"750d947ceda7afa47a2e0fce5c11aed4","Fungi","Ascomycota","Saccharomycetes","Saccharomycetales","Saccharomycetaceae","Maudiozyma","Maudiozyma_humilis"
"39e722783fa9963245df1d2cad7d3b31","Fungi","Basidiomycota","Tremellomycetes","Cystofilobasidiales","Cystofilobasidiaceae","Cystofilobasidium",NA
"68019b7195307f29e755add2021b795a","Unassigned",NA,NA,NA,NA,NA,NA
"7d895d4d2c2fa96339e2044497a3b377","Unassigned",NA,NA,NA,NA,NA,NA
"af4ee75f3b5a557bbfa02bea5c8768e1","Unassigned",NA,NA,NA,NA,NA,NA
"1c283d370c2324d7b581075252695402","Fungi","Basidiomycota","Agaricomycetes","Russulales","Russulaceae","Russula","Russula_sp"
"991d653e84ddf44d1effc529b5f3eab9","Unassigned",NA,NA,NA,NA,NA,NA
"1e01d2ac5154816e2aadb5e1c61ccee7","Unassigned",NA,NA,NA,NA,NA,NA
"ef59efecd51a1af216bb951b0adf4e32","Fungi","Ascomycota","Dothideomycetes","Dothideales","Saccotheciaceae","Aureobasidium","Aureobasidium_sp"
"24f17465286ae63718c2b93267ea0c32","Fungi","Basidiomycota","Agaricomycetes","Polyporales","Meruliaceae",NA,NA
"f05d4ffdd817ecc35696702c4ba40327","Unassigned",NA,NA,NA,NA,NA,NA
"2c7827537c91c7c663c25c4be8c3e296","Unassigned",NA,NA,NA,NA,NA,NA
"5765876ec2562e6138ffd16a627d8e37","Fungi","Basidiomycota","Tremellomycetes","Filobasidiales",NA,NA,NA
"ead3ea002bb1864c39dfd4e1e479ff6c","Unassigned",NA,NA,NA,NA,NA,NA
"3578069ea57f7ec18310508762bfde81","Fungi","Ascomycota","Saccharomycetes","Saccharomycetales","Saccharomycetaceae","Zygosaccharomyces","Zygosaccharomyces_bailii"
"d642e7f2d5767288723bd7c4a823bb43","Unassigned",NA,NA,NA,NA,NA,NA
"d53e61b47051d751eabba9f62797c622","Unassigned",NA,NA,NA,NA,NA,NA
"0ba329869710479d5b0599edc267f669","Unassigned",NA,NA,NA,NA,NA,NA
"f9f5a0c4e02f64d57fb01c0b75249234","Unassigned",NA,NA,NA,NA,NA,NA
"8e6980d439bbb8fe58c7a1bdc7d9bdd0","Unassigned",NA,NA,NA,NA,NA,NA
"443662079ab21765a3325429a6cf1e9e","Unassigned",NA,NA,NA,NA,NA,NA
"c12b9af72cc861ce97f5c3ec08d848dc","Fungi","Ascomycota","Sordariomycetes","Hypocreales","Stachybotryaceae","Myrothecium","Myrothecium_inundatum"
"6455c107a4a756f7d27a32b16be50cc3","Unassigned",NA,NA,NA,NA,NA,NA
"a4a66116cd6d14c363ab650c14b8eaba","Unassigned",NA,NA,NA,NA,NA,NA
"689e8c90cc885e75e8ced0d9a6054a82","Unassigned",NA,NA,NA,NA,NA,NA
"c41d0010ec7d6cdeb41633009b8498b5","Fungi","Basidiomycota","Cystobasidiomycetes","Erythrobasidiales","Erythrobasidiaceae","Erythrobasidium",NA
"2c66ebd26d3c85399c5138b34f92f3a8","Fungi","Ascomycota","Saccharomycetes","Saccharomycetales","Phaffomycetaceae","Wickerhamomyces","Wickerhamomyces_subpelliculosus"
"5109c32296a3309ade6649e4cf060999","Unassigned",NA,NA,NA,NA,NA,NA
"b6cfdfd7e3e97e96f1e31b3b5eda8b84","Unassigned",NA,NA,NA,NA,NA,NA
"ebfab110b049f52ad3f38d28a7778570","Fungi","Mortierellomycota","Mortierellomycetes","Mortierellales","Mortierellaceae","Mortierella","Mortierella_sp"
"9c71a98bea3979d902e04cfe3130cd43","Unassigned",NA,NA,NA,NA,NA,NA
"ad489398dd020cf71df213c2b956fade","Unassigned",NA,NA,NA,NA,NA,NA
"84fec7efa04e01d4395d68a1ec580300","Unassigned",NA,NA,NA,NA,NA,NA
"b8f4e893f61aec518046f690b01c1b56","Unassigned",NA,NA,NA,NA,NA,NA
"e2e7dc8b005fcc6b72402250bbaa8ebd","Fungi","Basidiomycota","Agaricomycetes","Agaricales","Strophariaceae","Stropharia","Stropharia_halophila"
"88bd627cbdb1b3aed895592c6fa652b8","Unassigned",NA,NA,NA,NA,NA,NA
"8ffe3eab99b8e57ea8ea55e29af109ff","Unassigned",NA,NA,NA,NA,NA,NA
"6e5142dffa7e4724ef6792a467db0f13","Unassigned",NA,NA,NA,NA,NA,NA
"af5f5e86036f5189c4f3f0f32d965abb","Unassigned",NA,NA,NA,NA,NA,NA
"4cf1cce6c1234ca254bd6dee8367a36e","Fungi","Basidiomycota","Tremellomycetes","Tremellales","Bulleribasidiaceae","Vishniacozyma",NA
"a2d47520252befa7615cce5c657e9b96","Unassigned",NA,NA,NA,NA,NA,NA
"9334b0b0f4af1eeba22e8a67270cfae6","Unassigned",NA,NA,NA,NA,NA,NA
"4a7bca926eded554f70472e12f6fa8fa","Unassigned",NA,NA,NA,NA,NA,NA
"0bf6c6497710b4807b467be9ca10a574","Unassigned",NA,NA,NA,NA,NA,NA
"cb456462de522f3d049d37f017e46f78","Unassigned",NA,NA,NA,NA,NA,NA
"53301d3a8d605d1986279897b5ba9284","Unassigned",NA,NA,NA,NA,NA,NA
"112fd8d7734d30e6ee0dc19de38e3dcd","Unassigned",NA,NA,NA,NA,NA,NA
"346f55909558bbfa67c1a208c1849207","Unassigned",NA,NA,NA,NA,NA,NA
"58431bc57cf98dd99dcae9c7ad37ea5d","Unassigned",NA,NA,NA,NA,NA,NA
"cada09c1d6a7361f0a2ad23cd321ba81","Unassigned",NA,NA,NA,NA,NA,NA
"a70c7f3e0f3fc00fcea58a48c9898c2c","Unassigned",NA,NA,NA,NA,NA,NA
"bc8f87f79ac094acee4e241b52415920","Unassigned",NA,NA,NA,NA,NA,NA
"0bbe171da3ba066b50f3a211a35beea9","Unassigned",NA,NA,NA,NA,NA,NA
"bf3017217752f27d6bbecdaf65af98c4","Unassigned",NA,NA,NA,NA,NA,NA
"e4df64e0112407d3a7443a16c14dc6c1","Unassigned",NA,NA,NA,NA,NA,NA
"e38820879b773d04b65946c79ff966e0","Fungi","Basidiomycota","Agaricomycetes","Agaricales","Pluteaceae","Pluteus","Pluteus_petasatus"
"ba4b868cd5948c26ec69c0b7da9c581b","Unassigned",NA,NA,NA,NA,NA,NA
"c79effc01673f4f7063d6b1aa64ab3c4","Unassigned",NA,NA,NA,NA,NA,NA
"e27829cd3858833e1f2b7548b58039aa","Unassigned",NA,NA,NA,NA,NA,NA
"7df083959985e7ed6030d2eefc20371b","Unassigned",NA,NA,NA,NA,NA,NA
"9cddffcfd0a5cb3fac852e68b48e12a0","Unassigned",NA,NA,NA,NA,NA,NA
"8ca82810dacef886363f1ed6223819c4","Unassigned",NA,NA,NA,NA,NA,NA
"3f26795bd603fbda587181e0debec73b","Fungi","Ascomycota","Eurotiomycetes","Eurotiales","Aspergillaceae","Aspergillus","Aspergillus_ochraceus"
"6c6929599c646265bde44f8faed97b78","Unassigned",NA,NA,NA,NA,NA,NA
"c7761db34f45a83033f0973450f60c1e","Fungi","Ascomycota","Sordariomycetes",NA,NA,NA,NA
"d1c68efba24de11a8b088c7cd73c1186","Unassigned",NA,NA,NA,NA,NA,NA
"443102c8a511b5032f96c34d7c9fdfae","Fungi","Basidiomycota","Malasseziomycetes","Malasseziales","Malasseziaceae","Malassezia","Malassezia_sp"
"d1f9fbdd67121df68f4de0e132850822","Fungi","Basidiomycota","Agaricomycetes","Russulales","Lachnocladiaceae","Scytinostroma","Scytinostroma_portentosum"
"7f537c420688fa67bb71137be91a1639","Unassigned",NA,NA,NA,NA,NA,NA
"e34f8a8a309c716e97f84d1558ba6fe4","Unassigned",NA,NA,NA,NA,NA,NA
"182a58429275d7007a99b4cd93f7cd43","Fungi","Ascomycota","Eurotiomycetes","Chaetothyriales","Chaetothyriales_fam_Incertae_sedis","Chaetothyriales_gen_Incertae_sedis","Chaetothyriales_sp"
"5ac4608db0170399d1da5a251ad32be3","Unassigned",NA,NA,NA,NA,NA,NA
"de19f590ff613b78d64ed5fee6f7edee","Unassigned",NA,NA,NA,NA,NA,NA
"2f9e832dad6356227dd0f94d767b2fd9","Unassigned",NA,NA,NA,NA,NA,NA
"6d6a8d59eeddfde07e13a66435d7c040","Unassigned",NA,NA,NA,NA,NA,NA
"a39edf9a2f5d243d8dfd70e95491eb17","Unassigned",NA,NA,NA,NA,NA,NA
"75e72eb6052c94ee29436299988cbd53","Unassigned",NA,NA,NA,NA,NA,NA
"157b93482fa91c772565337192154344","Unassigned",NA,NA,NA,NA,NA,NA
"8d79326ac6dd0318d0c606a0d4fea3ff","Unassigned",NA,NA,NA,NA,NA,NA
"b100df30d9052ed776eaddf4539767ba","Fungi","Basidiomycota","Exobasidiomycetes","Exobasidiales","Exobasidiales_fam_Incertae_sedis","Eidernor","Eidernor_sp"
"7bd1a8972c99f047d0004865c906d2d4","Unassigned",NA,NA,NA,NA,NA,NA
"71c194dc7a0b290a80aa062b3e0c7cfd","Unassigned",NA,NA,NA,NA,NA,NA
"edfe2db49004ab77ced007edded318ec","Fungi",NA,NA,NA,NA,NA,NA
"2bcf3e6947c668a3aef8e2b1ce5b684e","Fungi","Basidiomycota","Agaricomycetes","Boletales","Sclerodermataceae","Scleroderma",NA
"ec12954d7c1fbb24dbac79a7a84552f0","Unassigned",NA,NA,NA,NA,NA,NA
"8040ba88826e22cba233014bfa22711b","Unassigned",NA,NA,NA,NA,NA,NA
"09e0cfe06dd5b9a93445e512d17dfe2e","Unassigned",NA,NA,NA,NA,NA,NA
"ad3b787902c18bb2d1b33d099bc51afe","Unassigned",NA,NA,NA,NA,NA,NA
"7bfcd0b7b39acf939c7ae344e1f0a64f","Unassigned",NA,NA,NA,NA,NA,NA
"1dcca869604e0715dac2ddab800ec83a","Unassigned",NA,NA,NA,NA,NA,NA
"06b22977963d41fa1fa16164e5a5d0ea","Unassigned",NA,NA,NA,NA,NA,NA
"90fe0a01936b462152ad359ea0cb422c","Unassigned",NA,NA,NA,NA,NA,NA
"960518a1f0eebb043c098ac6d9733147","Unassigned",NA,NA,NA,NA,NA,NA
"37edf27a2b89e4fd232a28553de556fb","Unassigned",NA,NA,NA,NA,NA,NA
"7b4e50f84be38a6d81a58b960b58668f","Unassigned",NA,NA,NA,NA,NA,NA
"cdb18ac463850e59f5edca5550e1eb48","Unassigned",NA,NA,NA,NA,NA,NA
"a1e3235865cb57d8c26ce44f041600a5","Unassigned",NA,NA,NA,NA,NA,NA
"6c11bd8cea38e3f8068f4fcbc4dfd1a3","Unassigned",NA,NA,NA,NA,NA,NA
"66d6475e69648b29657425a0aed9e405","Fungi",NA,NA,NA,NA,NA,NA
"eb6ca46718155de757707cc4929fcb29","Unassigned",NA,NA,NA,NA,NA,NA
"a05309739aed0096009ecc2cb041006f","Fungi","Basidiomycota","Agaricomycetes","Agaricales","Psathyrellaceae","Parasola",NA
"35e20109c24dbfb599b81a77a23bf608","Unassigned",NA,NA,NA,NA,NA,NA
"078473a5691e745d2e5cb7cb3e78d650","Unassigned",NA,NA,NA,NA,NA,NA
"3030507a79d3e2a50f54e1c384b6defe","Unassigned",NA,NA,NA,NA,NA,NA
"90921df651f9dc5e7cb1856bbacf5b83","Fungi","Basidiomycota","Cystobasidiomycetes","Cystobasidiomycetes_ord_Incertae_sedis","Symmetrosporaceae","Symmetrospora",NA
"335654ec633bf9d964884b4f96e46841","Unassigned",NA,NA,NA,NA,NA,NA
"0526c09844e2dbe7cfecc938f04666f6","Fungi","Basidiomycota","Tremellomycetes","Tremellales","Rhynchogastremaceae","Papiliotrema","Papiliotrema_flavescens"
"73d275d55a4c75df06f53248e079f2a3","Unassigned",NA,NA,NA,NA,NA,NA
"7dc98e65209cb74f7b089c9ba0e3423a","Fungi","Basidiomycota","Exobasidiomycetes","Microstromatales","Microstromatales_fam_Incertae_sedis","Pseudomicrostroma",NA
"649cc81b267dd21a9007bd891bb2e996","Fungi","Mucoromycota","Umbelopsidomycetes","Umbelopsidales","Umbelopsidaceae","Umbelopsis","Umbelopsis_sp"
"52f671b792d5c9bc4e11ca954dbee205","Unassigned",NA,NA,NA,NA,NA,NA
"9143bc96d4079aca701ef702c31cae78","Unassigned",NA,NA,NA,NA,NA,NA
"cc34019a2acd744943efab8a8f64a5e4","Unassigned",NA,NA,NA,NA,NA,NA
"d734f5bf8c805dee0e9020536090573c","Unassigned",NA,NA,NA,NA,NA,NA
"5fea610fd15618462103507486427b48","Unassigned",NA,NA,NA,NA,NA,NA
"c6734168e72205802f841939799a000d","Unassigned",NA,NA,NA,NA,NA,NA
"3ad4a613fc8e1164cd17b9ed4701b743","Fungi","Basidiomycota","Cystobasidiomycetes","Erythrobasidiales","Erythrobasidiaceae","Erythrobasidium","Erythrobasidium_elongatum"
"2e42ce5edc9114da96b488e519330070","Unassigned",NA,NA,NA,NA,NA,NA
"3d2414ebcd1d3c07240cb2ea56f98ade","Fungi","Ascomycota","Eurotiomycetes","Eurotiales","Aspergillaceae","Aspergillus",NA
"be0b798115c65365839c3bbeae361b78","Unassigned",NA,NA,NA,NA,NA,NA
"15d5472c6f85085cc1020e26141ec43d","Unassigned",NA,NA,NA,NA,NA,NA
"31edea3ec4da562beb6f7209e5584ac7","Unassigned",NA,NA,NA,NA,NA,NA
"b87616b103e295edc06c8ba92c880ef7","Unassigned",NA,NA,NA,NA,NA,NA
"5682e185aca41bcd3fdbae1c684cf4aa","Fungi","Ascomycota","Sordariomycetes","Hypocreales","Bionectriaceae","Acremonium","Acremonium_sp"
"4df3f0c5799a8cad3e1c5e194b544e8a","Unassigned",NA,NA,NA,NA,NA,NA
"34f36b059d90a8b9c6ac5642220b7a13","Unassigned",NA,NA,NA,NA,NA,NA
"7874286a5c4beffa67a391fb7c2ebd92","Unassigned",NA,NA,NA,NA,NA,NA
"4362d4de6597284df5bf3e2310ec6a8b","Fungi","Basidiomycota","Agaricomycetes","Agaricales","Agaricaceae","Agaricus",NA
"1f3fbebfb3d58bd16b37e51c285aa156","Unassigned",NA,NA,NA,NA,NA,NA
"047965b203de2707914fcb9571a9133a","Unassigned",NA,NA,NA,NA,NA,NA
"040e9f282b0fe1e6c11193f2487959a4","Unassigned",NA,NA,NA,NA,NA,NA
"185e517ad3f11ab1b18df2b0d498acd4","Unassigned",NA,NA,NA,NA,NA,NA
"1f9e3dfca07c78815be786fe91949bf3","Fungi","Basidiomycota","Agaricomycetes","Russulales","Russulaceae","Lactarius","Lactarius_sp"
"94bfa9a785c206fc7852cb693b8e11c2","Unassigned",NA,NA,NA,NA,NA,NA
"3c1893c1df6f3c907c4ec7adaf473239","Unassigned",NA,NA,NA,NA,NA,NA
"f49352d52029668508da33cb8259d566","Unassigned",NA,NA,NA,NA,NA,NA
"d2504c1d31fd3343d2895e19ec3b640e","Unassigned",NA,NA,NA,NA,NA,NA
"7eb699ebbb8437fc7a54621f86f18fca","Unassigned",NA,NA,NA,NA,NA,NA
"4a708fba74a537a7f7f05b00929cce16","Unassigned",NA,NA,NA,NA,NA,NA
"033b72adf88a71dc56dc68c059e065bf","Fungi","Basidiomycota","Agaricomycetes","Russulales","Peniophoraceae",NA,NA
"fe31b332e71be7520cf14cd10c3b266b","Unassigned",NA,NA,NA,NA,NA,NA
"81771c46a756ee33d9ab203df33c0a7e","Unassigned",NA,NA,NA,NA,NA,NA
"082172a0afaf7b17083e826f176e7232","Unassigned",NA,NA,NA,NA,NA,NA
"6909a5ea4940b5facfa786692af45a11","Unassigned",NA,NA,NA,NA,NA,NA
"d61eef49a3e0a9b58c56eff2b658e95d","Fungi",NA,NA,NA,NA,NA,NA
"a7ef9165fa010d67baefe0371eb2222f","Fungi","Ascomycota","Sordariomycetes","Hypocreales","Ophiocordycipitaceae",NA,NA
"338528a4d0aad1ea02bbd7fce4aa8cbc","Unassigned",NA,NA,NA,NA,NA,NA
"d3d3483e6ab9fa7d3376ff0a48802002","Unassigned",NA,NA,NA,NA,NA,NA
"470306abcf6845c411f21dbfdab8be54","Fungi","Ascomycota","Eurotiomycetes","Chaetothyriales","Chaetothyriales_fam_Incertae_sedis","Chaetothyriales_gen_Incertae_sedis","Chaetothyriales_sp"
"eb8f574df6efe7ca744d5419fb7259ef","Unassigned",NA,NA,NA,NA,NA,NA
"b455b674e3d4a3da6379b1289b4cba7d","Unassigned",NA,NA,NA,NA,NA,NA
"6c0ee52bf47807e2e93308f86aca597b","Unassigned",NA,NA,NA,NA,NA,NA
"f2d2bece54e3271d5a11a89e77b0dd06","Unassigned",NA,NA,NA,NA,NA,NA
"9038ff61b37defe50e1528f3784dc1db","Unassigned",NA,NA,NA,NA,NA,NA
"bb598d6019dbd210e9a2713b2d90f018","Fungi","Basidiomycota","Agaricomycetes","Trechisporales","Hydnodontaceae","Trechispora","Trechispora_sp"
"59dfb78d1ce541a69d25864b5328e007","Fungi","Basidiomycota","Agaricomycetes","Auriculariales","Auriculariaceae","Exidia",NA
"92da1925e313b0fd091bafed69ae2ff4","Unassigned",NA,NA,NA,NA,NA,NA
"99cb648d6f79bb7dd174d2b0880eb75e","Unassigned",NA,NA,NA,NA,NA,NA
"c460bdba591b97c65f35a143c8d3e058","Unassigned",NA,NA,NA,NA,NA,NA
"b43c53bac28b3d06d1e9b24318eb3752","Unassigned",NA,NA,NA,NA,NA,NA
"fe91fc7af62eb3705303715298c09fce","Unassigned",NA,NA,NA,NA,NA,NA
"6f6432c7791ef01b033a4b7a8137362b","Fungi","Basidiomycota","Cystobasidiomycetes","Cystobasidiales","Cystobasidiaceae",NA,NA
"220fb1b3f1df919f124884a2d41ebe22","Fungi","Ascomycota","Dothideomycetes","Pleosporales","Pleosporaceae","Curvularia",NA
"83091780a3cbf136006087dfc6187cb6","Unassigned",NA,NA,NA,NA,NA,NA
"4a22e49996890c13996d0ed9b7788afb","Fungi","Ascomycota","Eurotiomycetes","Eurotiales","Thermoascaceae","Paecilomyces","Paecilomyces_variotii"
"e0e127cb27030825c659f39badbab18c","Unassigned",NA,NA,NA,NA,NA,NA
"d1752a45de6c3749eb13b21f15f3905e","Unassigned",NA,NA,NA,NA,NA,NA
"b18cfbbef26bb899451e1a78fbf0a24f","Unassigned",NA,NA,NA,NA,NA,NA
"b7da50cac0aa898f7c8c67eb50927122","Unassigned",NA,NA,NA,NA,NA,NA
"92d43629adae5d8960144e8e9d2d8b70","Unassigned",NA,NA,NA,NA,NA,NA
"23d93837da998be85c9da97ab1db9f6a","Unassigned",NA,NA,NA,NA,NA,NA
"a0ca0b5d63b99ea92f419a86afa9b208","Fungi","Ascomycota","Eurotiomycetes","Eurotiales","Aspergillaceae","Penicillium",NA
"c176de8a52f5c7f1b74d62d81d531759","Unassigned",NA,NA,NA,NA,NA,NA
"7e42d8ea3fd3d1e5f96272cee20b27f5","Unassigned",NA,NA,NA,NA,NA,NA
"889b69ea00258e99095bde5a4ca5b0f9","Unassigned",NA,NA,NA,NA,NA,NA
"6e6748d93caaf5dbe3197eaaab0bdbc7","Unassigned",NA,NA,NA,NA,NA,NA
"75adacf91d7cc6a4c0b537dfd574430e","Unassigned",NA,NA,NA,NA,NA,NA
"e06604ad19b0efcc1899e04f9643f397","Fungi","Ascomycota","Sordariomycetes",NA,NA,NA,NA
"f12eef595a30775c633a778219f735e4","Unassigned",NA,NA,NA,NA,NA,NA
"c1d24c047d81b5165334e9dbca9259b0","Unassigned",NA,NA,NA,NA,NA,NA
"4f6c31b9de7341a62453d3b10ca6b492","Unassigned",NA,NA,NA,NA,NA,NA
"41ca19b80a016bc275b1194887f4d8f0","Unassigned",NA,NA,NA,NA,NA,NA
"98a2b3bc7bdc380e99cae5fd96b6e047","Unassigned",NA,NA,NA,NA,NA,NA
"be4e84f0a89b75b72fceed999a19785c","Fungi","Basidiomycota","Agaricomycetes","Agaricales","Psathyrellaceae","Psathyrella","Psathyrella_piluliformis"
"35a311386dce6cd27c5d9552ea29ab25","Unassigned",NA,NA,NA,NA,NA,NA
"f6818061d1d7a48c8028c9f5afb60c6b","Unassigned",NA,NA,NA,NA,NA,NA
"021a2c74f77230a45efb42e63b0e9973","Unassigned",NA,NA,NA,NA,NA,NA
"89fe87822f100c5ec83138bd781dbe6e","Fungi",NA,NA,NA,NA,NA,NA
"36b73c4133df133d0cf2e07990033d66","Unassigned",NA,NA,NA,NA,NA,NA
"766c637a3c2ffb8ddbe734006fff76f9","Unassigned",NA,NA,NA,NA,NA,NA
"012a364bc72ff95255a04f21a80b5523","Fungi","Ascomycota","Sordariomycetes","Hypocreales","Nectriaceae",NA,NA
"23fa2a55338486bb550a4d05bc20938b","Fungi","Basidiomycota","Tremellomycetes","Trichosporonales","Trichosporonaceae","Trichosporon","Trichosporon_sp"
"c34998054363b672009a22e8c1743c29","Unassigned",NA,NA,NA,NA,NA,NA
"6a1f5704073fa770d8f4da46cbbb8beb","Unassigned",NA,NA,NA,NA,NA,NA
"2b773ae30f560c739e509544c1a64fd4","Unassigned",NA,NA,NA,NA,NA,NA
"2d5364ddb10cd516ac2eef6c8020c331","Unassigned",NA,NA,NA,NA,NA,NA
"6963b818d02a374ee2ee5d9a72654c16","Unassigned",NA,NA,NA,NA,NA,NA
"ce89440fdb961e7ab3cf4931c28cc4df","Unassigned",NA,NA,NA,NA,NA,NA
"a8f0e3bba37a74388ed2460c905b8d96","Unassigned",NA,NA,NA,NA,NA,NA
"de15bcee0763087786684fe87509e6dd","Unassigned",NA,NA,NA,NA,NA,NA
"a83c147171a3aab2eb5c93db931d19b9","Unassigned",NA,NA,NA,NA,NA,NA
"77f6bbf0c50ad90f7c1cf38cae2a3ee9","Unassigned",NA,NA,NA,NA,NA,NA
"88f6c4ad16055035d584bf891e4930f3","Unassigned",NA,NA,NA,NA,NA,NA
"3ea927e1fa11dd761a3b050c92e93876","Fungi","Basidiomycota","Agaricomycetes","Polyporales","Steccherinaceae","Junghuhnia","Junghuhnia_nitida"
"0eda57515a05c92be05e9317d6e36b86","Unassigned",NA,NA,NA,NA,NA,NA
"f9722e9f4a9d2a42055570b4d6d72f14","Fungi","Basidiomycota","Wallemiomycetes","Wallemiales","Wallemiaceae","Wallemia","Wallemia_sebi"
"df86969029b03f1cff88092965ce0547","Unassigned",NA,NA,NA,NA,NA,NA
"30fd9d850d7c6092a1b333d5f96e9aed","Unassigned",NA,NA,NA,NA,NA,NA
"10360bddbb25499b5328ac9ba70e91b7","Unassigned",NA,NA,NA,NA,NA,NA
"d8bb92e3db30d1860bf2a9b8ffa8e168","Unassigned",NA,NA,NA,NA,NA,NA
"44fe0b65ffecd827ddd4bfcc2f39ff97","Unassigned",NA,NA,NA,NA,NA,NA
"6419320a029dc41f49207369985f88a3","Unassigned",NA,NA,NA,NA,NA,NA
"a9d8fe73953b17674784c7d256d31709","Unassigned",NA,NA,NA,NA,NA,NA
"feb60ddb1a92bbdff8526094e3c7469e","Unassigned",NA,NA,NA,NA,NA,NA
"3fdbe07d8e8763b170f118aae8bc233c","Unassigned",NA,NA,NA,NA,NA,NA
"65da9125f5ad859c7838dff3b69421d1","Unassigned",NA,NA,NA,NA,NA,NA
"b18467195cdfb89a4e1f4985d83b52ff","Unassigned",NA,NA,NA,NA,NA,NA
"de9942cd3f7e6e07d742379256868e51","Unassigned",NA,NA,NA,NA,NA,NA
"691dd738164027934fdf7f24569f6743","Unassigned",NA,NA,NA,NA,NA,NA
"9e1569ace3e6e2de9822e51b78da72d7","Unassigned",NA,NA,NA,NA,NA,NA
"a507c3ee30d728eb8befaa9251a2f78c","Unassigned",NA,NA,NA,NA,NA,NA
"01e57739b43e40f4fd8e9ba8add539d2","Unassigned",NA,NA,NA,NA,NA,NA
"bcf8ddf7996d792884e24200f44e3cc8","Unassigned",NA,NA,NA,NA,NA,NA
"e80573340ee37cdc70d327ce836ceff5","Unassigned",NA,NA,NA,NA,NA,NA
"22964d21317a344033dfe41a46981cca","Fungi","Fungi_phy_Incertae_sedis","Fungi_cls_Incertae_sedis","Fungi_ord_Incertae_sedis","Fungi_fam_Incertae_sedis","Fungi_gen_Incertae_sedis","Fungi_sp"
"37ad9afbb030980328e9ce7a384afdb0","Unassigned",NA,NA,NA,NA,NA,NA
"d457b430c1144bfad21c00d5f9bd2bec","Unassigned",NA,NA,NA,NA,NA,NA
"7a7752f2526399427367083a6e8e7185","Unassigned",NA,NA,NA,NA,NA,NA
"d619a084afaddf15e2d934b028c211de","Fungi","Basidiomycota","Agaricomycetes","Boletales","Coniophoraceae","Penttilamyces","Penttilamyces_olivascens"
"fef112b93a990340041da78e3b6096a1","Unassigned",NA,NA,NA,NA,NA,NA
"043aa1d45b9e5f3a051615efb38f7795","Unassigned",NA,NA,NA,NA,NA,NA
"cb002e8994d3d658bc671904726d443b","Unassigned",NA,NA,NA,NA,NA,NA
"3a6146711688355564c25ebc24044584","Fungi","Basidiomycota","Agaricomycetes","Agaricales","Psathyrellaceae","Candolleomyces",NA
"0e6b52b4908fa24c1526e4a3c33da0ae","Unassigned",NA,NA,NA,NA,NA,NA
"c5308ab5f1833c36124b0b5ee2bfafcb","Unassigned",NA,NA,NA,NA,NA,NA
"35c781df9df4b8e7787bf1a7c09cc7d0","Unassigned",NA,NA,NA,NA,NA,NA
"6ea1c66d0391f1437e4483abd4581202","Unassigned",NA,NA,NA,NA,NA,NA
"9ea1ce14540f5bda5c6eb0481831670c","Fungi","Basidiomycota","Microbotryomycetes","Sporidiobolales","Sporidiobolaceae","Rhodotorula","Rhodotorula_sp"
"f4ae7fd0c8382bd78df2a87636b2ba2c","Unassigned",NA,NA,NA,NA,NA,NA
"cf34688d5442d068f880640027375e43","Unassigned",NA,NA,NA,NA,NA,NA
"a565be92078f2fa1b1c98bc8ba83a843","Unassigned",NA,NA,NA,NA,NA,NA
"f86b1cdc76833799adbe4750778ce609","Fungi","Ascomycota","Eurotiomycetes","Chaetothyriales","Herpotrichiellaceae","Exophiala","Exophiala_phaeomuriformis"
"b856674a8f82efaaeb56d0acc4bf9956","Unassigned",NA,NA,NA,NA,NA,NA
"2f12caf7263d4952538fe610f764281f","Unassigned",NA,NA,NA,NA,NA,NA
"08e4d2200be61a684baeb5f9eebb5e81","Unassigned",NA,NA,NA,NA,NA,NA
"e4f1dae9c3badfd2f75b3e3552da5db8","Unassigned",NA,NA,NA,NA,NA,NA
"68e96abfc6c3cdd95a423371e64b0b73","Fungi","Ascomycota",NA,NA,NA,NA,NA
"104eb59e85c32e0f79fc7c4f707786ed","Unassigned",NA,NA,NA,NA,NA,NA
"0bff4dcbc747d3f0104ad254dcfa73ed","Unassigned",NA,NA,NA,NA,NA,NA
"a42a1f6e3beb7c855379e79d9a859ff5","Unassigned",NA,NA,NA,NA,NA,NA
"a17eefebf1bc29c2dff5a9d9821f1485","Unassigned",NA,NA,NA,NA,NA,NA
"58f0794d6624f59b971c1593d9e45f89","Unassigned",NA,NA,NA,NA,NA,NA
"f18d17a9f27304893f8df05e304d9df9","Unassigned",NA,NA,NA,NA,NA,NA
"ec10a336dfdddd7aecf6aa8a850b7566","Unassigned",NA,NA,NA,NA,NA,NA
"65f755c433437b738883f90b11d5a3d8","Unassigned",NA,NA,NA,NA,NA,NA
"f9cd80cb3ef45ff475ef6b12422598d0","Unassigned",NA,NA,NA,NA,NA,NA
"1c5366135191b39b7d4f5593a627ab88","Fungi","Ascomycota","Eurotiomycetes","Eurotiales","Aspergillaceae","Aspergillus",NA
"8f660ba0518718b62f83b64c9550ad71","Unassigned",NA,NA,NA,NA,NA,NA
"7ffc3c55cb1be56f95910dd6238c4198","Unassigned",NA,NA,NA,NA,NA,NA
"3fa4a53c9d89512ce0c9e1912eb5f555","Unassigned",NA,NA,NA,NA,NA,NA
"d45755b3080709a66ccc4ab3c3a66092","Unassigned",NA,NA,NA,NA,NA,NA
"c2112d32e12d803b6de2f983f2589bf8","Unassigned",NA,NA,NA,NA,NA,NA
"bc974cff44fc86c3c616f1598df15914","Unassigned",NA,NA,NA,NA,NA,NA
"0d5baace346821787f8309051cdfe32c","Unassigned",NA,NA,NA,NA,NA,NA
"ebf8d45e01666859a7ed5974a9e93eed","Unassigned",NA,NA,NA,NA,NA,NA
"cee879b288126f0a58b8fbac051148be","Unassigned",NA,NA,NA,NA,NA,NA
"08070592203825d147b3665daa5a0d40","Unassigned",NA,NA,NA,NA,NA,NA
"4068f9cae0db319bfbf28f5df517c76b","Unassigned",NA,NA,NA,NA,NA,NA
"27289f7abcc23da7cad651d4e1ccb642","Unassigned",NA,NA,NA,NA,NA,NA
"5f8c4c35bf290247f3f1fa75916c9a84","Unassigned",NA,NA,NA,NA,NA,NA
"7074e802b86bd7d4d81102e29dcdb030","Unassigned",NA,NA,NA,NA,NA,NA
"ed88d0006490b8d979e50abf1e27488c","Unassigned",NA,NA,NA,NA,NA,NA
"0154e5488e47cfba68ff5e43a38a0029","Unassigned",NA,NA,NA,NA,NA,NA
"9f24304cf915f5a2ad091368b5552c51","Unassigned",NA,NA,NA,NA,NA,NA
"6f967eb1ae503b1ac3501658b3d81000","Unassigned",NA,NA,NA,NA,NA,NA
"585991c0987f270777f66166c0d2c15f","Fungi",NA,NA,NA,NA,NA,NA
"23846134f121bfce6087c04db7686265","Unassigned",NA,NA,NA,NA,NA,NA
"fdaa84736e6af87af5f4917a5d42ae69","Unassigned",NA,NA,NA,NA,NA,NA
"7a4e805514e12d0cdde4a889fd4f5124","Unassigned",NA,NA,NA,NA,NA,NA
"9c8351929c953809a815a0f3bba40c30","Unassigned",NA,NA,NA,NA,NA,NA
"bdb83cdf958c5bed68c600a50bc171ab","Unassigned",NA,NA,NA,NA,NA,NA
"5557aef58410ccd67b6fe20a48f6e1cc","Unassigned",NA,NA,NA,NA,NA,NA
"ed46441e47fc87a048612161f95d9b61","Unassigned",NA,NA,NA,NA,NA,NA
"b55dfa82ce25c86485dfb163b786206d","Unassigned",NA,NA,NA,NA,NA,NA
"6ff544947574db14ede06e30d50abb86","Unassigned",NA,NA,NA,NA,NA,NA
"6cfbe6a0ce78160d751d582866b9a2a2","Unassigned",NA,NA,NA,NA,NA,NA
"1889aaae2441e5a8ebadd15f826dca98","Unassigned",NA,NA,NA,NA,NA,NA
"441427eaed307da0b6ddef074d742cf4","Unassigned",NA,NA,NA,NA,NA,NA
"2adb7f8dfb530175707a20dafa2e47eb","Unassigned",NA,NA,NA,NA,NA,NA
"5406a5a38a09bf1aaa2e383d2af0faaf","Unassigned",NA,NA,NA,NA,NA,NA
"6b49a951fbc51fa8f7a6eb84c2880d28","Unassigned",NA,NA,NA,NA,NA,NA
"c6f8a92c32a1a1918e790c0ea9fc8692","Unassigned",NA,NA,NA,NA,NA,NA
"18574c33c44f983da04f6ffc7fdd32f1","Unassigned",NA,NA,NA,NA,NA,NA
"8dfbb66426f38ad98f4bd6789a7ff383","Unassigned",NA,NA,NA,NA,NA,NA
"35c6e62a6ab944f2ceba2e080fb8292f","Unassigned",NA,NA,NA,NA,NA,NA
"6b9f586fcc16a18ef98e81243a70eb09","Unassigned",NA,NA,NA,NA,NA,NA
"bf4f3ff2152d1a19c81025862617cd97","Unassigned",NA,NA,NA,NA,NA,NA
"8418e6c00514c3a8069f0cbd57c46a53","Unassigned",NA,NA,NA,NA,NA,NA
"870acf780f1b900383831b1255837e26","Unassigned",NA,NA,NA,NA,NA,NA
"4d0114f2d34fae5d42b48bb81cf0cb73","Unassigned",NA,NA,NA,NA,NA,NA
"30c54fb5dcf6c7c862c2abe2c01a2578","Unassigned",NA,NA,NA,NA,NA,NA
"4af5209148895189d99a39d6bb1496ba","Unassigned",NA,NA,NA,NA,NA,NA
"6db4d6e37821accb2e13932612b7a920","Unassigned",NA,NA,NA,NA,NA,NA
"9737eed7042edff7803716d9cd592967","Unassigned",NA,NA,NA,NA,NA,NA
"a1121e2dc192fcabe2ef5b531d09226e","Unassigned",NA,NA,NA,NA,NA,NA
"5ba3f48867221240131ce1f12d2f0e70","Unassigned",NA,NA,NA,NA,NA,NA
"5b2449d8541082ebadc60f93429c60fc","Unassigned",NA,NA,NA,NA,NA,NA
"840af9fb5cac5b497d8fb6596c210a3e","Unassigned",NA,NA,NA,NA,NA,NA
"299bc66ff2a9c14cb2442109fa557763","Unassigned",NA,NA,NA,NA,NA,NA
"06a1a12bf83cd7c7b4d178dd1156d0e0","Unassigned",NA,NA,NA,NA,NA,NA
"2c9cb05b4b9bc323acd7694a2d1cb2a3","Unassigned",NA,NA,NA,NA,NA,NA
"70d56bf3239d9a4b4bd1c677ea0d7b0e","Unassigned",NA,NA,NA,NA,NA,NA
"bbd68c132e5d5aca0ee214f8d9a876bd","Unassigned",NA,NA,NA,NA,NA,NA
"50b94b17cee92a4c6cb24b43f664df2a","Unassigned",NA,NA,NA,NA,NA,NA
"471b97e812486bbd526ccf4422d0b382","Unassigned",NA,NA,NA,NA,NA,NA
"e52587afd81457775227f4169641ed68","Unassigned",NA,NA,NA,NA,NA,NA
"44bc9d505477a90fa8822a20e736c23f","Unassigned",NA,NA,NA,NA,NA,NA
"2de1dfc17709983889f606dfd6957328","Unassigned",NA,NA,NA,NA,NA,NA
"1ea3cc4948bbb8b1ad860ebb34eb346c","Unassigned",NA,NA,NA,NA,NA,NA
"b475b0f90bb7027becd37d4e3066be13","Unassigned",NA,NA,NA,NA,NA,NA
"015baf4f41a5c075d5be5c3ed7436ada","Unassigned",NA,NA,NA,NA,NA,NA
"e3c6cbb795e762db6867f4e14ea605bc","Unassigned",NA,NA,NA,NA,NA,NA
"dc9ec5c1995574571da6fc67f02128c5","Unassigned",NA,NA,NA,NA,NA,NA
"047dd8e1743899a9dc1d23f67a2f5876","Unassigned",NA,NA,NA,NA,NA,NA
"8cdf6843c80522e2fdb8c24df5a5c202","Unassigned",NA,NA,NA,NA,NA,NA
"8ae4aef0a9ad1882cfe167965881675e","Unassigned",NA,NA,NA,NA,NA,NA
"90931fa980bfe0f673c77561c1c13e58","Unassigned",NA,NA,NA,NA,NA,NA
"1d3dc53ddb2d86448a34dbf2090f1cff","Fungi","Mortierellomycota","Mortierellomycetes","Mortierellales","Mortierellaceae","Mortierella","Mortierella_sp"
"a318e5292a21ded2041b3f20d220b77c","Unassigned",NA,NA,NA,NA,NA,NA
"2635e1c12264e66a32385c20705ae0eb","Unassigned",NA,NA,NA,NA,NA,NA
"ca6384d9792f90e599584167bf92a740","Unassigned",NA,NA,NA,NA,NA,NA
"5b788753d5d82478dca1768e1f4d7c8b","Unassigned",NA,NA,NA,NA,NA,NA
"caf5a12377edee69d93a9fe1d01fe335","Unassigned",NA,NA,NA,NA,NA,NA
"723757748ed02276d6c59b7e2835f6e1","Unassigned",NA,NA,NA,NA,NA,NA
"fa5ba28f623ee6851914548104391d0a","Unassigned",NA,NA,NA,NA,NA,NA
"3289751c09fe3852b0a39e83fcb77af0","Unassigned",NA,NA,NA,NA,NA,NA
"694b88f10d9c2436d7b6a339583f5d0a","Unassigned",NA,NA,NA,NA,NA,NA
"535c2322d42453451374116c621a866d","Unassigned",NA,NA,NA,NA,NA,NA
"27e571060600f18349c21f9e31d9484b","Unassigned",NA,NA,NA,NA,NA,NA
"09e3becc5f4c80255e74c83c5ed3cb7d","Unassigned",NA,NA,NA,NA,NA,NA
"a04509e9984ecac7f4a4ef3b87221127","Unassigned",NA,NA,NA,NA,NA,NA
"8a2451ee1924a61344b5d8b0f33abf8d","Unassigned",NA,NA,NA,NA,NA,NA
"8f2256c9da1cd815e0dd3db04eca954d","Unassigned",NA,NA,NA,NA,NA,NA
"aa6188bc8efc75ca35fb34a494420dba","Unassigned",NA,NA,NA,NA,NA,NA
"4d383cc7738c032a24300aac30778180","Fungi","Mucoromycota","Umbelopsidomycetes","Umbelopsidales","Umbelopsidaceae","Umbelopsis","Umbelopsis_sp"
"3c96bdd2df6732d515f6827c76930100","Unassigned",NA,NA,NA,NA,NA,NA
"d952e53e1d058885a77d64d16452e692","Unassigned",NA,NA,NA,NA,NA,NA
"dad29320e928806f5f6bf19867cca22f","Unassigned",NA,NA,NA,NA,NA,NA
"8f92a83dc1b815a7b429c57f49844273","Unassigned",NA,NA,NA,NA,NA,NA
"af9cd772a086757c04ca4f8875346683","Fungi","Basidiomycota","Microbotryomycetes","Sporidiobolales","Sporidiobolaceae","Rhodotorula","Rhodotorula_paludigena"
"afe798e682eeb44641d677bfcef0962a","Unassigned",NA,NA,NA,NA,NA,NA
"4946bc536737130b30a4b8aab3efc638","Unassigned",NA,NA,NA,NA,NA,NA
"f8a3d8d3ed2d8290c49875d494619708","Unassigned",NA,NA,NA,NA,NA,NA
"a57159dcd86a4b3bac72169bd77568da","Unassigned",NA,NA,NA,NA,NA,NA
"a78f3a54949beae372cfa1f3857b7b54","Unassigned",NA,NA,NA,NA,NA,NA
"b7aec18fe4ef1099358194ca6fffe2f3","Fungi","Basidiomycota","Agaricomycetes","Agaricales","Strophariaceae","Agrocybe","Agrocybe_praecox"
"ea2a5c90c655ba0090370cca388055d8","Unassigned",NA,NA,NA,NA,NA,NA
"cc0322cdc79a4195de0b70d3e99ac3b3","Unassigned",NA,NA,NA,NA,NA,NA
"10a4f5150f786c84b4588b4c24391f23","Unassigned",NA,NA,NA,NA,NA,NA
"ad1e4143d034c0586775ad216e3e7375","Unassigned",NA,NA,NA,NA,NA,NA
"2f8c2033578af2f797a1361444bd2792","Unassigned",NA,NA,NA,NA,NA,NA
"6f1232801c9636427ee9a64b50ceaf64","Unassigned",NA,NA,NA,NA,NA,NA
"1cc0e22ded12c0497072e424cbeaa343","Unassigned",NA,NA,NA,NA,NA,NA
"39b26b2a32ab9ec0c4cc0ed14f376200","Fungi","Basidiomycota","Agaricomycetes","Thelephorales","Thelephoraceae",NA,NA
"b186190571a22c447d6e5ed66752431b","Fungi","Ascomycota","Eurotiomycetes","Onygenales","Arthrodermataceae","Epidermophyton","Epidermophyton_floccosum"
"6e28a800f57447670fd366e4739b0260","Unassigned",NA,NA,NA,NA,NA,NA
"3e7ed3437641cdf81c8b501acedd3573","Unassigned",NA,NA,NA,NA,NA,NA
"03dce5a6640ac6f8eadcd3a96b60aeca","Unassigned",NA,NA,NA,NA,NA,NA
"483b00f8f28e3d663fafddf6a20189ff","Unassigned",NA,NA,NA,NA,NA,NA
"0917d9364a7fdaebc2e660e59fd72960","Unassigned",NA,NA,NA,NA,NA,NA
"7b4e64572e9c83e902f8cbeec94fef20","Unassigned",NA,NA,NA,NA,NA,NA
"dc12967c34800248ff74649d2d4b204b","Unassigned",NA,NA,NA,NA,NA,NA
"3e9d8bedaf668a9e9a249c69a5734faa","Unassigned",NA,NA,NA,NA,NA,NA
"dfede30d6e9ca75e6ff74adb2a549b88","Unassigned",NA,NA,NA,NA,NA,NA
"9bb76cf0d4345e97d3c677c869414d73","Unassigned",NA,NA,NA,NA,NA,NA
"9457716bbc41f47d8c2c0b854f1ed99a","Unassigned",NA,NA,NA,NA,NA,NA
"8bb8bef0aa19592f0094be1918f8bed9","Unassigned",NA,NA,NA,NA,NA,NA
"b2aeb1a683eec0b40248ebda1bf26de3","Unassigned",NA,NA,NA,NA,NA,NA
"d371aba6cbaf34a132df3346356d9329","Unassigned",NA,NA,NA,NA,NA,NA
"28797cf8955d2087af0ed4be9a145da7","Unassigned",NA,NA,NA,NA,NA,NA
"1b0d7fce5995e2a4cb08c52a91a706a1","Unassigned",NA,NA,NA,NA,NA,NA
"a9703105eceab4751b68fadb477e70ec","Unassigned",NA,NA,NA,NA,NA,NA
"62ecddd5ca7689cbf4e72514172a4b84","Unassigned",NA,NA,NA,NA,NA,NA
"92697a619de572e6ce9b7f16611d2f59","Unassigned",NA,NA,NA,NA,NA,NA
"24751f8ab82f3b683e492b24fc196c37","Unassigned",NA,NA,NA,NA,NA,NA
"c693b419e192cf3342e55e50e4d6a701","Unassigned",NA,NA,NA,NA,NA,NA
"53c0bc39c637ecef80ba9ac51342e992","Unassigned",NA,NA,NA,NA,NA,NA
"52e1789804bf9ca5991c09f291321685","Unassigned",NA,NA,NA,NA,NA,NA
"5fc31b1849520c5fd74c952216579b96","Unassigned",NA,NA,NA,NA,NA,NA
"8032f53ae0c8b09430e4375643241e47","Unassigned",NA,NA,NA,NA,NA,NA
"c90d845393563295749300e255c17fcf","Unassigned",NA,NA,NA,NA,NA,NA
"cde330e569f0ffd3716040373921ba57","Fungi","Basidiomycota","Agaricomycetes","Polyporales","Polyporaceae","Trametes",NA
"4624af458eba3ce5bb5e28624f9fdd1a","Fungi","Basidiomycota","Geminibasidiomycetes","Geminibasidiales","Geminibasidiaceae","Geminibasidium","Geminibasidium_sp"
"c21accd5a0b1948a02e5b07b3080d0e5","Unassigned",NA,NA,NA,NA,NA,NA
"df57c31f67f7618e5885964309aee97b","Unassigned",NA,NA,NA,NA,NA,NA
"f117efedc707432b93aeb024d7365791","Unassigned",NA,NA,NA,NA,NA,NA
"fcd5d0463d1616df9868f02c54bd33a8","Unassigned",NA,NA,NA,NA,NA,NA
"56882fd01d1c2a467c8d715881d2f7fa","Unassigned",NA,NA,NA,NA,NA,NA
"1ea3f156fe0eeee11f80e39dff521de5","Fungi",NA,NA,NA,NA,NA,NA
"b48f866ade43e2df1011d9fe1cbacedd","Unassigned",NA,NA,NA,NA,NA,NA
"728d1f3f6add2aba2ef457b157d54ab5","Unassigned",NA,NA,NA,NA,NA,NA
"903103611d93fe66bbd209f66842dd85","Unassigned",NA,NA,NA,NA,NA,NA
"e8fc83320e1be5e99faae1f1d63ae331","Unassigned",NA,NA,NA,NA,NA,NA
"84d63a19a6f9811c726003c41c25a792","Unassigned",NA,NA,NA,NA,NA,NA
"f7e705632bb22a50408a2c7135dc03fb","Unassigned",NA,NA,NA,NA,NA,NA
"7b307caf157a0332eed93537e705e492","Unassigned",NA,NA,NA,NA,NA,NA
"68a4879ec0d6ea919d482c3f5ffc5f7f","Unassigned",NA,NA,NA,NA,NA,NA
"bee2348b7786d1aeb1f46774563ad14e","Unassigned",NA,NA,NA,NA,NA,NA
"739230eded686b3bd4c5635a6760de97","Unassigned",NA,NA,NA,NA,NA,NA
"6164e52b8285e9fe3316dbfaea795c37","Fungi","Ascomycota",NA,NA,NA,NA,NA
"de7bd6a348ca64129f132c8b340693c6","Unassigned",NA,NA,NA,NA,NA,NA
"76963504a74e7e722f015f3a0b0cacfc","Unassigned",NA,NA,NA,NA,NA,NA
"6a91e1a60df3e7dd9e1a79b5992d3bed","Unassigned",NA,NA,NA,NA,NA,NA
"5e9cafbe49555a1593f6013bac9121f2","Unassigned",NA,NA,NA,NA,NA,NA
"2e5b277ee8f139c896609a2bac656af1","Unassigned",NA,NA,NA,NA,NA,NA
"5e3b41c572f91e779b0f26d1541f6101","Fungi","Ascomycota","Sordariomycetes","Microascales","Microascaceae",NA,NA
"cc38dfda201ca8fffd60f549af066d7f","Unassigned",NA,NA,NA,NA,NA,NA
"f09ad8e3cb74b4bdf232c6067354b177","Unassigned",NA,NA,NA,NA,NA,NA
"f149f82ce7edd893a115afd70777d217","Unassigned",NA,NA,NA,NA,NA,NA
"69dbcbdf7546e45eb71e9317ff138475","Unassigned",NA,NA,NA,NA,NA,NA
"ccb11d7d14a0db36f166f4289044fba0","Unassigned",NA,NA,NA,NA,NA,NA
"44a29913abb5a2bf8439f7317cbe84f5","Unassigned",NA,NA,NA,NA,NA,NA
"c441afe5f924659d7b1feeac89aed653","Unassigned",NA,NA,NA,NA,NA,NA
"cb4b00ffa7c66d1e16ecfbba52e1e19c","Unassigned",NA,NA,NA,NA,NA,NA
"b429b9a18c970a1d3081feba8130bec8","Unassigned",NA,NA,NA,NA,NA,NA
"f0f9d393a53e25c3be6fdc15359a0b91","Unassigned",NA,NA,NA,NA,NA,NA
"588089fa10eb4f81fde11478b7ef6ccb","Unassigned",NA,NA,NA,NA,NA,NA
"aaa2e7e35d0b074024ea198a983f9e75","Unassigned",NA,NA,NA,NA,NA,NA
"7974c2dfd252d29a5997dda74ec45509","Unassigned",NA,NA,NA,NA,NA,NA
"e92fe46039d9d0c4ebae528dba89605c","Unassigned",NA,NA,NA,NA,NA,NA
"21e4f1f20c215bb7f9f2b9199d7ddd25","Fungi","Basidiomycota","Agaricomycetes","Agaricales","Pleurotaceae","Hohenbuehelia",NA
"45ca522d2fabd8800fe1ac44b802c793","Unassigned",NA,NA,NA,NA,NA,NA
"32099c9353360a8a582ea232347e37a9","Unassigned",NA,NA,NA,NA,NA,NA
"a0d70471e14ea0be58bd1546ac9db497","Unassigned",NA,NA,NA,NA,NA,NA
"6e15b7d01b11dc4c7f2eb83ab650d795","Fungi",NA,NA,NA,NA,NA,NA
"0909d828d5e552d94542d0092dd7564c","Unassigned",NA,NA,NA,NA,NA,NA
"c5a4de2c20a098928bcd053173f8b51e","Unassigned",NA,NA,NA,NA,NA,NA
"15c647ef8e3be153fe7237af21843781","Fungi","Ascomycota","Sordariomycetes","Glomerellales","Plectosphaerellaceae",NA,NA
"9fbde090641f3da7f929781d91d6df67","Unassigned",NA,NA,NA,NA,NA,NA
"f4ae19a9febbd5dd735f39c9bd593fd4","Unassigned",NA,NA,NA,NA,NA,NA
"825fc400399e3ab85a79046232fc7252","Unassigned",NA,NA,NA,NA,NA,NA
"befa0a7f516d4a5aabdbe874ebe2e070","Unassigned",NA,NA,NA,NA,NA,NA
"e4dca30cb5ae301e698a82e3a06b7b3f","Fungi","Ascomycota","Sordariomycetes","Hypocreales","Ophiocordycipitaceae","Tolypocladium",NA
"c0e6458ab45a3662ab81b7b002499c11","Fungi","Fungi_phy_Incertae_sedis","Fungi_cls_Incertae_sedis","Fungi_ord_Incertae_sedis","Fungi_fam_Incertae_sedis","Fungi_gen_Incertae_sedis","Fungi_sp"
"76d38fb443d5bd4fcca9677a11758e3e","Unassigned",NA,NA,NA,NA,NA,NA
"524b6fcee44d0ce700ab99b139cac0b5","Unassigned",NA,NA,NA,NA,NA,NA
"7ab5043b95ca2044be031998457885e8","Unassigned",NA,NA,NA,NA,NA,NA
"9d3225877b25118fadc248d71ac81177","Unassigned",NA,NA,NA,NA,NA,NA
"c589b9f8e5852011ffcaf69ee7be5873","Unassigned",NA,NA,NA,NA,NA,NA
"8357fb6165dd0723dd5bce6865ed9da9","Unassigned",NA,NA,NA,NA,NA,NA
"dcd680438d31461f5225ce90d58a1cd2","Unassigned",NA,NA,NA,NA,NA,NA
"88b2405f19729c9117af7462b4ff77d4","Unassigned",NA,NA,NA,NA,NA,NA
"128e8e74c230e98cd2e3d59933d959f7","Unassigned",NA,NA,NA,NA,NA,NA
"5fa15ab03ba2748e9c0e27e9d4e54875","Unassigned",NA,NA,NA,NA,NA,NA
"2cb7d6fde22fd0ca7367dc12db0025a1","Unassigned",NA,NA,NA,NA,NA,NA
"746f3ab40cc04f2e0f3af6364248721a","Unassigned",NA,NA,NA,NA,NA,NA
"132b72079fac132c3d280c7b2d6552f7","Unassigned",NA,NA,NA,NA,NA,NA
"88ea934027022b9bb6c08e70c839a875","Unassigned",NA,NA,NA,NA,NA,NA
"fb96af265c357365f917df4963f92909","Unassigned",NA,NA,NA,NA,NA,NA
"18c68729eb84f953bee1ae6bcc61bdc8","Unassigned",NA,NA,NA,NA,NA,NA
"fdd5a32dc4d5255342de61fd4b6199d4","Unassigned",NA,NA,NA,NA,NA,NA
"8dfc31beeb54e9e13156205d543ca1ca","Unassigned",NA,NA,NA,NA,NA,NA
"09c414b4a41417c9085e66751f584b69","Unassigned",NA,NA,NA,NA,NA,NA
"d75419dc7f69ae8570a9b75a1e115954","Unassigned",NA,NA,NA,NA,NA,NA
"d3139651e1c735e18eed47c45aa26df8","Unassigned",NA,NA,NA,NA,NA,NA
"44d75c8045644ba2a44602756c315d7a","Unassigned",NA,NA,NA,NA,NA,NA
"f8eb66d4eb4ebdfe9b0da46abb57b445","Unassigned",NA,NA,NA,NA,NA,NA
"40c72aeaedad2640822f4e6fcdf00ef5","Unassigned",NA,NA,NA,NA,NA,NA
"518d71f6e69c898bff35cfbbe1e29a5c","Unassigned",NA,NA,NA,NA,NA,NA
"e6eceb3f41a065693cc1a462ba44ca82","Fungi","Ascomycota","Saccharomycetes","Saccharomycetales","Phaffomycetaceae","Cyberlindnera","Cyberlindnera_sp"
"ae96b994bf0a7079c93d28b10b785ae9","Unassigned",NA,NA,NA,NA,NA,NA
"baf3bfdebde4964d7ca87e7f95f4c001","Unassigned",NA,NA,NA,NA,NA,NA
"ad301625ba1c500ff175debd7fe4bf81","Fungi","Ascomycota","Saccharomycetes","Saccharomycetales","Saccharomycodaceae","Hanseniaspora","Hanseniaspora_osmophila"
"dd00dbb646370930a71dfd55b3892c44","Unassigned",NA,NA,NA,NA,NA,NA
"1430552a9c335c09348bea7d740a8a62","Unassigned",NA,NA,NA,NA,NA,NA
"4ea0065bb692a644bab90902eb496a91","Unassigned",NA,NA,NA,NA,NA,NA
"94e58ff9d979862370bc9083d08f2497","Fungi","Ascomycota","Eurotiomycetes","Chaetothyriales","Herpotrichiellaceae","Exophiala",NA
"4860d4c388d11ca321d7af4ba8a280ec","Unassigned",NA,NA,NA,NA,NA,NA
"1366ff97fe6110c860dfdf9619c3a7fc","Fungi","Ascomycota","Sordariomycetes","Microascales","Microascaceae","Scedosporium","Scedosporium_aurantiacum"
"80ff8364de781d2fdc037942d5702137","Unassigned",NA,NA,NA,NA,NA,NA
"c060533fe663e517c8a614d9fea718b1","Unassigned",NA,NA,NA,NA,NA,NA
"d1ddfcc011042f388445e98af24db5b7","Unassigned",NA,NA,NA,NA,NA,NA
"19685ae52c4b14545a21dbeb22fcd002","Unassigned",NA,NA,NA,NA,NA,NA
"6b5431d7753cad45b675cafbc631e13d","Unassigned",NA,NA,NA,NA,NA,NA
"74e4ac953459c77e5398cc4511823ecd","Fungi","Basidiomycota","Agaricomycetes","Boletales","Coniophoraceae","Coniophora",NA
"6cb875dd9ce7943ea49baf51ef54ab5e","Unassigned",NA,NA,NA,NA,NA,NA
"0343c3638ba16cdf2ba757d5115af082","Fungi","Ascomycota","Dothideomycetes","Tubeufiales","Wiesneriomycetaceae","Spissiomyces","Spissiomyces_sp"
"78694edfc376b7b9e3698ab824eb717e","Fungi","Ascomycota","Eurotiomycetes","Onygenales","Arthrodermataceae","Trichophyton","Trichophyton_rubrum"
"c671a1f88735e7c5d18cc776b3aa4c66","Unassigned",NA,NA,NA,NA,NA,NA
"7d9168e3ca3aa17cdd4a732c0fd2418a","Unassigned",NA,NA,NA,NA,NA,NA
"0fb1e9905d5ba5d354f379d13b2b4fd2","Unassigned",NA,NA,NA,NA,NA,NA
"05e4a9aca3c3d52962be4ec72fb3baf5","Unassigned",NA,NA,NA,NA,NA,NA
"fceb991c77bc8154d876c4780ad0b3ac","Unassigned",NA,NA,NA,NA,NA,NA
"ae080449f02bdfa9876dc7dfd9f3f357","Unassigned",NA,NA,NA,NA,NA,NA
"f3cbc600bfd4f376ce4114da2829147e","Fungi","Basidiomycota","Agaricomycetes","Hymenochaetales","Hymenochaetaceae","Pseudoinonotus","Pseudoinonotus_dryadeus"
"9ae484fc330b50f6a0455f72323c6dc0","Unassigned",NA,NA,NA,NA,NA,NA
"10d1249b2f53cd97b01cb3a2752c9fbe","Unassigned",NA,NA,NA,NA,NA,NA
"bdababaea95c5e6eafcde12ff3e591cb","Unassigned",NA,NA,NA,NA,NA,NA
"56dd30b423002dff918f5c69ea68cbbe","Unassigned",NA,NA,NA,NA,NA,NA
"524bf56e7ee39cd45201b2f6acdf2056","Unassigned",NA,NA,NA,NA,NA,NA
"125b5090befe71f8d6f4e02c5a81245d","Unassigned",NA,NA,NA,NA,NA,NA
"0f240656423fd87d26e4d53f989fd3e1","Unassigned",NA,NA,NA,NA,NA,NA
"e5c6c862f52798711bda5f320390e40c","Unassigned",NA,NA,NA,NA,NA,NA
"a1c9071301f3bfcc03a8ed9e241ed743","Unassigned",NA,NA,NA,NA,NA,NA
"83a25ed05401ac1342788f69a4c324fd","Unassigned",NA,NA,NA,NA,NA,NA
"28149e4729f02e23be77739ed60fca22","Unassigned",NA,NA,NA,NA,NA,NA
"77849be4d06e68d3e5a4d93f07a81de8","Unassigned",NA,NA,NA,NA,NA,NA
"1bf28d0819912dc3599bd38604d8664c","Unassigned",NA,NA,NA,NA,NA,NA
"ee315605e41d5bc572178100d7e2ad61","Unassigned",NA,NA,NA,NA,NA,NA
"db337a90fce1f0595e69ac3545939d18","Fungi","Ascomycota","Eurotiomycetes","Onygenales","Spiromastigaceae","Spiromastix","Spiromastix_sp"
"3d3fe37c41d8b47cee0df24b16a8f3e3","Unassigned",NA,NA,NA,NA,NA,NA
"92751cee80088722a8e91f6f53a3c1f0","Fungi","Ascomycota","Eurotiomycetes","Eurotiales","Aspergillaceae","Aspergillus",NA
"2d03a5a5e8c535f48b25373674b6b356","Unassigned",NA,NA,NA,NA,NA,NA
"fe384b4da236f5e68566adce09162a9a","Unassigned",NA,NA,NA,NA,NA,NA
"0338433e042ce7a5ea82e1853a99d2cd","Unassigned",NA,NA,NA,NA,NA,NA
"490dd8346e8047582d352f32e911a36f","Unassigned",NA,NA,NA,NA,NA,NA
"7842ffb6e0aa0be99ee4fd1cdac486cd","Unassigned",NA,NA,NA,NA,NA,NA
"e82987da07d40ec06a26d10716decf57","Unassigned",NA,NA,NA,NA,NA,NA
"a70bcd61e7c874e4a6db141d1a99c0fb","Unassigned",NA,NA,NA,NA,NA,NA
"e449bdad385555054fbc22649e16daef","Unassigned",NA,NA,NA,NA,NA,NA
"03491bcdc9c5c6d986f6d7bdb18d6084","Unassigned",NA,NA,NA,NA,NA,NA
"26b69dfddb1969d2591d963bf0078d58","Unassigned",NA,NA,NA,NA,NA,NA
"3673aa4dbfe59051833d96b7387b1eae","Unassigned",NA,NA,NA,NA,NA,NA
"2c780f0d3619212d18cb98ee2a3be6fe","Unassigned",NA,NA,NA,NA,NA,NA
"5962e6e5602fa7c8dd70719dc051eb9b","Unassigned",NA,NA,NA,NA,NA,NA
"804ac8bfb02fbe9c533b41431636297f","Fungi","Ascomycota","Sordariomycetes","Hypocreales","Nectriaceae","Penicillifer",NA
"6556d2f9344cc61f51bdd7176644bdf3","Unassigned",NA,NA,NA,NA,NA,NA
"21c6aeae2c312312742c3b1930b71792","Unassigned",NA,NA,NA,NA,NA,NA
"a3a2dbed8b9ab27a3f5dd94d8822996d","Unassigned",NA,NA,NA,NA,NA,NA
"6152c365992057ef04ea9d3ee197d126","Unassigned",NA,NA,NA,NA,NA,NA
"7a8cddee27107d60292f3fdc00fb67dc","Unassigned",NA,NA,NA,NA,NA,NA
"ec5bde98d8c025b32e56678698ed99d2","Unassigned",NA,NA,NA,NA,NA,NA
"7ce1f6aae917bc109d842b09f1956172","Unassigned",NA,NA,NA,NA,NA,NA
"6e28832ab5296dae49e9b5262652d85e","Unassigned",NA,NA,NA,NA,NA,NA
"195567a72bff5d54db24528efa3bfe69","Unassigned",NA,NA,NA,NA,NA,NA
"ba563ab6673b2103ef840465ac17fff7","Unassigned",NA,NA,NA,NA,NA,NA
"06d551de21072a3ba92397d5153ccbb8","Unassigned",NA,NA,NA,NA,NA,NA
"fdc9144f4a74cc7640b05885e02afe5d","Unassigned",NA,NA,NA,NA,NA,NA
"21222659c92d3b4f8131254264116635","Unassigned",NA,NA,NA,NA,NA,NA
"6c10a9b3ec14664315dd87b1183169a8","Unassigned",NA,NA,NA,NA,NA,NA
"1af6ea48bf4e51ee01818d2d13329e8c","Fungi","Ascomycota","Sordariomycetes","Microascales","Microascaceae","Kernia","Kernia_hippocrepida"
"ed19f2a383e4029c842d8c057ce37a20","Unassigned",NA,NA,NA,NA,NA,NA
"49d34f157370fac465f9afbe8e3cd91f","Unassigned",NA,NA,NA,NA,NA,NA
"452ec7f3ae8ade5be4fab33f678d36df","Unassigned",NA,NA,NA,NA,NA,NA
"11f707b2cf26c4f135260b704cf5d062","Unassigned",NA,NA,NA,NA,NA,NA
"ebf44954df4357eb74d36c6b138a79e4","Unassigned",NA,NA,NA,NA,NA,NA
"abbbfb244ce7254994b6e6f5ce78c521","Unassigned",NA,NA,NA,NA,NA,NA
"c1cb3eea32a15c22012a0928acadeef1","Unassigned",NA,NA,NA,NA,NA,NA
"8d7b4837d167f33a19d11b442ebbe9b5","Unassigned",NA,NA,NA,NA,NA,NA
"34f5058a6e120db75f2c94a48c494185","Unassigned",NA,NA,NA,NA,NA,NA
"e333b43f41dc2b7228dc92df65281010","Unassigned",NA,NA,NA,NA,NA,NA
"15a19b19f20bd944d55a0dca7496218e","Unassigned",NA,NA,NA,NA,NA,NA
"5aad284a7d21de3a25c14e6d89bbd3fa","Unassigned",NA,NA,NA,NA,NA,NA
"9e03c45dee7f15b39a09054bb26536ba","Unassigned",NA,NA,NA,NA,NA,NA
"de189ee041dc0b5ab08c1bedb81f0530","Unassigned",NA,NA,NA,NA,NA,NA
"ca8416ea71b132118b93b13e2279689a","Fungi","Ascomycota","Eurotiomycetes","Chaetothyriales","Herpotrichiellaceae","Cladophialophora",NA
"6aea2e5c4809a6ca2178c4daee2d4e56","Unassigned",NA,NA,NA,NA,NA,NA
"c26e31af5edb457de71ae33ac9146d6e","Unassigned",NA,NA,NA,NA,NA,NA
"031c86779870c0e44e47e2a0c742ebd0","Fungi","Ascomycota","Dothideomycetes","Venturiales","Sympoventuriaceae","Scolecobasidium",NA
"e5cc106fcf864fa306391e574a718550","Unassigned",NA,NA,NA,NA,NA,NA
"3a467a86e2f5b2da3dfcdb7d68993ff9","Unassigned",NA,NA,NA,NA,NA,NA
"08ff0c4dc71fb8edb6b01a8d9864ce73","Unassigned",NA,NA,NA,NA,NA,NA
"5d4f9fd8420b00b23770b7c0373046a3","Unassigned",NA,NA,NA,NA,NA,NA
"c4d1deafd7950ef782ad14df7a152cd0","Unassigned",NA,NA,NA,NA,NA,NA
"457a23fb95b76b648408e8e58bd6b1fb","Unassigned",NA,NA,NA,NA,NA,NA
"ec8908b84614ad51a62a8cb61c145c49","Unassigned",NA,NA,NA,NA,NA,NA
"593e08e4ae071bcb88da5b48acf578b7","Fungi","Ascomycota","Sordariomycetes","Chaetosphaeriales","Chaetosphaeriaceae",NA,NA
"e1241ee620f3546dd6e62bac69d1a32d","Fungi",NA,NA,NA,NA,NA,NA
"7a45403e0827e4b23683d293dce20b97","Unassigned",NA,NA,NA,NA,NA,NA
"cea401dfd01b033856c85c65e3712133","Unassigned",NA,NA,NA,NA,NA,NA
"346a4fd38c7b0fc5759cd2d7c4391214","Unassigned",NA,NA,NA,NA,NA,NA
"c55b206a513126074f03a8546723aa90","Unassigned",NA,NA,NA,NA,NA,NA
"b56e60be809cda4bcf48f712bdab84ec","Unassigned",NA,NA,NA,NA,NA,NA
"65166f8e9e40685acdcffd515d3574ae","Unassigned",NA,NA,NA,NA,NA,NA
"e20443882504f6daf8715525fdbe32de","Unassigned",NA,NA,NA,NA,NA,NA
"fdf2b71797026825568286cef29714e5","Unassigned",NA,NA,NA,NA,NA,NA
"33267db867b2afc2bb4ff8d711ffa72e","Unassigned",NA,NA,NA,NA,NA,NA
"bb74ae9ff009436a80d6b9411c8dfa49","Unassigned",NA,NA,NA,NA,NA,NA
"5cfbde94cb1c58943ff0a8cb9d1a2903","Unassigned",NA,NA,NA,NA,NA,NA
"af402782958f50b0a594d90609683d4a","Unassigned",NA,NA,NA,NA,NA,NA
"3b8379c0e73bed928501a77509086372","Unassigned",NA,NA,NA,NA,NA,NA
"757ddd96772ca3d6387a62fd2099cf44","Unassigned",NA,NA,NA,NA,NA,NA
"231894b9c39faa6150881e0b75f9f011","Unassigned",NA,NA,NA,NA,NA,NA
"ce67939eb5f2837626da06dbe1f68396","Unassigned",NA,NA,NA,NA,NA,NA
"725cb309edd98cb715a58700988380a0","Fungi","Ascomycota","Dothideomycetes","Botryosphaeriales","Phyllostictaceae","Phyllosticta",NA
"c3fcee864b7a38910e27f08a09fbd2dd","Unassigned",NA,NA,NA,NA,NA,NA
"fc5e0c8012b3e77d10cf84cbcb6b6002","Unassigned",NA,NA,NA,NA,NA,NA
"2812c6f2afcdd76443cfebeef223d74a","Unassigned",NA,NA,NA,NA,NA,NA
"4fd3711faf96b59bdb9505be1ea77e23","Unassigned",NA,NA,NA,NA,NA,NA
"70a8c0984eb8629e27662faefa19a68e","Unassigned",NA,NA,NA,NA,NA,NA
"6b6875f4255cd2cb281f5d92c30c0b4b","Unassigned",NA,NA,NA,NA,NA,NA
"f37a2d8be38094e1fbf5afaaa46301be","Unassigned",NA,NA,NA,NA,NA,NA
"b0bc028b1b0277bd228e88cc19397509","Unassigned",NA,NA,NA,NA,NA,NA
"f8930cfca8af78a16c7b7cf893d74a37","Fungi","Ascomycota","Eurotiomycetes","Chaetothyriales","Herpotrichiellaceae","Exophiala","Exophiala_bergeri"
"d73abbcd9a8dc11739b8f15340aec0ac","Unassigned",NA,NA,NA,NA,NA,NA
"41c2ac293121b38184bcddc5687d1790","Unassigned",NA,NA,NA,NA,NA,NA
"971eaf85636bae8a83f323c49080d8f0","Unassigned",NA,NA,NA,NA,NA,NA
"299a3ff3ddf1f80304b2863d17b3ebd1","Unassigned",NA,NA,NA,NA,NA,NA
"e4b34fa8fe4234c9fa12c8eef5eec84f","Unassigned",NA,NA,NA,NA,NA,NA
"93875d581a611c396c3c97d5bca615c1","Unassigned",NA,NA,NA,NA,NA,NA
"cb4ebc75d5cb7fb06c1668529d5f9e63","Unassigned",NA,NA,NA,NA,NA,NA
"1067dc332d03ac1abe47501f70874c61","Unassigned",NA,NA,NA,NA,NA,NA
"634694ebe57ce0f3aaa9d256202d36fd","Unassigned",NA,NA,NA,NA,NA,NA
"2baea1f335e925668163ea602fac043d","Fungi","Basidiomycota","Microbotryomycetes","Sporidiobolales","Sporidiobolaceae","Rhodotorula","Rhodotorula_sp"
"ea596ad6fb1036f80e112fdcceac8ada","Fungi","Basidiomycota","Ustilaginomycetes","Ustilaginales","Ustilaginaceae","Macalpinomyces",NA
"b0b9aca7f4a0452db306382cb0ef2c56","Fungi","Basidiomycota","Cystobasidiomycetes","Cystobasidiales","Cystobasidiaceae","Cystobasidium","Cystobasidium_laryngis"
"b3c7eeb669362b03f06c63f1a4bb456b","Unassigned",NA,NA,NA,NA,NA,NA
"a4cf7c77a6d240d2f6b1addb45a53788","Unassigned",NA,NA,NA,NA,NA,NA
"7ef72bb68340989495d872a1070d2f9a","Unassigned",NA,NA,NA,NA,NA,NA
"1abebe8dec461f76c5ae6f9ea7a9eac7","Unassigned",NA,NA,NA,NA,NA,NA
"2a2434e6d03f101280cde1fe1d1eda95","Unassigned",NA,NA,NA,NA,NA,NA
"fd0e399efe9158c7b10614e725db6cc2","Unassigned",NA,NA,NA,NA,NA,NA
"c3bdab6af0f655eeba60906c21666e13","Unassigned",NA,NA,NA,NA,NA,NA
"e62d864df5a3ae4704507e9dd395eba4","Fungi","Mucoromycota","Endogonomycetes","Endogonales","Endogonales_fam_Incertae_sedis","Endogonales_gen_Incertae_sedis","Endogonales_sp"
"3f1227c179b82b82acdddb1fee014e56","Unassigned",NA,NA,NA,NA,NA,NA
"d9bbfd1cc051b0b26df0108b6fac4216","Unassigned",NA,NA,NA,NA,NA,NA
"72c5ef42568d100c168d7897e12884e5","Unassigned",NA,NA,NA,NA,NA,NA
"7f08cb5324be5ebcc4c1d2703b690c75","Unassigned",NA,NA,NA,NA,NA,NA
"f37ba0a77bf223d272ca2f5ee6191e1c","Unassigned",NA,NA,NA,NA,NA,NA
"e1b31fda62752e8e56ea15a6bb678c79","Unassigned",NA,NA,NA,NA,NA,NA
"24193c6a5b40f8e84dad2446634deb93","Unassigned",NA,NA,NA,NA,NA,NA
"b04bc3084929b2e10d068cb17d3c0d8d","Unassigned",NA,NA,NA,NA,NA,NA
"a8d1602e309b08316b82caa3dbda59fd","Fungi","Basidiomycota","Agaricomycetes","Agaricales","Psathyrellaceae","Coprinopsis",NA
"0954e0ef37dde6e6bd3fb20d9a52cb49","Unassigned",NA,NA,NA,NA,NA,NA
"6e185cdf6afef3bb4f83e5273fdc8ee7","Unassigned",NA,NA,NA,NA,NA,NA
"f60956df3f0ca97dcaf916d8d7a4dae7","Unassigned",NA,NA,NA,NA,NA,NA
"f2b5cdc5c16ae864d92ae27cf398aad8","Unassigned",NA,NA,NA,NA,NA,NA
"0cef0a41b919e47dc220e08a4b88abe3","Fungi","Basidiomycota","Cystobasidiomycetes",NA,NA,NA,NA
"b496180ce4237b271c38fd8f2faf588e","Unassigned",NA,NA,NA,NA,NA,NA
"5f0fa378a3c5e6bb02a425f393892e8f","Unassigned",NA,NA,NA,NA,NA,NA
"00799eb55fc5f465228fba8b27ebcd1c","Unassigned",NA,NA,NA,NA,NA,NA
"2af6f1dc49422ef6205c9ff7caf818cb","Unassigned",NA,NA,NA,NA,NA,NA
"e7951c79c9a6efc5e058d4518030e9e6","Unassigned",NA,NA,NA,NA,NA,NA
"3c6ade8f0a0737d6ebcb82efd4fb1334","Unassigned",NA,NA,NA,NA,NA,NA
"641e63c4b42ac512b543c1ce649ce152","Unassigned",NA,NA,NA,NA,NA,NA
"537d01f2886c8cee749bd064fc0e8314","Unassigned",NA,NA,NA,NA,NA,NA
"72535b4f385f15a61ce76dd598d7fce6","Unassigned",NA,NA,NA,NA,NA,NA
"426eca69f25077e6b0cad8245a5888c5","Unassigned",NA,NA,NA,NA,NA,NA
"91acbe10ef0d6a55c0494187a4abb49b","Unassigned",NA,NA,NA,NA,NA,NA
"8dea72bf6572b64b245130d80509b6d1","Unassigned",NA,NA,NA,NA,NA,NA
"12cc8180dc329861bc038fbd601a913a","Unassigned",NA,NA,NA,NA,NA,NA
"4167b8cef39a13092fec236e816e9fec","Unassigned",NA,NA,NA,NA,NA,NA
"17e7715fc02ed256319ed920f544e767","Unassigned",NA,NA,NA,NA,NA,NA
"41d23472dbb2e7e53521f868fb3dcf18","Unassigned",NA,NA,NA,NA,NA,NA
"ea21a4a7f69314e36cd94873dc768e9a","Unassigned",NA,NA,NA,NA,NA,NA
"828e3fea292fe446dd2c0e663918b4c3","Unassigned",NA,NA,NA,NA,NA,NA
"298daa84fa00008ac334de383c88a2ed","Unassigned",NA,NA,NA,NA,NA,NA
"137cc4f8a7dbd1d3b4a8b3cfd30d39ba","Unassigned",NA,NA,NA,NA,NA,NA
"1ae98742f9beffb1df350a42c9199d70","Fungi","Basidiomycota","Agaricomycetes","Polyporales","Dacryobolaceae","Postia","Postia_ceriflua"
"40a275389ca4e4fd943dda42f371e504","Unassigned",NA,NA,NA,NA,NA,NA
"79a9b7f3eb91cd6377c8c52de215fc44","Unassigned",NA,NA,NA,NA,NA,NA
"633e3f77b9953bb2432ce02be5f69ede","Unassigned",NA,NA,NA,NA,NA,NA
"98497431636495fb2a24b619dfeb817b","Unassigned",NA,NA,NA,NA,NA,NA
"81fa5d77572fae672b69336055b1b6cd","Unassigned",NA,NA,NA,NA,NA,NA
"e69c7b53b8f005112d9237d867af489e","Unassigned",NA,NA,NA,NA,NA,NA
"247c7d3a52e7485d124bd1c87735d401","Unassigned",NA,NA,NA,NA,NA,NA
"f29f7c3e3dc6c182869242fb38897cf1","Fungi","Ascomycota","Leotiomycetes","Helotiales","Myxotrichaceae","Oidiodendron","Oidiodendron_sp"
"e4f771b5e3b53efc486dbf42a2b9bde0","Unassigned",NA,NA,NA,NA,NA,NA
"befb3b7f81e32ccf55af8061912a73fe","Fungi","Fungi_phy_Incertae_sedis","Fungi_cls_Incertae_sedis","Fungi_ord_Incertae_sedis","Fungi_fam_Incertae_sedis","Fungi_gen_Incertae_sedis","Fungi_sp"
"35129e1b0e0ba3e0b649e23047f1a2ca","Unassigned",NA,NA,NA,NA,NA,NA
"00987f9d869b7eff7114788161b24eab","Unassigned",NA,NA,NA,NA,NA,NA
"6a1ca9d955f91c9904f0dc16c55eaf4c","Unassigned",NA,NA,NA,NA,NA,NA
"d926ac23bd8cbf957419e367f5e6cf5c","Unassigned",NA,NA,NA,NA,NA,NA
"644b032d703af0686e48d9f67bf94fef","Unassigned",NA,NA,NA,NA,NA,NA
"bfb096b66c22c2377925fa728fc773b7","Unassigned",NA,NA,NA,NA,NA,NA
"31cb33c58bf378a5c46b8069dafd619f","Unassigned",NA,NA,NA,NA,NA,NA
"aff18faadbec05bd88e4d3a6a5c314e1","Unassigned",NA,NA,NA,NA,NA,NA
"e9817f33e3c007d8cb4ff617f5243d37","Unassigned",NA,NA,NA,NA,NA,NA
"b89d11957b5f94bf65354e0658f42a50","Unassigned",NA,NA,NA,NA,NA,NA
"9be4cc2c301ba4582aa288d15006fdd7","Unassigned",NA,NA,NA,NA,NA,NA
"84077e1960055571cc225e4924a86358","Unassigned",NA,NA,NA,NA,NA,NA
"517a938a74e256dec88349ad0989b075","Unassigned",NA,NA,NA,NA,NA,NA
"591c211b9fbef1171b32de7b35312836","Unassigned",NA,NA,NA,NA,NA,NA
"08d13ac58358f59de45e4d5a3ae8663e","Unassigned",NA,NA,NA,NA,NA,NA
"f8534145baf58874b2821fb144e7c732","Unassigned",NA,NA,NA,NA,NA,NA
"f08f439ab8dbc553122a17531e63aba6","Unassigned",NA,NA,NA,NA,NA,NA
"064734da40f1205a0db67e03ef3a3f99","Unassigned",NA,NA,NA,NA,NA,NA
"03ce4927223003b71537f9a3124aa723","Fungi",NA,NA,NA,NA,NA,NA
"628d3a2a2900a5040441bfecbf0aad3f","Fungi","Fungi_phy_Incertae_sedis","Fungi_cls_Incertae_sedis","Fungi_ord_Incertae_sedis","Fungi_fam_Incertae_sedis","Fungi_gen_Incertae_sedis","Fungi_sp"
"4bf7a2bbe090ab06b75525ec3ab09356","Unassigned",NA,NA,NA,NA,NA,NA
"741f66fcc77be8306730f51eb524d3f7","Unassigned",NA,NA,NA,NA,NA,NA
"3a97dfaf7ab36cad3405264e3d184321","Unassigned",NA,NA,NA,NA,NA,NA
"5136bd89283bcd5c5a17d5cf215bb02f","Fungi","Basidiomycota","Agaricomycetes","Cantharellales","Ceratobasidiaceae","Ceratobasidium","Ceratobasidium_sp"
"cc3385131bd484604d54d2787d23f13a","Unassigned",NA,NA,NA,NA,NA,NA
"52bf9e24317b17cfe538d0042bbb73ea","Unassigned",NA,NA,NA,NA,NA,NA
"292076c0667fa9ee92270a533dadfd88","Unassigned",NA,NA,NA,NA,NA,NA
"81aed2b27a7901fc706e52156825b199","Unassigned",NA,NA,NA,NA,NA,NA
"891022ad4c593ae51ebfd3bfe1100295","Unassigned",NA,NA,NA,NA,NA,NA
"ea1b0906db54e49b189c28a6e8399da7","Fungi",NA,NA,NA,NA,NA,NA
"c2e404d996ffeb255b93b25e0f0f63ea","Fungi","Ascomycota","Eurotiomycetes","Chaetothyriales","Herpotrichiellaceae","Capronia","Capronia_epimyces"
"e38ffb1e2e6dd140b0acf4437eb6e3ef","Unassigned",NA,NA,NA,NA,NA,NA
"c9a0549037e01e7a49ca00b71e8c1d49","Unassigned",NA,NA,NA,NA,NA,NA
"d6242d1f696640be6ec8cf865c5daf34","Unassigned",NA,NA,NA,NA,NA,NA
"9742fa6ddf41535b14cefc0dd664913e","Unassigned",NA,NA,NA,NA,NA,NA
"50c723c97cd7de44ab63f5bdd5c4e368","Unassigned",NA,NA,NA,NA,NA,NA
"e875598678c184977cda9b10fdf0c5be","Unassigned",NA,NA,NA,NA,NA,NA
"1ea79380b5fc57a4da2f8fe6a77015b9","Unassigned",NA,NA,NA,NA,NA,NA
"6ed89469fe5e399754bfebf160ca48ef","Unassigned",NA,NA,NA,NA,NA,NA
"c5349ec2ebb5301affc8d4ff06c37b80","Fungi","Basidiomycota","Agaricomycetes","Agaricales","Pluteaceae","Volvariella","Volvariella_bombycina"
"3e336dd3faae7126590d66cdb31d10dc","Unassigned",NA,NA,NA,NA,NA,NA
"52c66526f8c91e72d8d76fcb8f33ae3b","Unassigned",NA,NA,NA,NA,NA,NA
"bc3061405238d923e5ceb61c1675a8ec","Unassigned",NA,NA,NA,NA,NA,NA
"76798bc19547fe77f1d866cdc4f99172","Unassigned",NA,NA,NA,NA,NA,NA
"464d43ebb0dde2c22292857a75be7037","Unassigned",NA,NA,NA,NA,NA,NA
"b5042c40448a1c885729be48a9165069","Unassigned",NA,NA,NA,NA,NA,NA
"b4fdb38fddafe9abae29268806982a17","Unassigned",NA,NA,NA,NA,NA,NA
"55f1d22e50f5c5b0d7914e99be06672c","Unassigned",NA,NA,NA,NA,NA,NA
"5cd742013a3d974cda2baa5cede1ef09","Unassigned",NA,NA,NA,NA,NA,NA
"84478b44d3c02c9103571f94ecbe68bb","Unassigned",NA,NA,NA,NA,NA,NA
"50ca9b08f5cab6f27129af46eda6d091","Unassigned",NA,NA,NA,NA,NA,NA
"196c849e3768565811f0c5b3098baa09","Fungi","Basidiomycota","Agaricomycetes","Russulales","Russulaceae","Lactarius","Lactarius_sp"
"7488bf9c364e811f47b97901351704d7","Unassigned",NA,NA,NA,NA,NA,NA
"c2cb54ca5c7c8f6314d082905891584e","Unassigned",NA,NA,NA,NA,NA,NA
"9f613e37dcf86bb8fe69484695b42c6d","Fungi","Ascomycota","Sordariomycetes","Microascales","Microascaceae",NA,NA
"5ac09cfa0d65118361f868f362b6070d","Unassigned",NA,NA,NA,NA,NA,NA
"cac221036b54bd845300a82263c4b9c8","Unassigned",NA,NA,NA,NA,NA,NA
"d7b3dae38847c41cd3ec1b59a8d5bece","Unassigned",NA,NA,NA,NA,NA,NA
"a2ee9e6431b8237fcbb32a044244570c","Unassigned",NA,NA,NA,NA,NA,NA
"10fb90ea6ecd2aa0bea87d6319af14d8","Unassigned",NA,NA,NA,NA,NA,NA
"59b09122d01c2537cc3a13194ef16426","Unassigned",NA,NA,NA,NA,NA,NA
"26f3ed9ba28a7c85225f62c66152f841","Unassigned",NA,NA,NA,NA,NA,NA
"782ee2609bbf506495bc9873aa97afd2","Unassigned",NA,NA,NA,NA,NA,NA
"b90f47597b509f5bc912bc5822e1dbe0","Unassigned",NA,NA,NA,NA,NA,NA
"d0d451e4a095df592387aaa8a42b6571","Fungi","Ascomycota","Eurotiomycetes","Onygenales","Arthrodermataceae","Arthroderma","Arthroderma_curreyi"
"3ca836d99887b344b4cc997068a3fa02","Unassigned",NA,NA,NA,NA,NA,NA
"601176872ed17b6112aae9c2dad179b5","Unassigned",NA,NA,NA,NA,NA,NA
"88978493144ac2eb1bb80d5cae78c154","Unassigned",NA,NA,NA,NA,NA,NA
"b0cabebb608448a7e0eba4427178eae9","Unassigned",NA,NA,NA,NA,NA,NA
"2b5e3786542c3368818d65c22c4fde82","Unassigned",NA,NA,NA,NA,NA,NA
"5abb145485744d4afd9b42cafc927644","Unassigned",NA,NA,NA,NA,NA,NA
"a357749d45d05cff92811b2c62082e79","Unassigned",NA,NA,NA,NA,NA,NA
"ee008b785fe494441244b6c2ceef7018","Unassigned",NA,NA,NA,NA,NA,NA
"50a9f96c06fbb196e30450c21787fb7b","Unassigned",NA,NA,NA,NA,NA,NA
"8d43db5109905970b541af081a450efc","Unassigned",NA,NA,NA,NA,NA,NA
"7c13c7def31c5a27fe38cabc9b2627a9","Unassigned",NA,NA,NA,NA,NA,NA
"a3e9baf9a11c2a0061908a25540bb51e","Unassigned",NA,NA,NA,NA,NA,NA
"d3c8105eedb34ba62e836387fd4fdb0d","Unassigned",NA,NA,NA,NA,NA,NA
"1ef97edb5d4c7fa7294515c0b11e2b17","Unassigned",NA,NA,NA,NA,NA,NA
"1e45ac014518df04ac7aa7fe2bbedcae","Unassigned",NA,NA,NA,NA,NA,NA
"69aa762bfd9104f95c14ea9c9a89eb63","Unassigned",NA,NA,NA,NA,NA,NA
"1854f26a64eb1ffd7058ec26d4becc43","Unassigned",NA,NA,NA,NA,NA,NA
"c50d94d98af9ebb1df04696fe46a6d4c","Unassigned",NA,NA,NA,NA,NA,NA
"d1d2eb74a54b0dcfaafdbf6e53b5f22a","Unassigned",NA,NA,NA,NA,NA,NA
"1bb7b44d6d047ca125516cf1056ad16a","Unassigned",NA,NA,NA,NA,NA,NA
"137360e3312bcee0483040cdbb2525b4","Unassigned",NA,NA,NA,NA,NA,NA
"deac04bc0d149fc2722ebdcba3c58714","Unassigned",NA,NA,NA,NA,NA,NA
"e2208f812230964cb41a612aa2232e53","Unassigned",NA,NA,NA,NA,NA,NA
"cd95a2d8897c727e1aa803e55f8baae9","Unassigned",NA,NA,NA,NA,NA,NA
"46e29eeb77b2213f569e8d58f023a71a","Unassigned",NA,NA,NA,NA,NA,NA
"3fd8622c281be3a32165060fefc71a33","Fungi","Ascomycota","Sordariomycetes","Hypocreales","Bionectriaceae","Verruciconidia",NA
"3572f326efb88afd3347ee307e4f70d1","Unassigned",NA,NA,NA,NA,NA,NA
"8905d3380fbd5e13e51ffa3702156463","Unassigned",NA,NA,NA,NA,NA,NA
"914fe6e32465427754b2527a4aaac26c","Unassigned",NA,NA,NA,NA,NA,NA
"ebe9ec2fc700921a08e922418ac0be8c","Unassigned",NA,NA,NA,NA,NA,NA
"7127b04e636ccd9bd4b3dadacc48c5a5","Unassigned",NA,NA,NA,NA,NA,NA
"fee3291392d5f686903109f3fd43fe49","Unassigned",NA,NA,NA,NA,NA,NA
"cfd7a077581fcab6c7809b4415648b5c","Unassigned",NA,NA,NA,NA,NA,NA
"5bc9ee721caa61d60675576bc40f31b6","Unassigned",NA,NA,NA,NA,NA,NA
"3137614f797e5c92e7685f48c6e4e751","Unassigned",NA,NA,NA,NA,NA,NA
"ab44b7b012159d0ac24d8521eedc4768","Unassigned",NA,NA,NA,NA,NA,NA
"177fdc7b942187294f5cae842e9391aa","Unassigned",NA,NA,NA,NA,NA,NA
"6e14d699852a232e2e8462f881506480","Unassigned",NA,NA,NA,NA,NA,NA
"db766ed4d8d0ba24926b84a8c30dd125","Unassigned",NA,NA,NA,NA,NA,NA
"92e0fd496792cb456c6b133d6e4d94e7","Unassigned",NA,NA,NA,NA,NA,NA
"cc312106a4c6612f0433104966703e8f","Unassigned",NA,NA,NA,NA,NA,NA
"3e2779822bf12a624207f45c8bff90ed","Unassigned",NA,NA,NA,NA,NA,NA
"e7dbb61a20750c739865c0bbf5eb0f26","Unassigned",NA,NA,NA,NA,NA,NA
"99d047c63aa9b6ac0a25f12b1702f657","Unassigned",NA,NA,NA,NA,NA,NA
"ad0c9adcde7c9e3241be44f655ee6e59","Unassigned",NA,NA,NA,NA,NA,NA
"86884a665a83380ee0e519d8b805fb3d","Unassigned",NA,NA,NA,NA,NA,NA
"357b7d6d4ade1353fdfae8f45522e354","Fungi","Basidiomycota","Agaricomycetes","Russulales","Russulaceae","Russula","Russula_sp"
"48be39fe9a9450c61a9faea903375f86","Unassigned",NA,NA,NA,NA,NA,NA
"cbd5f8bebbbb5fedee1f9db27a07265c","Unassigned",NA,NA,NA,NA,NA,NA
"588a11b6ee622ca0133271540150806e","Fungi","Ascomycota","Sordariomycetes","Hypocreales","Hypocreaceae","Trichoderma",NA
"d6516abd0fd66d6ab9f999a447179959","Unassigned",NA,NA,NA,NA,NA,NA
"c84c229f15ee042d2bb360c2d2430878","Unassigned",NA,NA,NA,NA,NA,NA
"1148a1f520d67dd60432379b7f9661e6","Unassigned",NA,NA,NA,NA,NA,NA
"979200109c9a0806f4c378f9243ee988","Unassigned",NA,NA,NA,NA,NA,NA
"bf81380d72525a258527f7582356547b","Unassigned",NA,NA,NA,NA,NA,NA
"be50157d7c9588b04c2b35211fac31e7","Unassigned",NA,NA,NA,NA,NA,NA
"01048a8a40c37f63524a4365ea87f48f","Unassigned",NA,NA,NA,NA,NA,NA
"bad6abca3a76936d879697fe730539b1","Unassigned",NA,NA,NA,NA,NA,NA
"6dc976a6c1fdcc1e18ef58e3d6cbe0d6","Unassigned",NA,NA,NA,NA,NA,NA
"dfa47a39eb9fed8a9f64b49dc6b21338","Unassigned",NA,NA,NA,NA,NA,NA
"331afa60f4359562ac10842c007a9279","Unassigned",NA,NA,NA,NA,NA,NA
"3dae7369914b4f9f8f51de0ce1016f7b","Unassigned",NA,NA,NA,NA,NA,NA
"d4264fd33b4b902a60554b0191f8054f","Unassigned",NA,NA,NA,NA,NA,NA
"5a9b63d703e43b1151114aabccc61ace","Unassigned",NA,NA,NA,NA,NA,NA
"94790e112f8d8bf21fb6f5c0eef9223f","Unassigned",NA,NA,NA,NA,NA,NA
"80bebba0b9ae39b4a937ba1e84822126","Fungi","Basidiomycota","Agaricomycetes","Agaricales","Inocybaceae","Inocybe",NA
"cf6075afd9a2d4413822a15cc1066cc4","Unassigned",NA,NA,NA,NA,NA,NA
"9b32d10422e4eb8e09e3a346feb34156","Unassigned",NA,NA,NA,NA,NA,NA
"4d98000f9dd8f2affb0d940e40696de4","Unassigned",NA,NA,NA,NA,NA,NA
"a882680b286747a10adbcf518e01e08b","Unassigned",NA,NA,NA,NA,NA,NA
"89f83944089495f5a30e33a12a232213","Unassigned",NA,NA,NA,NA,NA,NA
"2275b0f7e90d6e8827e9cb31514f0e78","Unassigned",NA,NA,NA,NA,NA,NA
"4df76ffc48096d3a2b28362acc95deef","Unassigned",NA,NA,NA,NA,NA,NA
"7dc73f9a86cc4a86fc8590ef3c8afd62","Fungi","Ascomycota","Eurotiomycetes","Eurotiales","Thermoascaceae","Paecilomyces",NA
"aa9df28578e6a9054b769aa3e5f444c4","Unassigned",NA,NA,NA,NA,NA,NA
"f7acfb4eb48ac55f32196bc6d06561c1","Unassigned",NA,NA,NA,NA,NA,NA
"5bb8f49ffc791759f128647713bf79f7","Unassigned",NA,NA,NA,NA,NA,NA
"cd1d055428b791c6209e0b872b3b8e5f","Unassigned",NA,NA,NA,NA,NA,NA
"dafe776e4439e2769e9b61439bf9c843","Fungi","Ascomycota","Sordariomycetes","Hypocreales","Hypocreaceae",NA,NA
"04cdcc1bf414cb2ddd57af093ee2e6d1","Unassigned",NA,NA,NA,NA,NA,NA
"1d0486b4c27a88c0d137fbf16eb89816","Unassigned",NA,NA,NA,NA,NA,NA
"9897ef1c4cc4ddc079f3b55594c234cd","Unassigned",NA,NA,NA,NA,NA,NA
"a4237656f143b5ca1874a491c10e81da","Unassigned",NA,NA,NA,NA,NA,NA
"e4f1be3ed28e7dce5652f4e0ee31b8f0","Unassigned",NA,NA,NA,NA,NA,NA
"e7fc92a86fa6a815e1933d4d1e8f601b","Unassigned",NA,NA,NA,NA,NA,NA
"9e950b0d4bc237d731034baba0378a8b","Unassigned",NA,NA,NA,NA,NA,NA
"26cc5695b9e95889984397a27ee7b1b8","Unassigned",NA,NA,NA,NA,NA,NA
"9f123f153d293327189d8066ede2d66e","Unassigned",NA,NA,NA,NA,NA,NA
"65a8e40782a1746add77a1d014ae9b4f","Unassigned",NA,NA,NA,NA,NA,NA
"91c66242c7fa405f794a660ccca1f8cf","Fungi","Ascomycota","Sordariomycetes","Microascales","Microascaceae",NA,NA
"4037f01b131b36fe58b578bec326872f","Unassigned",NA,NA,NA,NA,NA,NA
"4bd1c77c91c88ec04cc986d092227506","Fungi","Ascomycota","Eurotiomycetes","Eurotiales","Aspergillaceae","Aspergillus",NA
"b7e33da3aa6f86d0b600db7fb70eef96","Unassigned",NA,NA,NA,NA,NA,NA
"d053324b99a745035754347675646e3f","Unassigned",NA,NA,NA,NA,NA,NA
"3e1d744ccad0448f0e7e779a1cf3bc39","Unassigned",NA,NA,NA,NA,NA,NA
"811832e39851b90d15a9438e7cb0f034","Unassigned",NA,NA,NA,NA,NA,NA
"79a3e04658fab0e49073671f63a1a8c6","Unassigned",NA,NA,NA,NA,NA,NA
"c74b707a88b41e7f57a396c7a3503196","Unassigned",NA,NA,NA,NA,NA,NA
"89f4830f5a7746ec0a29e14372ee5fb7","Unassigned",NA,NA,NA,NA,NA,NA
"a195442f11ffffd56605338c2b96bc3a","Unassigned",NA,NA,NA,NA,NA,NA
"3d68e8dec46f7e1e533f423f28ccc2bb","Unassigned",NA,NA,NA,NA,NA,NA
"33f2de277ff09f8b66ef011e719503fc","Unassigned",NA,NA,NA,NA,NA,NA
"7c472b286c67c6a41b98b0f286e41dd0","Unassigned",NA,NA,NA,NA,NA,NA
"c168c4b192f4c8c43ff570ff3e5fc5ed","Unassigned",NA,NA,NA,NA,NA,NA
"d36efdab772ad9323f21f2d3d6d20c57","Unassigned",NA,NA,NA,NA,NA,NA
"e4ec3352b4d33583407c298ebad20d16","Unassigned",NA,NA,NA,NA,NA,NA
"bd6e95ca79287032c5c17545472382fc","Unassigned",NA,NA,NA,NA,NA,NA
"5840f39fdd7e819f0b7113f74fb4769c","Unassigned",NA,NA,NA,NA,NA,NA
"4a65f23f662c3ab1d8f6f4c748d4ac9c","Fungi","Ascomycota","Eurotiomycetes",NA,NA,NA,NA
"8c4241c2a88c751e6d40643326259e24","Unassigned",NA,NA,NA,NA,NA,NA
"a13ec0e1d42a61df6a4007334a2b767a","Unassigned",NA,NA,NA,NA,NA,NA
"863e4dceddd87685fd5d7b613f116415","Unassigned",NA,NA,NA,NA,NA,NA
"1b7b6e601104baa6b11d72fabb53791a","Unassigned",NA,NA,NA,NA,NA,NA
"2432c6929c926039aa967f9b5d19e7c4","Unassigned",NA,NA,NA,NA,NA,NA
"e3c08f2ad6f6a07407b2e9fcedb78763","Unassigned",NA,NA,NA,NA,NA,NA
"e09557e5f0323a8a8014d44840c438c9","Unassigned",NA,NA,NA,NA,NA,NA
"68cc24dfc4db004e48b5e69fe52fade7","Unassigned",NA,NA,NA,NA,NA,NA
"baa6484182555251a17e02da59d681fa","Fungi","Ascomycota","Eurotiomycetes","Eurotiales","Aspergillaceae","Aspergillus",NA
"3588b81518c1bb98caf10cab4e84c652","Unassigned",NA,NA,NA,NA,NA,NA
"d70221989f50f7392034153f0aa51613","Unassigned",NA,NA,NA,NA,NA,NA
"8baaadd034db9142df0c3a2070a0328b","Unassigned",NA,NA,NA,NA,NA,NA
"ad0a452fac79a3400cfc9c055a7c500a","Fungi","Ascomycota","Eurotiomycetes","Ascosphaerales","Ascosphaeraceae","Ascosphaera","Ascosphaera_fusiformis"
"6bc0a0c89adb553fa2e24e652eef0def","Fungi","Ascomycota","Saccharomycetes","Saccharomycetales","Pichiaceae","Pichia","Pichia_sp"
"d54c23aa4d07dbc01f7f0719986a29c7","Unassigned",NA,NA,NA,NA,NA,NA
"74ef63054eb75b9f2ceea84b950d1bb4","Unassigned",NA,NA,NA,NA,NA,NA
"c1009438697696ee574a82d7f606435b","Unassigned",NA,NA,NA,NA,NA,NA
"65aa4c7274be097e80d8dc78e8370086","Unassigned",NA,NA,NA,NA,NA,NA
"5ed5faa4f1ad3345ae88c3cd6855a21b","Fungi","Basidiomycota","Agaricomycetes","Atheliales","Atheliaceae","Amphinema","Amphinema_sp"
"6f3c1cd1efe4575009d880d9f59b187b","Fungi","Basidiomycota","Agaricomycetes","Russulales","Stereaceae","Xylobolus","Xylobolus_frustulatus"
"717829f243e52b5c97ecd45cceeefb42","Unassigned",NA,NA,NA,NA,NA,NA
"8735434250b0b2066b5f59ff3e4362df","Unassigned",NA,NA,NA,NA,NA,NA
"512501a34025eaf3997067b17776ec1a","Unassigned",NA,NA,NA,NA,NA,NA
"2203459a2989aee6d0b7d65b28655a05","Unassigned",NA,NA,NA,NA,NA,NA
"a782f3514cfb0ad585f96092b9821220","Unassigned",NA,NA,NA,NA,NA,NA
"aa9daecdff0233b4989f27fa1fdaefb9","Unassigned",NA,NA,NA,NA,NA,NA
"fd4f682c7b6f686c5e060ea3d606343a","Unassigned",NA,NA,NA,NA,NA,NA
"5a29a498e6122fa0a9e8728d86530c73","Unassigned",NA,NA,NA,NA,NA,NA
"fddc38e77619d4772c5e54581a335292","Fungi","Mortierellomycota","Mortierellomycetes","Mortierellales","Mortierellaceae","Mortierella",NA
"d2e39cd119e266817682ca6d09720f07","Fungi","Mucoromycota","Mucoromycetes","Mucorales","Cunninghamellaceae","Gongronella",NA
"d689c13ea9f227c39ebe62256097f8af","Unassigned",NA,NA,NA,NA,NA,NA
"8fbd84a6246880aa47970549c2c1f967","Unassigned",NA,NA,NA,NA,NA,NA
"4aabd00c961d79420ebd9e75451809cb","Unassigned",NA,NA,NA,NA,NA,NA
"4c7e274fa076d5fcf79fab8ccb0dfac1","Unassigned",NA,NA,NA,NA,NA,NA
"9acd1e86de58055918328aff15197d13","Unassigned",NA,NA,NA,NA,NA,NA
"68dd57562e1a8ccd2f56db8134c5789c","Unassigned",NA,NA,NA,NA,NA,NA
"bac4d0ef428f9e7e6700d05acec87225","Fungi","Basidiomycota","Agaricomycetes","Trechisporales","Hydnodontaceae","Trechispora","Trechispora_sp"
"ef7b28513f48df6682269ada94e517e9","Unassigned",NA,NA,NA,NA,NA,NA
"c562b40e25f380159e2c5ad11716a420","Unassigned",NA,NA,NA,NA,NA,NA
"61f7f5a69cbc5e81dfdf188aadd77299","Unassigned",NA,NA,NA,NA,NA,NA
"d307003ebbc92ac4efc16b0e19731b6e","Unassigned",NA,NA,NA,NA,NA,NA
"bc0e559eea0ed23b24d7984c4aeff23f","Unassigned",NA,NA,NA,NA,NA,NA
"1e79478a829faa552b0aa9e123f6024d","Unassigned",NA,NA,NA,NA,NA,NA
"1ba78adcd9ef44af604ab01eb9769c33","Unassigned",NA,NA,NA,NA,NA,NA
"52cfa2de19aa528fefa840d4a110397e","Unassigned",NA,NA,NA,NA,NA,NA
"fe76039a9133391aee04378ac7329f0c","Unassigned",NA,NA,NA,NA,NA,NA
"2663b0a4983b4c90c6c87d7249608d42","Unassigned",NA,NA,NA,NA,NA,NA
"b829c18130b2d21595286af32ed7fbeb","Fungi","Basidiomycota","Agaricomycetes","Russulales","Russulaceae","Lactarius",NA
"348861d761bb38ec2f0e3fcc688198e6","Unassigned",NA,NA,NA,NA,NA,NA
"526943d409313e3d9b7c7f7661fff803","Unassigned",NA,NA,NA,NA,NA,NA
"3ad77b403152107283891850c4c0093a","Unassigned",NA,NA,NA,NA,NA,NA
"89a7856e461a3b4ad3181100023e1e9d","Unassigned",NA,NA,NA,NA,NA,NA
"7220dfd19f6ca65aca80123cd5aa6852","Unassigned",NA,NA,NA,NA,NA,NA
"0cc714052ee5e9f2420700815b81cfa2","Unassigned",NA,NA,NA,NA,NA,NA
"f9cdbd6ab9dde47dacd009919ea8d340","Fungi","Ascomycota","Eurotiomycetes","Chaetothyriales","Herpotrichiellaceae","Cladophialophora","Cladophialophora_sp"
"960724e3c4e76a1fe0833ebe30a5afc1","Unassigned",NA,NA,NA,NA,NA,NA
"bb78d49c40c5acaeecb35b92a5d51b3a","Unassigned",NA,NA,NA,NA,NA,NA
"ee66273c5959e1d32eec32725cf4d870","Unassigned",NA,NA,NA,NA,NA,NA
"d3ca22350c5fbf26c87c8f0e9c8af3cf","Unassigned",NA,NA,NA,NA,NA,NA
"87c3a5cf34651cf5e5539cbf4194bc8f","Unassigned",NA,NA,NA,NA,NA,NA
"e695f15c2b1d8b6ffd4c2cbf1454bb56","Unassigned",NA,NA,NA,NA,NA,NA
"6a178f57852842eaceb8c870d043105b","Unassigned",NA,NA,NA,NA,NA,NA
"4d99e0fd8d7a419c6bed3b8c2010df97","Unassigned",NA,NA,NA,NA,NA,NA
"33796df17851760bfdfd1a73d9f1b00f","Unassigned",NA,NA,NA,NA,NA,NA
"baa8c80499e850ccb46b042c08c64dda","Unassigned",NA,NA,NA,NA,NA,NA
"978f61c0716b4878ddb4a223531c33a5","Unassigned",NA,NA,NA,NA,NA,NA
"2c7342d11bf2af32d000261eb67b9e86","Unassigned",NA,NA,NA,NA,NA,NA
"d2744cd89078976dd90130fb809d7e29","Unassigned",NA,NA,NA,NA,NA,NA
"92fad54cb24b9773691a89670500b8a7","Unassigned",NA,NA,NA,NA,NA,NA
"f86047a5af1d747cba7b0f88c8fdca6c","Unassigned",NA,NA,NA,NA,NA,NA
"58b2cf13ace3717ac5473b45c04261a3","Unassigned",NA,NA,NA,NA,NA,NA
"e3a30e448742320ab292ad3ca1a69a0a","Unassigned",NA,NA,NA,NA,NA,NA
"6b0c3b2b8b1cfdd1872fda81319e49af","Unassigned",NA,NA,NA,NA,NA,NA
"0601213bc708a9456689c20b289da9ac","Unassigned",NA,NA,NA,NA,NA,NA
"745c28faf4317856a0cc2923796e542c","Unassigned",NA,NA,NA,NA,NA,NA
"fe38856bfbafae2e310f7e997b032ce1","Unassigned",NA,NA,NA,NA,NA,NA
"6c8b5d4ed85e29a854479d6d9448c737","Unassigned",NA,NA,NA,NA,NA,NA
"2fd7d4a3cb669051092b6e6a7c81cb6a","Unassigned",NA,NA,NA,NA,NA,NA
"b42c067bc00dbaba2067905776b64fba","Fungi","Basidiomycota","Agaricomycetes","Russulales","Russulaceae","Lactarius",NA
"d9cf4e6cf6818840934eb7ccbca18269","Fungi","Basidiomycota","Tremellomycetes","Filobasidiales","Piskurozymaceae","Solicoccozyma",NA
"42761ae8e0fc344210ca6c9736896e7f","Unassigned",NA,NA,NA,NA,NA,NA
"a6563206d906999d20b2c5848e17424c","Unassigned",NA,NA,NA,NA,NA,NA
"b82f41e75343387971a044c2f0dfda7c","Unassigned",NA,NA,NA,NA,NA,NA
"a37a91c75e370998b250a5364358403c","Unassigned",NA,NA,NA,NA,NA,NA
"11c88e5b731b014ad7bd85bbf78c48cc","Unassigned",NA,NA,NA,NA,NA,NA
"e256f7e1932ed3c3a005322ac389384d","Unassigned",NA,NA,NA,NA,NA,NA
"26eda61b73f207e7cac62b055235b7b1","Unassigned",NA,NA,NA,NA,NA,NA
"007f4fedf46ebe84a0556949915f7f86","Unassigned",NA,NA,NA,NA,NA,NA
"a28601f3055f3223271e23a74989cef7","Unassigned",NA,NA,NA,NA,NA,NA
"a94512b1e4258ee8abdb8081d83c3a0a","Fungi","Mucoromycota","Mucoromycotina_cls_Incertae_sedis","Mucoromycotina_ord_Incertae_sedis","Mucoromycotina_fam_Incertae_sedis","Bifiguratus","Bifiguratus_sp"
"2bc61125ffe1e57318b4e90dd1d28cf7","Unassigned",NA,NA,NA,NA,NA,NA
"83160706e34b1e71dc42a261244c9d72","Unassigned",NA,NA,NA,NA,NA,NA
"4177e555e03c906a34e740b1cf8833f3","Unassigned",NA,NA,NA,NA,NA,NA
"9b8a8c228d8082c5e5a67e283ce65949","Unassigned",NA,NA,NA,NA,NA,NA
"d77affdf2a1e3357ffed4f1ee19e70dd","Unassigned",NA,NA,NA,NA,NA,NA
"7f080255dfc8165a1a1cec718b6e188e","Unassigned",NA,NA,NA,NA,NA,NA
"44ba61c45d2a9db9f99e8d0cb5945400","Unassigned",NA,NA,NA,NA,NA,NA
"46af4f9ccacf4b6b7f6f32ce77fa7b78","Unassigned",NA,NA,NA,NA,NA,NA
"380532d516d05c4185f23c73ffce4020","Fungi","Ascomycota","Sordariomycetes","Hypocreales","Clavicipitaceae","Clavicipitaceae_gen_Incertae_sedis","Clavicipitaceae_sp"
"6a18199ab318095a0d799ce81703917c","Unassigned",NA,NA,NA,NA,NA,NA
"d9f8e55e811cd84413dffbfdb627e4e9","Unassigned",NA,NA,NA,NA,NA,NA
"e7fdefb940be9b323bd1e197c0ea9a2e","Unassigned",NA,NA,NA,NA,NA,NA
"f103d8f7dc4cd6944a0f95657a9155ee","Unassigned",NA,NA,NA,NA,NA,NA
"b51c8c7b64539c96fb0e2610736e29dd","Unassigned",NA,NA,NA,NA,NA,NA
"398c61d33551a5f7ee206e0eec6eb596","Unassigned",NA,NA,NA,NA,NA,NA
"9d9cf81ca251fda82e20abb740a7c466","Unassigned",NA,NA,NA,NA,NA,NA
"b5457870b72a779c75c0517a27fe6872","Unassigned",NA,NA,NA,NA,NA,NA
"5a4d07d584b7cce5add72742818e9c90","Unassigned",NA,NA,NA,NA,NA,NA
"7193e31208dcb92f3111f3d52d89f072","Fungi","Ascomycota","Sordariomycetes","Hypocreales",NA,NA,NA
"7ef46c40a9f70ff56ae7a4fae54780de","Unassigned",NA,NA,NA,NA,NA,NA
"01230a5d7e029ea57ade804da2c0231c","Fungi","Basidiomycota","Agaricomycetes","Agaricales","Callistosporiaceae","Callistosporium","Callistosporium_pseudofelleum"
"c18d2275018615065f16e5bdfbb86b8a","Unassigned",NA,NA,NA,NA,NA,NA
"41cc2739b92b0e4763112bd346ed534d","Unassigned",NA,NA,NA,NA,NA,NA
"8715077a3d746c30b2c90f872b407260","Fungi","Ascomycota","Eurotiomycetes","Eurotiales",NA,NA,NA
"632956f767817e30c9b5bac4b70e5318","Unassigned",NA,NA,NA,NA,NA,NA
"e5252b1d28e1a3cc3dd506cac328af0c","Unassigned",NA,NA,NA,NA,NA,NA
"afa8565f39154c7e4751efe27c8e612d","Unassigned",NA,NA,NA,NA,NA,NA
"274414e80cda74c54b6d21662e5396b4","Unassigned",NA,NA,NA,NA,NA,NA
"e328dec33d8039cde7577c700a49f76b","Fungi","Basidiomycota","Agaricomycetes","Cantharellales","Hydnaceae","Clavulina",NA
"b42c7a407fb54406f0771f705d8361b2","Unassigned",NA,NA,NA,NA,NA,NA
"2903a4f8a3fa19f4e751938761cc150d","Unassigned",NA,NA,NA,NA,NA,NA
"1c58378bdf08fcebd611f1b602d94048","Unassigned",NA,NA,NA,NA,NA,NA
"044622030a74fd30f913c70ad49c1b21","Unassigned",NA,NA,NA,NA,NA,NA
"aac0438aa59a07698c35c84a58a8b5fa","Unassigned",NA,NA,NA,NA,NA,NA
"004740b1df730463215d63f13741e02f","Unassigned",NA,NA,NA,NA,NA,NA
"99865158096624729e7966cdd412670d","Unassigned",NA,NA,NA,NA,NA,NA
"528f78a2d6b64f13afae305f8231cf72","Unassigned",NA,NA,NA,NA,NA,NA
"5da5a9fcc12649d263a9ea17b0ee58c1","Unassigned",NA,NA,NA,NA,NA,NA
"3da2f61a8d576cfbeef00df8cf8521ea","Unassigned",NA,NA,NA,NA,NA,NA
"f171564fedcf230580c4ac1df0495919","Unassigned",NA,NA,NA,NA,NA,NA
"6756fa540133d08dddb2bcc42293063e","Unassigned",NA,NA,NA,NA,NA,NA
"af3ae6053accfa57dc11556d995053dd","Unassigned",NA,NA,NA,NA,NA,NA
"82fd595a945571da87815d1b9deeed59","Unassigned",NA,NA,NA,NA,NA,NA
"12cb08b33bcabea60b92083e7b0a8efa","Unassigned",NA,NA,NA,NA,NA,NA
"cd358818cc699736a588dffd928cdb58","Fungi","Ascomycota","Sordariomycetes","Ophiostomatales","Ophiostomataceae","Ophiostoma",NA
"a8ed75b7796367e1370aa10a62dd68b8","Unassigned",NA,NA,NA,NA,NA,NA
"0245f1ceba8f7ff3b0ffa16eb58029ff","Fungi","Ascomycota","Eurotiomycetes","Eurotiales","Aspergillaceae","Aspergillus","Aspergillus_glabripes"
"0c536f23d9424274ac43d6e9fef16779","Fungi","Fungi_phy_Incertae_sedis","Fungi_cls_Incertae_sedis","Fungi_ord_Incertae_sedis","Fungi_fam_Incertae_sedis","Fungi_gen_Incertae_sedis","Fungi_sp"
"a4142cb57b29b194c7ee341d7ff36fc5","Fungi","Ascomycota","Eurotiomycetes","Chaetothyriales","Herpotrichiellaceae","Cladophialophora","Cladophialophora_sp"
"357adf1be7559bd6fb2dcbb45047d6b4","Unassigned",NA,NA,NA,NA,NA,NA
"e708b807fb5f9ab4a5d98e8e4a49dab0","Unassigned",NA,NA,NA,NA,NA,NA
"61fedd1031ad29a7f885655063f435bc","Unassigned",NA,NA,NA,NA,NA,NA
"c84b3aab59e1f29cfbacd484fdab3aa9","Unassigned",NA,NA,NA,NA,NA,NA
"5f89a3a8c52aab65b05b705dd98a6a80","Unassigned",NA,NA,NA,NA,NA,NA
"0e75b7bf330f8513ff0fd532a32e25f3","Unassigned",NA,NA,NA,NA,NA,NA
"b3d93b1d8cfc64889eae5530dcc7d5f6","Unassigned",NA,NA,NA,NA,NA,NA
"12522d05f95e6b6b16a8a53421dbc4f4","Unassigned",NA,NA,NA,NA,NA,NA
"a602dfdcd7b7c692b68eecc0814cab5e","Unassigned",NA,NA,NA,NA,NA,NA
"8a7f897498d1f389e7906eac1b2a3410","Unassigned",NA,NA,NA,NA,NA,NA
"b52ab9bfab88ef6aeda28ed01f35adce","Unassigned",NA,NA,NA,NA,NA,NA
"21db701a7ab31630ae711552edc3f94c","Unassigned",NA,NA,NA,NA,NA,NA
"e2a07d38b2781627217a47e88c99944d","Unassigned",NA,NA,NA,NA,NA,NA
"9521dc1665279512c04c01f3a796c01c","Unassigned",NA,NA,NA,NA,NA,NA
"2aa4e3bdbec093804484bbb78075ca21","Unassigned",NA,NA,NA,NA,NA,NA
"9604382723548b6ace951c4927534c18","Unassigned",NA,NA,NA,NA,NA,NA
"11833d903a79b0ba2ab24e40bd390ecb","Unassigned",NA,NA,NA,NA,NA,NA
"e8a9aa5cb58102bc33b180386c9a18d5","Unassigned",NA,NA,NA,NA,NA,NA
"0720d5f13fc79ab7f30b00455730f3bb","Unassigned",NA,NA,NA,NA,NA,NA
"4034129b75c24e4cdc51fff05dc591a7","Unassigned",NA,NA,NA,NA,NA,NA
"aa498490052de44b7485a4f6ae0d4761","Unassigned",NA,NA,NA,NA,NA,NA
"db6aae36f9fa8cf45eb350904307d400","Unassigned",NA,NA,NA,NA,NA,NA
"98c235c8c7ff1862b303590ee56f58bd","Unassigned",NA,NA,NA,NA,NA,NA
"d9c56dd6345dc5c7359d12444796022a","Unassigned",NA,NA,NA,NA,NA,NA
"a413227701be40912c95f8bc190f7ff6","Fungi","Ascomycota","Eurotiomycetes","Chaetothyriales","Herpotrichiellaceae","Cladophialophora","Cladophialophora_sp"
"82b9569daf1577f516b0692b7930a62b","Fungi","Basidiomycota","Agaricomycetes","Agaricales","Mycenaceae",NA,NA
"724ce7d63950f91383f44a2bc7624e55","Unassigned",NA,NA,NA,NA,NA,NA
"29a9d010f00699d6dd68afead8eee211","Unassigned",NA,NA,NA,NA,NA,NA
"e77be029bba636c1f7a19e8e7eebc762","Unassigned",NA,NA,NA,NA,NA,NA
"cc8339d1a375863609110e70b3071213","Unassigned",NA,NA,NA,NA,NA,NA
"5aa94352ea8e4d0eb208c386e6ed15e2","Unassigned",NA,NA,NA,NA,NA,NA
"d30a3776425d7ba111a3d9d6109d4510","Unassigned",NA,NA,NA,NA,NA,NA
"88e5444bfd7085fb8e54cfa4d3fd61d5","Unassigned",NA,NA,NA,NA,NA,NA
"e073913622b1a7c7ab8560c1bb615a80","Unassigned",NA,NA,NA,NA,NA,NA
"ad2a5c25e19b70dffc85788fb3bcb5ea","Unassigned",NA,NA,NA,NA,NA,NA
"1f68123947d2a77c64eea2f2dcd363b3","Unassigned",NA,NA,NA,NA,NA,NA
"7654941a1fa300a461eec6a439a9cbf4","Unassigned",NA,NA,NA,NA,NA,NA
"146bc530143c079240537b6e1d87ff35","Fungi","Ascomycota","Sordariomycetes","Hypocreales","Clavicipitaceae","Pochonia","Pochonia_sp"
"236af6b31d7091c3728553cd0733bc45","Fungi","Basidiomycota","Agaricomycetes","Agaricales","Lyophyllaceae","Sagaranella",NA
"257a78dfb70c6e24ae613590ccd662f6","Unassigned",NA,NA,NA,NA,NA,NA
"23d12bfe6e64f61f3e64ad542a5fd2cc","Unassigned",NA,NA,NA,NA,NA,NA
"ab9d234231a126236b00df9040350147","Unassigned",NA,NA,NA,NA,NA,NA
"d2550a665a2d391a3733be163c59c2a0","Unassigned",NA,NA,NA,NA,NA,NA
"8459fc36fd8ad5fc552fd943592f7c8e","Unassigned",NA,NA,NA,NA,NA,NA
"52a509490ba18b94a574024155902633","Unassigned",NA,NA,NA,NA,NA,NA
"d955ab30f23dd8bcb74a4f4031bc96b8","Unassigned",NA,NA,NA,NA,NA,NA
"0b18d49122489bedba1a4e8163c4a4bc","Fungi","Basidiomycota","Agaricomycetes","Agaricales",NA,NA,NA
"3539b69742845efe010181ee2f9b2dec","Unassigned",NA,NA,NA,NA,NA,NA
"6f3ee94f0ea34a3f9924c4995f9b2287","Unassigned",NA,NA,NA,NA,NA,NA
"21824b6f879a06ff9e35e087f7668a3e","Unassigned",NA,NA,NA,NA,NA,NA
"162c73e36a68a1b5983f2d7916af1205","Unassigned",NA,NA,NA,NA,NA,NA
"67e4c62188278c404e245b7df7af3d19","Unassigned",NA,NA,NA,NA,NA,NA
"56569c7054c55f06dba4324561795875","Fungi","Ascomycota","Saccharomycetes","Saccharomycetales","Saccharomycetales_fam_Incertae_sedis","Candida","Candida_parapsilosis"
"7e404a2ab092b72b620482c8a77ec796","Fungi","Ascomycota","Eurotiomycetes","Onygenales","Arthrodermataceae","Trichophyton","Trichophyton_rubrum"
"99ced06838d20e0900cd84885b65b6a9","Unassigned",NA,NA,NA,NA,NA,NA
"f0ab99edecffb5aafe5dba1a58639c46","Unassigned",NA,NA,NA,NA,NA,NA
"ee1d781c96ada831eeaa1e3526bca238","Unassigned",NA,NA,NA,NA,NA,NA
"03ab8ad28fc0b8a439059e0fcb7c7c53","Unassigned",NA,NA,NA,NA,NA,NA
"11b88482fd0a3089b6b47ba4a3f3d08b","Unassigned",NA,NA,NA,NA,NA,NA
"c8a175b20f22245844d136fe7e66ccff","Fungi","Basidiomycota","Agaricomycetes","Thelephorales","Thelephoraceae","Thelephoraceae_gen_Incertae_sedis","Thelephoraceae_sp"
"83e0414d2595a0c4e0183068f233ffc2","Unassigned",NA,NA,NA,NA,NA,NA
"0fb8271518e2a5eb7831e097e9adbeb2","Fungi","Basidiomycota","Agaricomycetes","Agaricales","Amanitaceae","Amanita","Amanita_sp"
"62353fafedbde449add6dd8a8f4d9d07","Unassigned",NA,NA,NA,NA,NA,NA
"e8f80d4533b0f715ca77bb95912e23a7","Unassigned",NA,NA,NA,NA,NA,NA
"a11828c92ad4e4e1be0ab02bc08b19cd","Unassigned",NA,NA,NA,NA,NA,NA
"e6d0378a52f8efe07f010d24caaabeea","Unassigned",NA,NA,NA,NA,NA,NA
"cd226f9171770b184b4eac91050009b3","Unassigned",NA,NA,NA,NA,NA,NA
"6ea31486f02f6081350e17e432fef962","Unassigned",NA,NA,NA,NA,NA,NA
"10d2ecce721658b39ad81d02f62782c4","Unassigned",NA,NA,NA,NA,NA,NA
"b38adfbfb4caab9c9c84cf64b320d116","Unassigned",NA,NA,NA,NA,NA,NA
"769216aefb9a77deff5443e894a8c103","Unassigned",NA,NA,NA,NA,NA,NA
"35387fdff10cc68c89aae0863b5b68c3","Unassigned",NA,NA,NA,NA,NA,NA
"77ac37b8f7885da76278944b47c4c274","Unassigned",NA,NA,NA,NA,NA,NA
"8a6cc07892ae3f808e91040fba404a44","Unassigned",NA,NA,NA,NA,NA,NA
"eeeb20b2727dfab3b987b7fac9670870","Fungi","Basidiomycota","Tritirachiomycetes","Tritirachiales","Tritirachiaceae","Paratritirachium","Paratritirachium_sp"
"604d713c691c0d25cf972092df8fbe45","Unassigned",NA,NA,NA,NA,NA,NA
"127e8c51b5aadc600eba86f9d97196cb","Unassigned",NA,NA,NA,NA,NA,NA
"ba99a78d8a31b1af6dcbe247f1181865","Unassigned",NA,NA,NA,NA,NA,NA
"749774d488a2ebbbf18f785806bf2401","Unassigned",NA,NA,NA,NA,NA,NA
"6b947dc977e07dbadd284a8089b237cb","Unassigned",NA,NA,NA,NA,NA,NA
"3aafebb6a2faf378b14e8ba425bb1e8d","Unassigned",NA,NA,NA,NA,NA,NA
"d95403d219b0b8b8c0c362f8bdc25dcb","Unassigned",NA,NA,NA,NA,NA,NA
"6046d4605494f19c6897832ca9bf1778","Unassigned",NA,NA,NA,NA,NA,NA
"7e58ae4156953a27ebd2393f92f2b5bc","Unassigned",NA,NA,NA,NA,NA,NA
"b758600823dc55741d797c712eec0297","Unassigned",NA,NA,NA,NA,NA,NA
"6a13c11106484c69f2b766a1bd001fc6","Unassigned",NA,NA,NA,NA,NA,NA
"20250dc2d74ac6116edf2d8cc2dbdac4","Unassigned",NA,NA,NA,NA,NA,NA
"0a33491584d73add55236f924f4c432a","Unassigned",NA,NA,NA,NA,NA,NA
"f5ef3c51011531d41202c90b4f61cd03","Unassigned",NA,NA,NA,NA,NA,NA
"4151c48da634e2c306f9c032da41205c","Unassigned",NA,NA,NA,NA,NA,NA
"31991f9e5b4dc5a6eb547ec2a4027c1e","Unassigned",NA,NA,NA,NA,NA,NA
"5c88634177c9db5ddf4a01b52669819f","Unassigned",NA,NA,NA,NA,NA,NA
"22a248794beecf4878e7db33203be7f6","Unassigned",NA,NA,NA,NA,NA,NA
"23dd4542f025e931402d187643b502d2","Unassigned",NA,NA,NA,NA,NA,NA
"735c89dade1810dc2b9f3a3c30c03a97","Unassigned",NA,NA,NA,NA,NA,NA
"48b2a43dc04e6420859a203223d84217","Unassigned",NA,NA,NA,NA,NA,NA
"72f2a776ffd884205dcd84032fc14659","Unassigned",NA,NA,NA,NA,NA,NA
"43e92ff80a1e1f89b0fbfd3f9108da9d","Unassigned",NA,NA,NA,NA,NA,NA
"aaf71e56dcc33479aec752e2e5e22cf7","Unassigned",NA,NA,NA,NA,NA,NA
"52ab6a91a4d3d0a0064c7a76faa1505a","Unassigned",NA,NA,NA,NA,NA,NA
"c156ffe52076d7efe6d089f11bcfc56e","Unassigned",NA,NA,NA,NA,NA,NA
"e1be70c7ebff338a5d9a3a6a1ba05dd2","Unassigned",NA,NA,NA,NA,NA,NA
"08eaa5228a4ea8ea6be09636045ac8d0","Unassigned",NA,NA,NA,NA,NA,NA
"2af14d23f05e84843268610154600f8a","Fungi",NA,NA,NA,NA,NA,NA
"828647a827f154856b9c7a63128219d4","Fungi","Mucoromycota","Mucoromycetes","Mucorales","Cunninghamellaceae","Gongronella",NA
"9b808bc4579af5b3d025ffe6e65897bb","Unassigned",NA,NA,NA,NA,NA,NA
"41e95bde9eb2873b864ef00d0ea9a81a","Unassigned",NA,NA,NA,NA,NA,NA
"7a0c6c777e7c6263fe03bab34564bd0c","Unassigned",NA,NA,NA,NA,NA,NA
