"","Kingdom","Phylum","Class","Order","Family","Genus","Species"
"a46833147d524b23f5eb0325d3d8c04c","Unassigned",NA,NA,NA,NA,NA,NA
"80b15b817eac5629a6cbbe389b6c2c2e","Unassigned",NA,NA,NA,NA,NA,NA
"9ae6aac58b52ab91f8985384058016a6","Unassigned",NA,NA,NA,NA,NA,NA
"6da5102bdf3a627f7b31be1bd15c46ba","Unassigned",NA,NA,NA,NA,NA,NA
"349a072353802c084555777cc097757a","Unassigned",NA,NA,NA,NA,NA,NA
"2edf817524ed429e0eaf68f8aa9e5731","Unassigned",NA,NA,NA,NA,NA,NA
"2bbacaf776648cfbec1c542c1294a967","Unassigned",NA,NA,NA,NA,NA,NA
"1b67dcaa25d371d358cf4ddffaaa26e0","Unassigned",NA,NA,NA,NA,NA,NA
"f87c2396d95e4b5d498e6ae057d58f3e","Unassigned",NA,NA,NA,NA,NA,NA
"1325a6a8e636f4b2dd95dc4fc57e0ac7","Unassigned",NA,NA,NA,NA,NA,NA
"ec5329b9e6eaf792a75ac9c79f2a7a03","Unassigned",NA,NA,NA,NA,NA,NA
"56410f066a82f9cb76d75fd6c5bf3b4a","Unassigned",NA,NA,NA,NA,NA,NA
"0eb404e7a37e7b302d6fe26ba8104024","Unassigned",NA,NA,NA,NA,NA,NA
"7dc912c3874449fc5416c88d05d4ce60","Unassigned",NA,NA,NA,NA,NA,NA
"28491c7818f811991bb42f9c4028a190","Unassigned",NA,NA,NA,NA,NA,NA
"53990389da566f0181cdfe2c658c2ed4","Unassigned",NA,NA,NA,NA,NA,NA
"5c14ef3ae5bbc8d7ae43e6bc2ea0ca27","Unassigned",NA,NA,NA,NA,NA,NA
"d3a64d988d15f7b20d2e58bc01bbb55f","d__Eukaryota",NA,NA,NA,NA,NA,NA
"24b642f15d0f524f8152610ae092bfed","Unassigned",NA,NA,NA,NA,NA,NA
"20afe0e8477c7781b2bd34363b297e6d","Unassigned",NA,NA,NA,NA,NA,NA
"e709670735dc9186e5d59957214c574b","d__Eukaryota","Ascomycota",NA,NA,NA,NA,NA
"b095cb21486820fdd945c971d5455601","Unassigned",NA,NA,NA,NA,NA,NA
"8b5063dec217ecfb865b8f1c565bb636","Unassigned",NA,NA,NA,NA,NA,NA
"f94d489c161bab91b953e16cc01b196d","Unassigned",NA,NA,NA,NA,NA,NA
"d83d9f0c2703eedeb35b8efb44ec6e72","Unassigned",NA,NA,NA,NA,NA,NA
"d67243e7cb5b751685b1f78ef7a39bc0","Unassigned",NA,NA,NA,NA,NA,NA
"42d9c97b6ea02348849837b010bb10e4","d__Eukaryota",NA,NA,NA,NA,NA,NA
"93c114d9dd386905a0462c3b143e27fe","Unassigned",NA,NA,NA,NA,NA,NA
"ea70282bd14dd90f18774706f3d251da","Unassigned",NA,NA,NA,NA,NA,NA
"059f21a327c6af44dca4120a1c3c1aaf","Unassigned",NA,NA,NA,NA,NA,NA
"54bb2f9cc643b8f2d8969f6b704a899e","d__Bacteria","Firmicutes","Bacilli","Staphylococcales","Staphylococcaceae","Staphylococcus",NA
"9f95ef59e2343248e2bb67c8b4b50f8c","Unassigned",NA,NA,NA,NA,NA,NA
"788876c65095bc061e219b3adbe5e8fd","Unassigned",NA,NA,NA,NA,NA,NA
"5506d372fc9bebe238d2277df96600cc","Unassigned",NA,NA,NA,NA,NA,NA
"f62d4b874ecb50ec2fe129d2581f1f23","Unassigned",NA,NA,NA,NA,NA,NA
"c79e1a94ef07a584ecec96244b0ca312","Unassigned",NA,NA,NA,NA,NA,NA
"2c8007c8eb2f8fd818d2de9ec8bfbba4","d__Bacteria","Firmicutes","Bacilli","Staphylococcales","Staphylococcaceae","Staphylococcus",NA
"ccf81d30fd0d597a5d918ecbf9973d1f","Unassigned",NA,NA,NA,NA,NA,NA
"997926b0fa1d0662461bd09489d56d30","Unassigned",NA,NA,NA,NA,NA,NA
"d9c2f9e7505f0cc52793e6247090c40f","Unassigned",NA,NA,NA,NA,NA,NA
"8e44b77575765d8add6791ad2db47b34","Unassigned",NA,NA,NA,NA,NA,NA
"c1c42ca7530a505e3537b8c24882b3b4","Unassigned",NA,NA,NA,NA,NA,NA
"26a7641eb0d42329cb78456c83eaa713","Unassigned",NA,NA,NA,NA,NA,NA
"deccb22091e4cedcb2b9c8687b65983d","Unassigned",NA,NA,NA,NA,NA,NA
"ba620b132d5b6365fe2c19ab8a10515e","Unassigned",NA,NA,NA,NA,NA,NA
"2252bcf2c0bbbc4126a9a94aba641d0c","Unassigned",NA,NA,NA,NA,NA,NA
"e857c4a9278d532dc6220fd789471292","Unassigned",NA,NA,NA,NA,NA,NA
"65099263e46f84a2d102f5e39d12b143","Unassigned",NA,NA,NA,NA,NA,NA
"84541577eddc910dff862a59af47a3eb","Unassigned",NA,NA,NA,NA,NA,NA
"8afa793d61e93e9186271592f05743cc","d__Eukaryota","Ascomycota",NA,NA,NA,NA,NA
"a88b1fe615e156180548cf93473b4a46","Unassigned",NA,NA,NA,NA,NA,NA
"e2610f7cdbc094aa0519456238c2d107","Unassigned",NA,NA,NA,NA,NA,NA
"2eb61a05161c1baa25fbea1b0e33a9a2","d__Bacteria","Firmicutes","Bacilli","Staphylococcales","Staphylococcaceae","Staphylococcus",NA
"6c53d9f7635f0aa0278d389437ab5002","Unassigned",NA,NA,NA,NA,NA,NA
"9690ff012cfc6aba7349d98358d5017f","Unassigned",NA,NA,NA,NA,NA,NA
"67f3b2d545697d9f9cf7bf4c6e724ee6","Unassigned",NA,NA,NA,NA,NA,NA
"f61b24342856b47a76d62ac5e4b8b01d","d__Eukaryota","Ascomycota",NA,NA,NA,NA,NA
"3f0d826ef0cff80b4d338b726e1d61f2","Unassigned",NA,NA,NA,NA,NA,NA
"1dd6f4ae2bf915b8576bc5611bdc0e54","Unassigned",NA,NA,NA,NA,NA,NA
"8c5cbbaac9c6c1b3253f3de13a742c76","Unassigned",NA,NA,NA,NA,NA,NA
"cfb97bf64e96a1d07c37e79ab0bde4fa","d__Bacteria","Proteobacteria","Gammaproteobacteria","Pseudomonadales","Moraxellaceae","Enhydrobacter",NA
"6adb38c39cf8aae4463a138b32208468","Unassigned",NA,NA,NA,NA,NA,NA
"dc3056cf4252c13d710a66751fd5a681","d__Eukaryota","Ascomycota",NA,NA,NA,NA,NA
"e5a293504dd6d793a4a4dcd8bb15fffe","d__Bacteria","Firmicutes","Bacilli","Bacillales","Bacillaceae","Bacillus",NA
"86e8cc1cbefba39ddeb1ea47e4b08027","Unassigned",NA,NA,NA,NA,NA,NA
"42997cce3368b8d4c4af1209acad18c4","Unassigned",NA,NA,NA,NA,NA,NA
"86a6ba3390c5f4d8e243174cb61ee271","d__Bacteria","Firmicutes","Bacilli","Staphylococcales","Staphylococcaceae","Staphylococcus",NA
"ddfdb6c38e1da8a2a247b459101214c2","Unassigned",NA,NA,NA,NA,NA,NA
"77c53108b3639c6d45b1dde97f160f0f","Unassigned",NA,NA,NA,NA,NA,NA
"4da51be41dca85158b5415c7cdc3244f","Unassigned",NA,NA,NA,NA,NA,NA
"9e97d2c0811dd5272849a0a5b26d2b57","Unassigned",NA,NA,NA,NA,NA,NA
"92bc5fe343f7aac478591db797134f38","Unassigned",NA,NA,NA,NA,NA,NA
"210017c09ab693e4d6154d0d11d4d84c","Unassigned",NA,NA,NA,NA,NA,NA
"828af16d92f83017aef3fe9f28a3d2dc","Unassigned",NA,NA,NA,NA,NA,NA
"95b432e3e37c864e69f5549679fded3d","d__Bacteria","Actinobacteriota","Actinobacteria","Corynebacteriales","Corynebacteriaceae",NA,NA
"91d5418d5befdf483b4048a1144ca208","Unassigned",NA,NA,NA,NA,NA,NA
"22aaf11db8b668a9722d0ecaeed83d15","Unassigned",NA,NA,NA,NA,NA,NA
"728a57fe244ea47086ae6c952d7416eb","Unassigned",NA,NA,NA,NA,NA,NA
"da1bd04de9f9753aae0d7a2ad1662e8a","Unassigned",NA,NA,NA,NA,NA,NA
"b2ac4203918dd7f0fbbfce9ba57322af","Unassigned",NA,NA,NA,NA,NA,NA
"bc663b7d03715a380a1ac48a9b63ac40","Unassigned",NA,NA,NA,NA,NA,NA
"fb5a801ad44b9ba99ee9b93985795613","Unassigned",NA,NA,NA,NA,NA,NA
"c282c77c2ed0f2f01c9a786149a0e7bd","d__Bacteria","Actinobacteriota","Actinobacteria","Corynebacteriales","Corynebacteriaceae","Corynebacterium",NA
"ae4f29477077775edce046fc59a0d7f3","d__Bacteria","Proteobacteria","Gammaproteobacteria","Pseudomonadales","Moraxellaceae","Psychrobacter",NA
"2a1781575db8b4492923a855ff8f7404","d__Bacteria","Firmicutes","Bacilli","Staphylococcales","Staphylococcaceae","Staphylococcus",NA
"3ad3bdb0a909fe1a9395c2a6f674fa1e","Unassigned",NA,NA,NA,NA,NA,NA
"3724421e421bf008e9b3ed2aa09977f8","Unassigned",NA,NA,NA,NA,NA,NA
"c4f0e7afdc78b417e76ddc2392069cb7","d__Bacteria","Firmicutes","Bacilli","Lactobacillales","Enterococcaceae","Enterococcus",NA
"dd1cd8e7a3bf06f4ac565eaa177acdbf","d__Bacteria","Actinobacteriota","Actinobacteria","Micrococcales","Micrococcaceae","Kocuria",NA
"3efce317c7efea724f04a26808f228a5","Unassigned",NA,NA,NA,NA,NA,NA
"12f8b3f1e0d9b6fcc97a52b69681e6b4","Unassigned",NA,NA,NA,NA,NA,NA
"323c2b7f08ad6a867b402c4bf0a747fc","d__Bacteria","Firmicutes","Bacilli","Lactobacillales","Lactobacillaceae","Limosilactobacillus",NA
"58fccab56b8da19340d68709b9a963c9","d__Bacteria","Actinobacteriota","Actinobacteria","Propionibacteriales","Propionibacteriaceae","Cutibacterium",NA
"f23920dff5e01e689d38ba2ef53ba074","Unassigned",NA,NA,NA,NA,NA,NA
"c8ee18ec80c7a5c92167ef70dc88c39b","Unassigned",NA,NA,NA,NA,NA,NA
"e9b92c0b643d7ca0f754c0f0adec799c","d__Bacteria","Proteobacteria","Gammaproteobacteria","Pseudomonadales","Moraxellaceae","Psychrobacter",NA
"0d19d52a8346c4059dc55cb23925994c","Unassigned",NA,NA,NA,NA,NA,NA
"fb3e689bec0b263f60c2aae41310c71f","Unassigned",NA,NA,NA,NA,NA,NA
"033dbf70fc018d58aac3d9decc301a53","Unassigned",NA,NA,NA,NA,NA,NA
"909fc202d6509aee9c741a70be79b8fa","d__Bacteria","Proteobacteria","Gammaproteobacteria","Enterobacterales",NA,NA,NA
"520742ea364870497e850d11a9efe21c","Unassigned",NA,NA,NA,NA,NA,NA
"6c330c8e0a5e953079f70731e2bc084e","Unassigned",NA,NA,NA,NA,NA,NA
"c657bbe7199e7d91b6543eb15b93b8a4","Unassigned",NA,NA,NA,NA,NA,NA
"f648a7984e8f98f6b1b33aa9e279ab28","d__Bacteria","Firmicutes","Bacilli","Lactobacillales","Streptococcaceae","Streptococcus",NA
"1e262cffed53a5da7238f129823cce02","d__Bacteria","Actinobacteriota","Actinobacteria","Corynebacteriales","Corynebacteriaceae","Corynebacterium",NA
"8516da9b24f7bb2e05a3deea7f6fbba2","d__Bacteria","Actinobacteriota","Actinobacteria","Micrococcales","Micrococcaceae","Kocuria",NA
"b322281de4ac043263cb80464bf96716","Unassigned",NA,NA,NA,NA,NA,NA
"223114f31a0e16fcbf6d9f78ed3a0c8d","Unassigned",NA,NA,NA,NA,NA,NA
"2d7c4aa527d81b8b0707adcaeceb7a4d","Unassigned",NA,NA,NA,NA,NA,NA
"1fb42c26d4fc97a5c867e18f9d045417","d__Bacteria","Actinobacteriota","Actinobacteria","Micrococcales","Micrococcaceae","Micrococcus",NA
"f1b4599e7fa4f0145e606373f4e109e1","Unassigned",NA,NA,NA,NA,NA,NA
"138db03662b20111adba46bc7ca48285","Unassigned",NA,NA,NA,NA,NA,NA
"87156d7a062c6bdc735da5c12fface13","d__Bacteria","Actinobacteriota","Actinobacteria","Corynebacteriales","Corynebacteriaceae",NA,NA
"dfdaea8724c4e4892545ef2579ff4558","Unassigned",NA,NA,NA,NA,NA,NA
"250139a3473dc979ae35a238a5cabdfe","Unassigned",NA,NA,NA,NA,NA,NA
"3828d9fda25cc3db9eed496e75c4614f","d__Bacteria","Firmicutes","Bacilli","Staphylococcales","Staphylococcaceae","Staphylococcus",NA
"c1a68dc8c5f669ae8e8f6336cad6b12a","Unassigned",NA,NA,NA,NA,NA,NA
"64571e90ce499e2b88050ac0deb58f0e","Unassigned",NA,NA,NA,NA,NA,NA
"e0db43160c5e671acc84fce857f365cc","Unassigned",NA,NA,NA,NA,NA,NA
"a34680e574475dfbd2084ac6489e7d7e","Unassigned",NA,NA,NA,NA,NA,NA
"3a247768c418750867f45cf0c7f192fe","Unassigned",NA,NA,NA,NA,NA,NA
"5462928739e0e0e4450874d3a3a34672","Unassigned",NA,NA,NA,NA,NA,NA
"c89611c134955b7ff14ae2d22991265d","d__Bacteria","Firmicutes","Bacilli","Staphylococcales","Staphylococcaceae","Staphylococcus",NA
"60281a861d947489ce0aaf6b4434f67f","Unassigned",NA,NA,NA,NA,NA,NA
"fce591decd9fcec5c912805ebf6569d9","d__Bacteria","Firmicutes","Bacilli","Lactobacillales","Listeriaceae","Listeria",NA
"6b3ae1a81445e98f80812ef0e4048b49","Unassigned",NA,NA,NA,NA,NA,NA
"f74bf0c611decf99c58933123f8abc66","d__Bacteria","Firmicutes","Bacilli","Bacillales","Bacillaceae","Bacillus",NA
"fcd97fcb90447a18400941be52592949","Unassigned",NA,NA,NA,NA,NA,NA
"9ac000cd5c91ed7f7fbf05daa0dfdb0a","Unassigned",NA,NA,NA,NA,NA,NA
"725b66005c7a8b8f32e02f8fa6c42423","Unassigned",NA,NA,NA,NA,NA,NA
"f056d14b7479b98b03792ffbe72da965","Unassigned",NA,NA,NA,NA,NA,NA
"a5b7273eebdbe93e7643f979dfc1c813","d__Bacteria","Actinobacteriota","Actinobacteria","Micrococcales","Micrococcaceae",NA,NA
"172b1b46b2812bbe8a2bbce8e1b34530","Unassigned",NA,NA,NA,NA,NA,NA
"86a0bdccc96a3f60260e9288987941cd","Unassigned",NA,NA,NA,NA,NA,NA
"86727ba91798fe999afb1318935d14e2","Unassigned",NA,NA,NA,NA,NA,NA
"929e21e4dc36b4f49d7dd4ab3a0f99a5","Unassigned",NA,NA,NA,NA,NA,NA
"195ccec25d30f8e320b0227940e59725","Unassigned",NA,NA,NA,NA,NA,NA
"fbfea2fa0ba29f63de4b281f7489ed8e","Unassigned",NA,NA,NA,NA,NA,NA
"d2fcc0eedaae1cc1df11c5b053740db9","d__Bacteria","Actinobacteriota","Actinobacteria","Corynebacteriales","Corynebacteriaceae","Corynebacterium",NA
"ed0e6ee902957fabf15f55860760c23f","Unassigned",NA,NA,NA,NA,NA,NA
"c4c7c39fdcbf8375c64a165c97368536","Unassigned",NA,NA,NA,NA,NA,NA
"9309b573e5e99d9ecf8e05efda5775a4","d__Bacteria","Actinobacteriota","Actinobacteria","Corynebacteriales","Corynebacteriaceae","Corynebacterium",NA
"953c6bc34cae02bd33ca2f84b62a946c","Unassigned",NA,NA,NA,NA,NA,NA
"ab27002f08176c5a8a0601689383d0bd","Unassigned",NA,NA,NA,NA,NA,NA
"64d848a1b5390d2f31c3df2899d0faf9","Unassigned",NA,NA,NA,NA,NA,NA
"db06edc0809c5b371464f109c8ad820c","Unassigned",NA,NA,NA,NA,NA,NA
"8d347d6fe7b1c7db47cb601aba7b070e","Unassigned",NA,NA,NA,NA,NA,NA
"75a945d542086974d29e7baae1cc294a","Unassigned",NA,NA,NA,NA,NA,NA
"7bdb000891c507678e7d14072c759983","Unassigned",NA,NA,NA,NA,NA,NA
"acf88a7ff10949359942cb8bfd46dee1","Unassigned",NA,NA,NA,NA,NA,NA
"5c1b88729da1cfe72a434f671d06d861","Unassigned",NA,NA,NA,NA,NA,NA
"9d82e7b1fc09b36fef82bd08db22c19e","Unassigned",NA,NA,NA,NA,NA,NA
"fb49cabb927df87c640e04056ab9771f","Unassigned",NA,NA,NA,NA,NA,NA
"1e0b99d4eab773d94adef704349277dc","Unassigned",NA,NA,NA,NA,NA,NA
"d80927d6ab5bc955a7fc81bb1d819bc9","Unassigned",NA,NA,NA,NA,NA,NA
"5df90e94d02170a0bdc98f4060e6ac24","Unassigned",NA,NA,NA,NA,NA,NA
"1b910fba3f5204365a141196509c4199","Unassigned",NA,NA,NA,NA,NA,NA
"8fd8ef4df6522183e57ee2d39ae8182a","Unassigned",NA,NA,NA,NA,NA,NA
"9e30c7be97868f4b6f8c78beb1aade0e","Unassigned",NA,NA,NA,NA,NA,NA
"1612b4d5976584bfc0768a1672f6f6d9","Unassigned",NA,NA,NA,NA,NA,NA
"f8f394f3fa7387eb3e9868bfbe91fc0f","Unassigned",NA,NA,NA,NA,NA,NA
"ba3cc30daad138a17d1d6bd69ebc0498","d__Bacteria","Actinobacteriota","Actinobacteria","Corynebacteriales","Corynebacteriaceae","Corynebacterium",NA
"054ee7824526c922ede33b83c546033a","d__Bacteria","Proteobacteria","Gammaproteobacteria","Enterobacterales","Enterobacteriaceae",NA,NA
"795a3bbcde94c8e0dcaf677e73f76100","Unassigned",NA,NA,NA,NA,NA,NA
"fa69cb121ac6ab6304af3129e1010f4f","Unassigned",NA,NA,NA,NA,NA,NA
"e4462d0fcffeb924f0a0f710984019d9","d__Bacteria","Proteobacteria","Alphaproteobacteria","Rhodobacterales","Rhodobacteraceae","Paracoccus",NA
"467f98f51d78fd1d8b66ac968dfa7436","Unassigned",NA,NA,NA,NA,NA,NA
"7e0ef59911cd691fd6106301e38911cd","Unassigned",NA,NA,NA,NA,NA,NA
"0474f1ca3d58f58509d7795f93e06e71","d__Bacteria","Actinobacteriota","Actinobacteria","Micrococcales","Dermacoccaceae","Dermacoccus",NA
"c7143acf50138801d903164bbf4d902b","Unassigned",NA,NA,NA,NA,NA,NA
"d81318b936c00c1e171ce2db2d56ef34","Unassigned",NA,NA,NA,NA,NA,NA
"ff0f1bfe172d2ae76f6f69359bcad3a0","Unassigned",NA,NA,NA,NA,NA,NA
"6aea1808d6ca09f776146df3dec7c81a","Unassigned",NA,NA,NA,NA,NA,NA
"acea64ddfbf6442ada7ffb6d52f9267b","d__Bacteria","Actinobacteriota","Actinobacteria","Corynebacteriales","Corynebacteriaceae",NA,NA
"4b78a87b09afc4252f420f52a2a1a5a9","Unassigned",NA,NA,NA,NA,NA,NA
"7de1c9cc0754f05471dfdd75e7cb0d7a","Unassigned",NA,NA,NA,NA,NA,NA
"3e842d9ac2efdcfe40bb6e4e1077d109","Unassigned",NA,NA,NA,NA,NA,NA
"a71975ccf85d3f526e5a65830c9f3c44","d__Bacteria","Firmicutes","Clostridia","Peptostreptococcales-Tissierellales","Family_XI","Finegoldia",NA
"733f7592238a9bb20dfc67d727d6db6b","d__Bacteria","Actinobacteriota","Actinobacteria","Corynebacteriales","Corynebacteriaceae","Corynebacterium",NA
"0e0889e117b8be219411168c17ea5ce6","Unassigned",NA,NA,NA,NA,NA,NA
"78ecb47aec694569497e862b1addd4ad","Unassigned",NA,NA,NA,NA,NA,NA
"491adff458507cdb948956e128a00d6f","Unassigned",NA,NA,NA,NA,NA,NA
"bf76769cbbb79cdc7c5d6f6525c89e0d","Unassigned",NA,NA,NA,NA,NA,NA
"35acd72c9f786e16247275d0f3568e5b","Unassigned",NA,NA,NA,NA,NA,NA
"7b6a0946cb7ec0729cde3048d3b8247d","Unassigned",NA,NA,NA,NA,NA,NA
"326e23511bb551f6643b3e1e78c9db74","Unassigned",NA,NA,NA,NA,NA,NA
"ec6ac8ec60b405452cd0fdf62bf4712a","Unassigned",NA,NA,NA,NA,NA,NA
"92cdda6513807fb57bb6fece035618f0","Unassigned",NA,NA,NA,NA,NA,NA
"a06b6e5a53f62ed8f04455f1bfdabfcf","Unassigned",NA,NA,NA,NA,NA,NA
"46c5ac988fdb6c9bc5184a6bc93d2ef3","Unassigned",NA,NA,NA,NA,NA,NA
"9255c637ce250d8d216dd1111b4c8b54","Unassigned",NA,NA,NA,NA,NA,NA
"5d366c11106143a3d655f4313d4bda01","Unassigned",NA,NA,NA,NA,NA,NA
"44219beaef6560867e550b45ee5b82a5","Unassigned",NA,NA,NA,NA,NA,NA
"b1350f341b39f9ffb18ebd33980e310f","d__Bacteria","Actinobacteriota","Actinobacteria","Micrococcales","Brevibacteriaceae","Brevibacterium",NA
"193f67f39f8151cb173b926f57ea1c42","d__Bacteria","Actinobacteriota","Actinobacteria","Micrococcales","Micrococcaceae",NA,NA
"b4223b25f267499d020dd0e480aaf377","Unassigned",NA,NA,NA,NA,NA,NA
"fee2e64375dc157f2c16a0f57e13c0bb","Unassigned",NA,NA,NA,NA,NA,NA
"3a6b66f8fe2842f1d5c50fd232e5e83c","Unassigned",NA,NA,NA,NA,NA,NA
"ebb970b074f1c17dbc1a909247314c8e","d__Bacteria","Firmicutes","Bacilli","Lactobacillales","Carnobacteriaceae","Carnobacterium",NA
"a87763902670f9801b58eb2dd0316d99","d__Bacteria","Firmicutes","Clostridia","Peptostreptococcales-Tissierellales","Family_XI","Anaerococcus",NA
"14c01de94f6bbd91fafc0333d696cdc8","Unassigned",NA,NA,NA,NA,NA,NA
"c1ef38e2382094f81ed46587d2a3216b","Unassigned",NA,NA,NA,NA,NA,NA
"57bb5feebe1652d2ffdc42fbac26550e","d__Bacteria","Proteobacteria","Gammaproteobacteria","Pseudomonadales","Moraxellaceae","Acinetobacter",NA
"7c440863d8f85268074d30fa83299063","d__Bacteria","Actinobacteriota","Actinobacteria","Propionibacteriales","Propionibacteriaceae","Raineyella",NA
"9ea5c087342fc634e47362b4390115b1","Unassigned",NA,NA,NA,NA,NA,NA
"dda8f6370010a31228cc8657fbfcb4da","Unassigned",NA,NA,NA,NA,NA,NA
"000cc81b45f498548774bbdae93776ec","Unassigned",NA,NA,NA,NA,NA,NA
"715ee45c15f3cacdb08fbf153c439172","d__Bacteria","Actinobacteriota","Actinobacteria","Micrococcales","Brevibacteriaceae","Brevibacterium",NA
"38b457475f85055e963204b3e175aede","Unassigned",NA,NA,NA,NA,NA,NA
"e91132996b676c907d69d81e721c6e9f","d__Bacteria","Proteobacteria","Alphaproteobacteria","Acetobacterales","Acetobacteraceae","Roseomonas",NA
"3a4a592a5d84448036c1a9e5533cbe47","d__Bacteria","Firmicutes","Clostridia","Peptostreptococcales-Tissierellales","Family_XI","Peptoniphilus",NA
"7246d5cfead8571e9de4848af6310be6","Unassigned",NA,NA,NA,NA,NA,NA
"9f66d7138270f8c7b8cbef634b3ab48d","d__Bacteria","Fusobacteriota","Fusobacteriia","Fusobacteriales","Fusobacteriaceae","Cetobacterium",NA
"9aeccac6a25e3f24531aeae04f98e7b1","d__Bacteria","Firmicutes","Clostridia","Peptostreptococcales-Tissierellales","Family_XI","Anaerococcus",NA
"f4b2d68d653643df0c2b2267a528f9fd","d__Bacteria","Actinobacteriota","Actinobacteria","Corynebacteriales","Corynebacteriaceae","Corynebacterium",NA
"6c751af82a8f3241afd9caf1e6565b5e","d__Bacteria","Firmicutes","Clostridia","Peptostreptococcales-Tissierellales","Peptostreptococcaceae",NA,NA
"de87ed968299278d2eb41dc212cc4f4e","Unassigned",NA,NA,NA,NA,NA,NA
"b87a9aacd32de02bec5802cfbca6850e","d__Bacteria","Actinobacteriota","Actinobacteria","Bifidobacteriales","Bifidobacteriaceae","Alloscardovia",NA
"82c9f61c72f72df63d0ec7cc327a7f1e","d__Bacteria","Proteobacteria","Gammaproteobacteria","Enterobacterales","Enterobacteriaceae",NA,NA
"3be80e9c8989f4c1faa73ae830ac30ca","d__Bacteria","Firmicutes","Bacilli","Staphylococcales","Staphylococcaceae","Jeotgalicoccus",NA
"4e94337b7a63177f56a266746f322cd2","Unassigned",NA,NA,NA,NA,NA,NA
"beea7b65b6795b1adf293bd88af0eab2","d__Bacteria","Proteobacteria","Gammaproteobacteria","Pseudomonadales","Moraxellaceae","Acinetobacter",NA
"762a5c09d64563c2b35b77683a85c58d","Unassigned",NA,NA,NA,NA,NA,NA
"ae3881a263bd709c727eea27c31da707","Unassigned",NA,NA,NA,NA,NA,NA
"144fda66e1efba384fec8016a9229b6d","Unassigned",NA,NA,NA,NA,NA,NA
"8800b431e09684856ba2809feda6caa1","d__Bacteria","Proteobacteria","Alphaproteobacteria","Caulobacterales","Caulobacteraceae","Brevundimonas",NA
"b9be26ad6451e44f44f699b4ea24f403","d__Bacteria","Firmicutes","Bacilli","Lactobacillales","Enterococcaceae","Enterococcus",NA
"06ecb2454abf76b0900f367e46c888a3","Unassigned",NA,NA,NA,NA,NA,NA
"e2075c27df11652b2d41e562edff6792","Unassigned",NA,NA,NA,NA,NA,NA
"d39e80321f00560e40c0071d8f780307","d__Bacteria","Actinobacteriota","Actinobacteria","Bifidobacteriales","Bifidobacteriaceae","Gardnerella",NA
"2f80ab5b8588d135f00214bd2459c590","Unassigned",NA,NA,NA,NA,NA,NA
"4d55b3c92cd211fe7f6e4ce718b1d74b","d__Bacteria","Actinobacteriota","Actinobacteria","Micrococcales","Intrasporangiaceae",NA,NA
"8cee1c0ba0611bdf6bf152b699966d37","d__Bacteria","Bacteroidota","Bacteroidia","Sphingobacteriales","Sphingobacteriaceae","Sphingobacterium",NA
"6f8e320437cdb0f5825d2c643d5278c6","d__Bacteria","Firmicutes","Bacilli","Lactobacillales","Streptococcaceae","Streptococcus",NA
"e962a3483056a1907b56ac445524046f","d__Bacteria","Firmicutes","Bacilli","Staphylococcales","Staphylococcaceae","Staphylococcaceae",NA
"ad60a97d92145b72e6520fdf7124b29f","d__Bacteria","Actinobacteriota","Actinobacteria","Corynebacteriales","Corynebacteriaceae","Corynebacterium",NA
"92ca389c62a93fd7694151603b4f5e61","d__Bacteria","Proteobacteria","Gammaproteobacteria","Pseudomonadales","Pseudomonadaceae","Pseudomonas",NA
"b045c17a9da6dfab5115c9b3f6fc7303","Unassigned",NA,NA,NA,NA,NA,NA
"6460f9ee105c7aa7eb35e9ff3d2bf4f7","d__Bacteria","Actinobacteriota","Actinobacteria","Micrococcales","Micrococcaceae","Kocuria",NA
"3753ddbf29c9898197026641c4b60f59","d__Bacteria","Firmicutes","Clostridia","Peptostreptococcales-Tissierellales","Family_XI","Fenollaria",NA
"9c389d41c654489a65b25bd5a43e2628","d__Bacteria","Firmicutes","Clostridia","Peptostreptococcales-Tissierellales","Family_XI","Anaerococcus",NA
"19e9909b39c56bd199888529965392e6","d__Bacteria","Proteobacteria","Gammaproteobacteria","Pseudomonadales","Moraxellaceae","Acinetobacter",NA
"3746ac9fab80d38248aba6c6e2a0e00d","d__Bacteria","Actinobacteriota","Actinobacteria","Corynebacteriales","Corynebacteriaceae",NA,NA
"1f7350701df5b72424519f0f3b84c4cd","Unassigned",NA,NA,NA,NA,NA,NA
"6ea89dc5332ad3ed3de1109dd2bb909a","d__Bacteria","Bacteroidota","Bacteroidia","Flavobacteriales","Flavobacteriaceae","Flavobacterium",NA
"e8525b27eb879f8a2da4e813ce583898","d__Bacteria","Actinobacteriota","Actinobacteria","Corynebacteriales","Corynebacteriaceae",NA,NA
"0088012bd88315a2efe18dad8a72e384","Unassigned",NA,NA,NA,NA,NA,NA
"664614cd561c372c90012e3528be4e1b","d__Bacteria","Actinobacteriota","Actinobacteria","Micrococcales","Microbacteriaceae",NA,NA
"6b85bf3322b0ba633bc3dc15e7aecda8","d__Bacteria","Actinobacteriota","Actinobacteria","Micrococcales","Brevibacteriaceae","Brevibacterium",NA
"cbec95fbc3fb5da6246f556d786f8921","d__Bacteria","Firmicutes","Clostridia","Peptostreptococcales-Tissierellales","Family_XI","Anaerococcus",NA
"5506cc6be6c9f7a3ef9cf5b6cef1d57c","Unassigned",NA,NA,NA,NA,NA,NA
"3e75a5bdfa70157ef76effab99114dbd","d__Bacteria","Actinobacteriota","Actinobacteria","Micrococcales","Brevibacteriaceae","Brevibacterium",NA
"8ac16ea52e21622fcf2b24d3cac8623d","d__Bacteria","Firmicutes","Bacilli","Lactobacillales","Aerococcaceae","Aerococcus",NA
"9f7747a6f636f2cab5aa412087c31b3d","d__Bacteria","Proteobacteria","Alphaproteobacteria","Rhizobiales","Beijerinckiaceae","Methylobacterium-Methylorubrum",NA
"4108d932bbe936843857d69acd00c3ca","d__Bacteria","Proteobacteria","Alphaproteobacteria","Rhizobiales","Rhizobiaceae",NA,NA
"0e0212d0329614f949fb0f3ee13ac5d7","d__Bacteria","Firmicutes","Bacilli","Lactobacillales","Lactobacillaceae","Lactobacillus",NA
"ad9893cc3f66300c7249660c9f3af401","d__Bacteria","Proteobacteria","Alphaproteobacteria","Rhizobiales","Rhizobiaceae",NA,NA
"659445472e1c625b3b6ad19d0a271f71","d__Bacteria","Firmicutes","Bacilli","Lactobacillales","Aerococcaceae","Eremococcus",NA
"7ab71d791a91487415727235b61e218d","d__Bacteria","Actinobacteriota","Actinobacteria","Bifidobacteriales","Bifidobacteriaceae","Gardnerella",NA
"12f0747e10bed2bf4e5792b5571f77f5","d__Bacteria","Actinobacteriota","Actinobacteria","Micrococcales","Micrococcaceae",NA,NA
"589741c62965dd419ed21cfde2aae0c8","d__Bacteria","Actinobacteriota","Actinobacteria","Micrococcales","Brevibacteriaceae","Brevibacterium",NA
"5a1a4ee945851ae0663c13000fbe45c7","d__Bacteria","Actinobacteriota","Actinobacteria","Corynebacteriales","Mycobacteriaceae","Mycobacterium",NA
"9e60436a3e826454556cf6beed47cf3f","Unassigned",NA,NA,NA,NA,NA,NA
"774269c706c3ef06f643435e4ae63423","d__Bacteria","Firmicutes","Clostridia","Peptostreptococcales-Tissierellales","Family_XI","Anaerococcus",NA
"1b80ded87fec3736c99845f1abccd830","d__Bacteria","Firmicutes","Clostridia","Lachnospirales","Lachnospiraceae","Blautia",NA
"b8a18b0c494d5a74371b7e9005aae7da","d__Bacteria","Firmicutes","Clostridia","Peptostreptococcales-Tissierellales","Family_XI","Peptoniphilus",NA
"1d88c30b147bf7b39fd746823a4aab4f","d__Bacteria","Actinobacteriota","Actinobacteria","Micrococcales","Micrococcaceae","Rothia",NA
"203d682bd81c5e6b13bc0d84bc2493a9","d__Bacteria","Actinobacteriota","Actinobacteria","Bifidobacteriales","Bifidobacteriaceae","Bifidobacterium",NA
"2d8170960ecdaed60c48af9c2c64d506","d__Bacteria","Proteobacteria","Gammaproteobacteria","Enterobacterales","Vibrionaceae","Photobacterium",NA
"33e4950765f9b861f7faa316de159d63","d__Bacteria","Proteobacteria","Alphaproteobacteria","Rhodobacterales","Rhodobacteraceae","Amaricoccus",NA
"3ba87d15b55f60f261686185fda917f5","d__Bacteria","Proteobacteria","Gammaproteobacteria","Pseudomonadales","Pseudomonadaceae","Pseudomonas",NA
"6796a4df95c6405120203e310dd8d88a","d__Bacteria","Bacteroidota","Bacteroidia","Bacteroidales","Prevotellaceae","Prevotella",NA
"34e1ff3e099a39c2d8d899276218246d","d__Bacteria","Actinobacteriota","Actinobacteria","Actinomycetales","Actinomycetaceae","Actinomyces",NA
"011611fec902f44fa861be031103f878","d__Bacteria","Firmicutes","Clostridia","Peptostreptococcales-Tissierellales","Family_XI","Anaerococcus",NA
"42c55372b61159d4ac8227ac4511c416","d__Bacteria","Actinobacteriota","Actinobacteria","Micrococcales","Dermabacteraceae","Brachybacterium",NA
"5d61b3abc7f4a2dbb46306b2b8f0ff9c","d__Bacteria","Actinobacteriota","Actinobacteria","Corynebacteriales","Corynebacteriaceae","Corynebacterium",NA
"d81c3e7a6f4b96a8868896512b4bb3a7","d__Bacteria","Actinobacteriota","Actinobacteria","Corynebacteriales","Corynebacteriaceae",NA,NA
"f914bb6ffe36ffd8691722fa2ae4a9a8","d__Bacteria","Actinobacteriota","Actinobacteria","Micrococcales","Microbacteriaceae","Agrococcus",NA
"99e83908fae069e5ba2f7937da62be31","d__Bacteria","Firmicutes","Bacilli","Lactobacillales","Streptococcaceae","Streptococcus",NA
"131b225e5849a1b17e30773fcb80f7cc","d__Bacteria","Proteobacteria","Alphaproteobacteria","Rhizobiales","Methylopilaceae","uncultured",NA
"bfb9dacbe63db13e63d3d07302dd4845","d__Bacteria","Firmicutes","Bacilli","Lactobacillales","Streptococcaceae","Streptococcus",NA
"bca4d0b79666c4ddd4550fda680b24f5","d__Bacteria","Actinobacteriota","Actinobacteria","Micrococcales","Dermabacteraceae","Brachybacterium",NA
"7593cda6125cddc67ae426dcd6d90010","d__Bacteria","Firmicutes","Bacilli","Staphylococcales","Staphylococcaceae","Auricoccus-Abyssicoccus",NA
"4e9502cee8b7a148da4e5e4c4cba8e03","d__Bacteria","Actinobacteriota","Actinobacteria","Corynebacteriales","Nocardiaceae","Gordonia",NA
"9c45fb762eea04d86ecefedba8032f22","d__Bacteria","Proteobacteria","Alphaproteobacteria","Rhizobiales","Beijerinckiaceae","Methylobacterium-Methylorubrum",NA
"942a8c531d8fb895efcc077a22578fc2","Unassigned",NA,NA,NA,NA,NA,NA
"ac9b2570c0a72abc7c303b448ad855ce","d__Bacteria","Proteobacteria","Gammaproteobacteria","Burkholderiales","Alcaligenaceae","Alcaligenes",NA
"629da3eccca61a7600902d1652ea7c72","d__Bacteria","Actinobacteriota","Actinobacteria","Actinomycetales","Actinomycetaceae","Actinomyces",NA
"3b21f246366b4c15fed76fd594ff8380","d__Bacteria","Actinobacteriota","Actinobacteria","Corynebacteriales","Corynebacteriaceae","Corynebacterium",NA
"0e8932ba1dea5d222ef154ee150ab614","d__Bacteria","Firmicutes","Clostridia","Clostridiales","Clostridiaceae","Clostridium_sensu_stricto_1",NA
"71cbcef8619881fbc0e183d61dce6473","d__Bacteria","Actinobacteriota","Actinobacteria","Propionibacteriales","Nocardioidaceae","Aeromicrobium",NA
"ffac5623a8bd99b31acdfe927b77633a","d__Bacteria","Proteobacteria","Alphaproteobacteria","Sphingomonadales","Sphingomonadaceae",NA,NA
"48ecdc75f0878a9b17cd4f18728e5588","d__Bacteria","Proteobacteria","Gammaproteobacteria","Pseudomonadales","Pseudomonadaceae","Pseudomonas",NA
"78a103cf11c9aa03d58c3844de80e74f","d__Bacteria","Actinobacteriota","Actinobacteria","Frankiales","Geodermatophilaceae","Blastococcus",NA
"50b7ee8d881d8401185b44efb419193b","d__Bacteria","Proteobacteria","Gammaproteobacteria","Enterobacterales",NA,NA,NA
"e4afd25e6bb4cbde6277a887033a9b8a","d__Bacteria","Actinobacteriota","Actinobacteria","Micrococcales","Micrococcaceae","Glutamicibacter",NA
"1c175cc2ffaf1b9b6fb7bdcf0a1e0ccc","d__Bacteria","Actinobacteriota","Actinobacteria","Corynebacteriales","Corynebacteriaceae","Corynebacterium",NA
"62243c3a9055e652defa43e0068f4f16","d__Bacteria","Bacteroidota","Bacteroidia","Flavobacteriales","Weeksellaceae","Cloacibacterium",NA
"3e8ba1e0f2530bd67bd12dc412d65169","d__Bacteria","Firmicutes","Bacilli","Staphylococcales","Staphylococcaceae","Macrococcus",NA
"4f9efcf26f5814a986d7915db96964d0","d__Bacteria","Firmicutes","Bacilli","Lactobacillales","Lactobacillaceae","Leuconostoc",NA
"9255d62625878ead3aa1ce277c450ebd","d__Bacteria","Proteobacteria","Alphaproteobacteria","Rhodobacterales","Rhodobacteraceae","Paracoccus",NA
"ba5a52f1b5928b334881661effd1bc60","d__Bacteria","Proteobacteria","Alphaproteobacteria","Rhodobacterales","Rhodobacteraceae",NA,NA
"52ba2137e71ac8c4bc7b9b5b06c7f307","d__Bacteria","Cyanobacteria","Cyanobacteriia","Chloroplast","Chloroplast","Chloroplast",NA
"34ae169c1dabbc78b18f29c7f106be1e","d__Bacteria","Actinobacteriota","Actinobacteria","Micrococcales","Microbacteriaceae",NA,NA
"b1807be786e6fb4569a98f8be2ec4c7a","d__Bacteria","Firmicutes","Negativicutes","Veillonellales-Selenomonadales","Veillonellaceae","Veillonella",NA
"a6f26646709c9b8646e25f0aff5befe7","Unassigned",NA,NA,NA,NA,NA,NA
"06a6ef682f547383110608e574fde078","d__Bacteria","Proteobacteria","Alphaproteobacteria","Rhizobiales","Beijerinckiaceae","Methylobacterium-Methylorubrum",NA
"04ebc9f0be7bfc23ed19da887741394d","d__Bacteria","Firmicutes","Bacilli","Staphylococcales","Staphylococcaceae","Staphylococcus",NA
"fc4511de1964c5e9caeb2d231357e53d","d__Bacteria","Actinobacteriota","Actinobacteria","Micrococcales","Dermacoccaceae","Kytococcus",NA
"eb154e3770f4d1898ee4ce11ff654f05","Unassigned",NA,NA,NA,NA,NA,NA
"020854e0d06395be88da0e470ddf72f0","d__Bacteria","Proteobacteria","Gammaproteobacteria","Xanthomonadales","Xanthomonadaceae","Stenotrophomonas",NA
"5143fd1ae9c8e0bce44d30ebb3ff55d3","d__Bacteria","Actinobacteriota","Actinobacteria","Corynebacteriales","Corynebacteriaceae","Corynebacterium",NA
"d96df272b8868781fcca70a11fbbc3e6","d__Bacteria","Proteobacteria","Gammaproteobacteria","Burkholderiales","Neisseriaceae","Conchiformibius",NA
"3b4e26ef7a8989218e05fa79f7cb4eb6","d__Bacteria","Actinobacteriota","Actinobacteria","Micrococcales","Microbacteriaceae","Microbacterium",NA
"339347d4948d3bf70175e97f163f4056","d__Bacteria","Firmicutes","Bacilli","Lactobacillales","Aerococcaceae","Facklamia",NA
"62c3b368d1eaadd1dcc00bc4fbf9ec87","d__Bacteria","Firmicutes","Bacilli","Lactobacillales","Streptococcaceae","Streptococcus",NA
"6956756301f824a7c90c65782bdc839b","d__Bacteria","Firmicutes","Bacilli","Lactobacillales","Enterococcaceae",NA,NA
"648b1b605845e2f5adab64bcaddd2963","d__Bacteria","Firmicutes","Clostridia","Peptostreptococcales-Tissierellales","Family_XI","Peptoniphilus",NA
"be0a970c14fa5fafd3154f1f38b758d0","d__Bacteria","Proteobacteria","Alphaproteobacteria","Rhizobiales","Beijerinckiaceae","Bosea",NA
"625e4272653837be2f00b5f4db6f4494","d__Bacteria","Proteobacteria","Gammaproteobacteria","Pseudomonadales","Moraxellaceae","Acinetobacter",NA
"a1e1bb0753adcb9058af0f9095ec7d39","d__Bacteria","Proteobacteria","Alphaproteobacteria","Rhizobiales","Rhizobiaceae","Aureimonas",NA
"8c1e9b870e06bc9aa386d885e21482f3","d__Bacteria",NA,NA,NA,NA,NA,NA
"8a8fd7553c4b9dd707afef230c116ab3","d__Bacteria","Actinobacteriota","Actinobacteria","Corynebacteriales","Corynebacteriaceae","Corynebacterium",NA
"0fc45948ce2c0b71a580f97f202c897a","d__Bacteria","Actinobacteriota","Actinobacteria","Micrococcales","Bogoriellaceae","Georgenia",NA
"8b6ff42c0817aa03ff01f1b3f4d9c1ff","d__Bacteria","Actinobacteriota","Actinobacteria","Corynebacteriales","Corynebacteriaceae","Corynebacterium",NA
"418a2965e3c352a970d15ec80dac6ebb","d__Bacteria","Firmicutes","Clostridia","Peptostreptococcales-Tissierellales","Family_XI","Anaerococcus",NA
"1afaa71140914a0c12d1ce2426100ae1","d__Bacteria","Actinobacteriota","Actinobacteria","Micrococcales","Microbacteriaceae","Microbacterium",NA
"c2dc401adc7d923ad9afcecdc9b25b4d","Unassigned",NA,NA,NA,NA,NA,NA
"6b0c43a53dfec834b9aae10ae80b71d9","d__Bacteria","Proteobacteria","Gammaproteobacteria","Burkholderiales","Comamonadaceae",NA,NA
"a23fc0eef2afe7b7213fef2b915011a3","d__Bacteria","Firmicutes","Bacilli","Lactobacillales","Streptococcaceae","Streptococcus",NA
"cb3ec53da5d62655b8632d7021d0d54c","d__Bacteria","Actinobacteriota","Actinobacteria","Micrococcales","Dermabacteraceae","Dermabacter",NA
"2665979447c8e300811d40565fa3a305","d__Bacteria","Actinobacteriota","Actinobacteria","Micrococcales","Dermacoccaceae","Yimella",NA
"409acf1de7b771f7ba08924b0ae567c9","d__Bacteria","Proteobacteria","Gammaproteobacteria","Xanthomonadales","Xanthomonadaceae","Luteimonas",NA
"2f1652e8dbbfed3f0523ff49d8f46733","d__Bacteria","Actinobacteriota","Actinobacteria","Corynebacteriales","Corynebacteriaceae","Corynebacterium",NA
"ce569550e4d68d1fc48bf222c3515d71","Unassigned",NA,NA,NA,NA,NA,NA
"b774874a74f02ed5c3460b740266be6e","d__Bacteria","Actinobacteriota","Actinobacteria","Micrococcales","Micrococcaceae","Micrococcus",NA
"a76fbb02f4e76fd6c38af84ee10f7ca3","d__Bacteria","Firmicutes","Clostridia","Peptostreptococcales-Tissierellales","Family_XI","Peptoniphilus",NA
"26be78f6b387ad9b0c52e90d7b19befc","d__Bacteria","Firmicutes","Clostridia","Peptostreptococcales-Tissierellales","Family_XI","Anaerococcus",NA
"c8f95ce85ea65cd6fcb1352d79a19077","d__Bacteria","Proteobacteria","Alphaproteobacteria","Rhizobiales","Rhizobiaceae",NA,NA
"2fdb8fd51012cee730bad7447c74016b","d__Bacteria","Cyanobacteria","Cyanobacteriia","Cyanobacteriales","Chroococcidiopsaceae","uncultured",NA
"4214742fc98ab31d0c49c5c2e59fa463","d__Bacteria","Proteobacteria","Alphaproteobacteria","Rhizobiales","Rhizobiaceae",NA,NA
"ffad0ecd2c1b523c4362233f1db8a060","d__Bacteria","Actinobacteriota","Coriobacteriia","Coriobacteriales","Coriobacteriaceae","Collinsella",NA
"8b9fe59540e1a2f51ad3691bbffb19fb","d__Bacteria","Actinobacteriota","Actinobacteria","Micrococcales","Dermabacteraceae","Brachybacterium",NA
"0e3874074440bc77acffb8c6e0016eeb","d__Bacteria","Bacteroidota","Bacteroidia","Flavobacteriales","Weeksellaceae","Chryseobacterium",NA
"5396d5b2d54a030ae97e8a81fea7a3a0","d__Bacteria","Firmicutes","Bacilli","Lactobacillales","Enterococcaceae","Enterococcus",NA
"1305507a718f497056f01a1600720042","d__Bacteria","Proteobacteria","Alphaproteobacteria","Sphingomonadales","Sphingomonadaceae",NA,NA
"07964912117355e235b81d5308f6ed0d","d__Bacteria","Proteobacteria","Gammaproteobacteria","Pseudomonadales","Pseudomonadaceae","Pseudomonas",NA
"4053e6535d7051400e7cbdf706d2a38d","d__Bacteria","Proteobacteria","Gammaproteobacteria","Pseudomonadales","Moraxellaceae","Acinetobacter",NA
"a815ab519e1f61e8f611ec0d5ab1d375","d__Bacteria","Firmicutes","Clostridia","Clostridiales","Clostridiaceae",NA,NA
"4de1e12f89d1e7ffe487061dd4e21827","d__Bacteria","Proteobacteria","Alphaproteobacteria","Rhizobiales","Rhizobiaceae",NA,NA
"15438d9f691b3d6033be83662ddf2ec1","d__Bacteria","Actinobacteriota","Actinobacteria","Corynebacteriales","Corynebacteriaceae","Corynebacterium",NA
"382da43c5ca3ae49d8d0c5fdd8dcbb8a","d__Bacteria","Proteobacteria","Gammaproteobacteria","Enterobacterales","Enterobacteriaceae",NA,NA
"66c2cb26355fd1584bf29c93124f91b0","d__Bacteria","Proteobacteria","Gammaproteobacteria","Pseudomonadales","Moraxellaceae","Acinetobacter",NA
"68f61269402b94ddf89d490225c734a4","d__Bacteria","Actinobacteriota","Actinobacteria","Micrococcales","Brevibacteriaceae","Brevibacterium",NA
"5c69e5895dcde22611b841cd4889e434","d__Bacteria","Proteobacteria","Alphaproteobacteria","Rhizobiales","Devosiaceae",NA,NA
"db84000c4cb621f1b0ea0106a4653604","d__Bacteria","Bacteroidota","Bacteroidia","Flavobacteriales","Weeksellaceae",NA,NA
"9748f1f690b15e6d34f097d27e2c4493","d__Bacteria","Actinobacteriota","Actinobacteria","Corynebacteriales","Dietziaceae","Dietzia",NA
"d2b1a8c8acb53af16dced0b332848f88","d__Bacteria","Proteobacteria","Gammaproteobacteria","Enterobacterales",NA,NA,NA
"d6bd42501c632e67c51a194ac90ee101","d__Bacteria",NA,NA,NA,NA,NA,NA
"d2403ce5e7c52e015e0459c370b49b62","d__Bacteria","Myxococcota","Polyangia","Polyangiales","Polyangiaceae","Aetherobacter",NA
"bfb4c5e82be19d6c695034c8bd9b4921","d__Bacteria","Proteobacteria","Gammaproteobacteria","Enterobacterales","Enterobacteriaceae","Escherichia-Shigella",NA
"c40bc9a4192d09548abdc8a2813f6735","d__Bacteria","Firmicutes","Clostridia","Oscillospirales","Ruminococcaceae",NA,NA
"7cf460eaa0881e3708b65d5faef5ad97","d__Bacteria","Firmicutes","Clostridia","Lachnospirales","Lachnospiraceae","[Eubacterium]_hallii_group",NA
"fcf631d3bc413a362adb3f60407a0edd","d__Bacteria","Firmicutes","Bacilli","Lactobacillales","Streptococcaceae","Streptococcus",NA
"2aacf15f866205d84d636e94d46153db","d__Bacteria","Proteobacteria","Gammaproteobacteria","Pseudomonadales","Pseudomonadaceae","Pseudomonas",NA
"e61b1df5514abdd7a71c1db0419abe50","d__Bacteria","Bacteroidota","Bacteroidia","Flavobacteriales","Weeksellaceae",NA,NA
"815ebe75908b478af239e6ebfa2dee0e","d__Bacteria","Actinobacteriota","Actinobacteria","Corynebacteriales","Corynebacteriaceae","Corynebacterium",NA
"98a5ee78916a99dd18982cadf61f51e5","d__Bacteria","Bacteroidota","Bacteroidia","Flavobacteriales","Weeksellaceae",NA,NA
"27a7fd9eb337b7d8f6e6364dade5366a","d__Bacteria","Actinobacteriota","Actinobacteria","Micrococcales","Dermabacteraceae","Dermabacter",NA
"35b942bd84c2b52df073dfca1b071e51","d__Bacteria","Firmicutes","Clostridia","Oscillospirales","Ruminococcaceae",NA,NA
"4b88751be52287aed3230ea1f7bdb738","d__Bacteria","Bacteroidota","Bacteroidia","Flavobacteriales","Weeksellaceae","Chryseobacterium",NA
"e80beb33a8216f6fdbf60e6cd4e04f79","d__Bacteria","Proteobacteria","Alphaproteobacteria","Rhodobacterales","Rhodobacteraceae","Paracoccus",NA
"1d511128575ee31dd8a76e4b0c8b717a","d__Bacteria","Proteobacteria","Alphaproteobacteria","Rhizobiales","Rhizobiaceae","Allorhizobium-Neorhizobium-Pararhizobium-Rhizobium",NA
"a45533ca02390d2e85da4006108a4ed7","d__Bacteria","Proteobacteria","Gammaproteobacteria","Pseudomonadales","Moraxellaceae","Acinetobacter",NA
"e41d48c394d4cefa55fc4a1a5f00a6a0","d__Bacteria","Firmicutes","Clostridia","Oscillospirales","Ruminococcaceae","Subdoligranulum",NA
"0bf634253273ddf2582135fffa2e6b23","d__Bacteria","Firmicutes","Bacilli","Lactobacillales","Lactobacillaceae","Lactobacillus",NA
"7c0f66ac5f74483123d8ccce5b1ed484","d__Bacteria","Firmicutes","Bacilli","Lactobacillales","Listeriaceae","Brochothrix",NA
"992f84d6589f0801215d0e6bb31fd1b5","d__Bacteria","Actinobacteriota","Actinobacteria","Micrococcales","Micrococcaceae",NA,NA
"65243043b58e19ee4dae8e5143fb7ebd","d__Bacteria","Firmicutes","Clostridia","Peptostreptococcales-Tissierellales","Peptostreptococcaceae","Peptoclostridium",NA
"bed58c4f2d4b7509c12b7d84078d0f38","d__Bacteria","Proteobacteria","Gammaproteobacteria","Enterobacterales","Yersiniaceae","Serratia",NA
"244b56466da88329f8d72c2ee5e599ae","d__Bacteria","Proteobacteria","Alphaproteobacteria","Rhizobiales","Rhizobiaceae",NA,NA
"0d2217916bab8c6bff2a7e50762ee877","d__Bacteria","Proteobacteria","Gammaproteobacteria","Enterobacterales","Erwiniaceae",NA,NA
"f8f4b3c22f9fce3307253376ce3fe395","d__Bacteria","Firmicutes","Bacilli","Exiguobacterales","Exiguobacteraceae","Exiguobacterium",NA
"ea8b07d84f0b7ac5945ce832341eac16","d__Bacteria","Fusobacteriota","Fusobacteriia","Fusobacteriales","Fusobacteriaceae","Fusobacterium",NA
"0a8d0754ed99dfbe5f74a3769e9d9e87","d__Bacteria","Proteobacteria","Alphaproteobacteria","Rhizobiales","Rhizobiaceae","Ochrobactrum",NA
"f7ccc3b8aa33d4e56a00fad4d66b7d91","d__Bacteria","Firmicutes","Bacilli","Staphylococcales","Staphylococcaceae","Jeotgalicoccus",NA
"208c20eeea649b30fc7e049e478d273e","d__Bacteria","Actinobacteriota","Actinobacteria","Corynebacteriales","Nocardiaceae","Rhodococcus",NA
"241a58be354860a198bbd765d63ff1c4","d__Bacteria","Actinobacteriota","Actinobacteria","Corynebacteriales","Corynebacteriaceae","Corynebacterium",NA
"de6fe5fa1a237855b95ae294a7c370ed","d__Bacteria","Proteobacteria","Gammaproteobacteria","Enterobacterales",NA,NA,NA
"722435f4fdfc9717da945db17d2e5392","d__Bacteria","Cyanobacteria","Cyanobacteriia","Chloroplast","Chloroplast","Chloroplast",NA
"c2360a799d0a73945d562a63618b9a6e","d__Bacteria","Bacteroidota","Bacteroidia","Flavobacteriales","Weeksellaceae","Chryseobacterium",NA
"69a9f46c90a52d33136e29724e3a2824","d__Bacteria","Proteobacteria","Alphaproteobacteria","Rhizobiales","Beijerinckiaceae","Methylobacterium-Methylorubrum",NA
"79fce0ed7d7707417feb07da65587512","d__Bacteria","Proteobacteria","Gammaproteobacteria","Pseudomonadales","Moraxellaceae","Psychrobacter",NA
"c14cae3929a37500cd8c43a06bc1e6f6","d__Bacteria","Firmicutes","Bacilli","Lactobacillales","Streptococcaceae","Streptococcus",NA
"e2715c179b3c87b50a145d674ea9c53b","d__Bacteria","Firmicutes","Clostridia","Peptostreptococcales-Tissierellales","Peptostreptococcaceae","Romboutsia",NA
"bf01edc47a4669bb3a413c200c9a672f","d__Bacteria","Firmicutes","Bacilli","Lactobacillales","Lactobacillaceae","Lactobacillus",NA
"9637163fe0e44ef8e5a5161ab05f3fa6","d__Bacteria","Firmicutes","Bacilli","Lactobacillales","Enterococcaceae","Enterococcus",NA
"51442ee125cf0a754f6992829a64de72","d__Bacteria","Actinobacteriota","Actinobacteria","Micrococcales","Microbacteriaceae","Microbacterium",NA
"d5165511d4867d50f1245935157f5c26","d__Bacteria","Firmicutes","Clostridia","Peptostreptococcales-Tissierellales","Family_XI","Anaerococcus",NA
"2be8af4b6008e0d7d327ef644140b799","d__Bacteria","Firmicutes","Bacilli","Lactobacillales","Lactobacillaceae","Leuconostoc",NA
"5bd0164f400ffea6a553dc6c13682c5d","d__Bacteria","Proteobacteria","Alphaproteobacteria","Rhizobiales","Beijerinckiaceae","Methylobacterium-Methylorubrum",NA
"c5bb5d4162d302a284fd9c57e790507e","Unassigned",NA,NA,NA,NA,NA,NA
"f0ed66c299ee10343c1510bcbbe8d78d","d__Bacteria","Firmicutes","Clostridia","Peptostreptococcales-Tissierellales","Family_XI","Gallicola",NA
"9ba3dccdce782870c15ebd94ddc0c14f","d__Bacteria","Proteobacteria","Gammaproteobacteria","Pseudomonadales","Moraxellaceae","Acinetobacter",NA
"1e11e2c5115ed5b56ba2bd766d5dd9a8","d__Bacteria","Actinobacteriota","Actinobacteria","Micrococcales","Microbacteriaceae","Microbacterium",NA
"2516a72ced8773f86372f99c32e753ea","Unassigned",NA,NA,NA,NA,NA,NA
"2cee4e004cbfda8b908c9054c4e6747e","d__Bacteria","Actinobacteriota","Actinobacteria","Micrococcales","Microbacteriaceae",NA,NA
"b6864bcdcf4cbf2b02a8a4c07c81be65","d__Bacteria","Proteobacteria","Gammaproteobacteria","Enterobacterales","Yersiniaceae","Serratia",NA
"4b030a1370fcd0c4e23c7fa6af5c3667","d__Bacteria","Firmicutes","Bacilli","Lactobacillales","Streptococcaceae","Streptococcus",NA
"962740528af5f9265b50ba58b7f0c2be","d__Bacteria","Proteobacteria","Gammaproteobacteria","Enterobacterales","Vibrionaceae","Vibrio",NA
"839b0bdf8fff25035c566e172e2e056d","d__Bacteria","Proteobacteria","Alphaproteobacteria","Sphingomonadales","Sphingomonadaceae","Sphingomonas",NA
"eceef581fe08b4275ee8be9fd6522565","d__Bacteria","Firmicutes","Bacilli","Lactobacillales","Lactobacillaceae","Lacticaseibacillus",NA
"20a9df9c9273752851eb979fb81e7526","d__Bacteria","Actinobacteriota","Actinobacteria","Actinomycetales","Actinomycetaceae","Actinomycetaceae",NA
"2d9c7c874eea4ce7a44b8973ed20abcb","d__Bacteria","Firmicutes","Bacilli","Staphylococcales","Staphylococcaceae","Staphylococcus",NA
"c08f4a97a945185128fdc855dad991a8","d__Bacteria","Firmicutes","Clostridia","Peptostreptococcales-Tissierellales","Family_XI","Anaerococcus",NA
"d6921f8b39e7c3f468a61ca6e818b0e8","d__Bacteria","Proteobacteria","Alphaproteobacteria","Rhizobiales","Rhizobiaceae","uncultured",NA
"3c08f027e5690962dc5c54c71532a741","d__Bacteria","WPS-2","WPS-2","WPS-2","WPS-2","WPS-2",NA
"ffb2bf11fc2f7c1cc3cf0825ee4a773a","d__Bacteria","Firmicutes","Clostridia","Clostridiales","Clostridiaceae","Clostridium_sensu_stricto_1",NA
"0919e163ce4e544ae25726edc93b3e2b","d__Bacteria","Actinobacteriota","Actinobacteria","Micrococcales","Micrococcaceae",NA,NA
"fcb64d6b9b6e21d5090064c734cf820d","d__Bacteria","Proteobacteria","Alphaproteobacteria","Rhizobiales","Beijerinckiaceae","Microvirga",NA
"05db4fd71928992f97a6e99206f2184f","d__Bacteria","Firmicutes","Clostridia","Lachnospirales","Lachnospiraceae","Blautia",NA
"57c8f181a9bb673c4ff4d890eea83bdc","d__Bacteria","Actinobacteriota","Actinobacteria","Pseudonocardiales","Pseudonocardiaceae","Pseudonocardia",NA
"238e798584ca6b79a68dc49dff476510","d__Bacteria","Actinobacteriota","Actinobacteria","Micrococcales","Micrococcaceae",NA,NA
"bad51dfc822b0bc4e6f4739e23495390","d__Bacteria",NA,NA,NA,NA,NA,NA
"e7cdaca4e32d7d49f12ff65ce054c7bd","d__Bacteria","Proteobacteria","Alphaproteobacteria","Acetobacterales","Acetobacteraceae","Acetobacter",NA
"a2ef25ca191eaa91e20404a0d8a6f1c2","d__Bacteria","Actinobacteriota","Actinobacteria","Corynebacteriales","Corynebacteriaceae","Corynebacterium",NA
"2c0aabe6454ff5428367ee1f0ff4641f","Unassigned",NA,NA,NA,NA,NA,NA
"6cc581079bd28e869a66e41127ff7944","d__Bacteria","Proteobacteria","Alphaproteobacteria","Rickettsiales","Mitochondria","Mitochondria",NA
"a48e14ae2097ee18341e5d79d6e433c3","d__Bacteria","Firmicutes","Bacilli","Staphylococcales","Staphylococcaceae","Staphylococcus",NA
"4fc0877207d01580ce2edeed23e142e6","d__Bacteria","Firmicutes","Bacilli","Lactobacillales","Enterococcaceae","Enterococcus",NA
"4e114d8f7b9ab5082a102ef570a7c044","d__Bacteria","Actinobacteriota","Actinobacteria","Corynebacteriales","Corynebacteriaceae",NA,NA
"ee5f23e2ee25c3d21a2bf9636ea53940","d__Bacteria","Actinobacteriota","Actinobacteria","Micrococcales","Microbacteriaceae","Microbacterium",NA
"7672bdf696d47cf87989149543d5b73b","d__Bacteria","Acidobacteriota","Thermoanaerobaculia","Thermoanaerobaculales","Thermoanaerobaculaceae","Subgroup_10",NA
"b1879b7f318b991191fec621cf3ccaec","d__Bacteria","Firmicutes","Bacilli","Staphylococcales","Staphylococcaceae","Staphylococcus",NA
"22102b29b5e6a41c2243e10a76593b7d","d__Bacteria","Bacteroidota","Bacteroidia","Flavobacteriales","Weeksellaceae","Chryseobacterium",NA
"2d8e25300d34941ee3330c5ae06206b9","d__Bacteria","Actinobacteriota","Actinobacteria","Propionibacteriales","Propionibacteriaceae","Raineyella",NA
"238283048742b8b93d6c51ae97798e25","d__Bacteria","Proteobacteria","Alphaproteobacteria","Rhizobiales","Xanthobacteraceae",NA,NA
"11120682432bd35a28ca874055961e29","d__Bacteria","Firmicutes","Bacilli","Bacillales",NA,NA,NA
"9c63c0cb4a50dcb7ef646a0be6940ee6","d__Bacteria","Proteobacteria","Alphaproteobacteria","Sphingomonadales","Sphingomonadaceae","Sphingomonas",NA
"d89cc228fd76bddf722e6a0d9826e63e","d__Bacteria","Proteobacteria","Gammaproteobacteria","Burkholderiales","Rhodocyclaceae","Denitratisoma",NA
"f69eff4144f578baf56bcf54144d816e","d__Bacteria","Firmicutes","Clostridia","Lachnospirales","Lachnospiraceae","Blautia",NA
"59edfb6fe5618b53dd6ea6e7e387793f","d__Bacteria","Actinobacteriota","Actinobacteria","Micrococcales","Micrococcaceae","Kocuria",NA
"f214bb89bf4b394dd39e44961fee64a6","d__Bacteria","Proteobacteria","Gammaproteobacteria","Burkholderiales","Neisseriaceae","Neisseria",NA
"4230ddf3e0bb9137ea2da1026cd4d8f4","d__Bacteria","Actinobacteriota","Actinobacteria","Micrococcales","Micrococcaceae","Nesterenkonia",NA
"2c6deb9426936146ad6229ede24ffbbe","d__Bacteria","Chloroflexi","Chloroflexia","Thermomicrobiales","JG30-KF-CM45","JG30-KF-CM45",NA
"e69a986ee473bf7c00a4985f0c529cfd","d__Bacteria","Actinobacteriota","Actinobacteria","Micrococcales","Micrococcaceae","Rothia",NA
"8cf53fc2f054995f5c5e5caa48a346a2","d__Bacteria","Proteobacteria","Alphaproteobacteria","Rhizobiales","Beijerinckiaceae",NA,NA
"a5e25eb53161264e50c7d9c1d98f63d2","d__Bacteria","Proteobacteria","Gammaproteobacteria","Burkholderiales","Comamonadaceae",NA,NA
"1e034b2b05d06c61a5c8e295e87da139","d__Bacteria","Proteobacteria","Alphaproteobacteria","Caulobacterales","Caulobacteraceae","Brevundimonas",NA
"447551d7749dfceee3481991f065a28d","d__Bacteria","Proteobacteria","Gammaproteobacteria","Burkholderiales","Burkholderiaceae","Burkholderia-Caballeronia-Paraburkholderia",NA
"8aca0b855b833e6d3b635d324177f80d","d__Bacteria","Actinobacteriota","Actinobacteria","Corynebacteriales","Corynebacteriaceae","Corynebacterium",NA
"f35b9f971c3ea2252bc8139b9d9561f3","d__Bacteria","Firmicutes","Bacilli","Erysipelotrichales","Erysipelatoclostridiaceae","Catenibacterium",NA
"1572ad25791d698d982821bc9da36f95","d__Bacteria","Firmicutes","Clostridia","Peptostreptococcales-Tissierellales","Family_XI","Anaerococcus",NA
"9150a76d250c88fa86e846efce2b3e96","d__Bacteria","Firmicutes","Clostridia","Oscillospirales","Hungateiclostridiaceae","Fastidiosipila",NA
"5e6a50d18acbdca3515c0bb34a0266ae","Unassigned",NA,NA,NA,NA,NA,NA
"0c05c59a21febd561a41ba152c6de360","d__Bacteria","Proteobacteria","Gammaproteobacteria","Pseudomonadales","Pseudomonadaceae","Pseudomonas",NA
"050e437e503f51d90ce7875d9b6ed1b4","d__Bacteria","Actinobacteriota","Actinobacteria","Bifidobacteriales","Bifidobacteriaceae","Bifidobacterium",NA
"601ce3062314549305a7745e313126ee","d__Bacteria","Actinobacteriota","Actinobacteria","Corynebacteriales","Corynebacteriaceae","Corynebacterium",NA
"074337aa37324c1cfa35101e1cb9aaca","d__Bacteria","Proteobacteria","Gammaproteobacteria","Pseudomonadales","Moraxellaceae","Acinetobacter",NA
"074157c3d7230cea05d887f83428c15c","d__Bacteria","Proteobacteria","Gammaproteobacteria","Burkholderiales","Alcaligenaceae","Achromobacter",NA
"6b6d3a7d6f6268266167ae989e832e3c","d__Bacteria","Proteobacteria","Alphaproteobacteria","Caulobacterales","Caulobacteraceae","Phenylobacterium",NA
"2b3452f61a0ba762d3266c0c98ba4d7a","d__Bacteria","Bacteroidota","Bacteroidia","Cytophagales","Spirosomaceae","Dyadobacter",NA
"88d21a16c0444ccb77422d9d83ad64de","d__Bacteria","Proteobacteria","Alphaproteobacteria","Acetobacterales","Acetobacteraceae","Endobacter",NA
"32c4b3e358e62278db8124be3c3bcbd1","d__Bacteria","Actinobacteriota","Actinobacteria","Corynebacteriales","Corynebacteriaceae","Corynebacterium",NA
"7a8c4e17f9d7980f95598b1eca9644e4","d__Bacteria","Actinobacteriota","Actinobacteria","Actinomycetales","Actinomycetaceae","Actinomyces",NA
"11ef8b48f6180171874a9025c5f75cd3","d__Bacteria","Firmicutes","Bacilli","Lactobacillales","Streptococcaceae","Streptococcus",NA
"296a4e89ff45bd2cd93f273a5030b387","d__Bacteria","Firmicutes","Bacilli","Lactobacillales","Enterococcaceae","Enterococcus",NA
"6e4dc9efc8c447d449fd926822097f4f","d__Bacteria","Proteobacteria","Alphaproteobacteria","Sphingomonadales","Sphingomonadaceae","Sphingomonas",NA
"7f9d24749f663a17b44eb8fd5dc07d3b","d__Bacteria","Actinobacteriota","Actinobacteria","Kineosporiales","Kineosporiaceae","Quadrisphaera",NA
"8214cc4f177ed5fa305b7e982482cacc","d__Bacteria","Actinobacteriota","Actinobacteria","Actinomycetales","Actinomycetaceae","Actinomyces",NA
"9ccabf90ef0d2e6de09b2881d91b5aab","d__Bacteria","Proteobacteria","Alphaproteobacteria","Sphingomonadales","Sphingomonadaceae",NA,NA
"8d07fe65968c7848a7e7fa16f423c887","d__Bacteria","Actinobacteriota","Actinobacteria","Micrococcales","Microbacteriaceae",NA,NA
"a53edb79b5aa0b232e307563f5f6a80d","d__Bacteria","Actinobacteriota","Actinobacteria","Corynebacteriales","Mycobacteriaceae","Mycobacterium",NA
"d600b7bec6ac55366995a3fc654d067b","d__Bacteria","Deinococcota","Deinococci","Deinococcales","Deinococcaceae","Deinococcus",NA
"26db0ca2152b245350936fd8c92e8992","d__Bacteria","Actinobacteriota","Coriobacteriia","Coriobacteriales","Eggerthellaceae","Eggerthella",NA
"f632c21a9034ba8ebba2dec992c7797d","d__Bacteria","Proteobacteria","Gammaproteobacteria","Xanthomonadales","Xanthomonadaceae",NA,NA
"ba8ff2af082120d4bba703e18dada95a","d__Bacteria","Proteobacteria","Gammaproteobacteria","Pseudomonadales","Pseudomonadaceae","Pseudomonas",NA
"3b342b5cafbd1f21aa07b62b3b433eae","d__Bacteria","Actinobacteriota","Actinobacteria","Micrococcales","Dermatophilaceae",NA,NA
"975af18cf35819d868bc6dec53f56256","d__Bacteria","Firmicutes","Bacilli","Lactobacillales","Aerococcaceae","Globicatella",NA
"5c1c27bcc8e6e47116da4f92ea1361e3","d__Bacteria","Proteobacteria","Alphaproteobacteria","Tistrellales","Geminicoccaceae","Candidatus_Alysiosphaera",NA
"5dba103a786a7aa2e6ab436acbeebf2a","d__Bacteria","Proteobacteria","Alphaproteobacteria","Rhizobiales","Xanthobacteraceae",NA,NA
"cdd1d5a9b72d9d7b8b816ae7c8e72fc7","d__Bacteria","Verrucomicrobiota","Chlamydiae","Chlamydiales","Simkaniaceae","uncultured",NA
"9bbf8e610ce4baf62f1acdcd37474105","d__Bacteria","Firmicutes","Bacilli","Staphylococcales","Staphylococcaceae","Salinicoccus",NA
"87e201df6bfe9e5f8319797c3b8a04f6","d__Bacteria","Proteobacteria","Gammaproteobacteria","Pseudomonadales","Moraxellaceae","Acinetobacter",NA
"aefdaf02237a532dcad34b8bc3ed5e2d","d__Bacteria","Proteobacteria","Alphaproteobacteria","Rhizobiales","Beijerinckiaceae","Methylobacterium-Methylorubrum",NA
"1c7b7c2882e7c530b5783ec825922269","d__Bacteria","Actinobacteriota","Actinobacteria","Corynebacteriales","Corynebacteriaceae",NA,NA
"a6edc94ce211bfaf41f08efdf6511264","d__Bacteria","Actinobacteriota","Actinobacteria","Micrococcales","Promicromonosporaceae","Cellulosimicrobium",NA
"13951ba85c1f3b69700ef81d7bd04b3d","d__Bacteria","Proteobacteria","Alphaproteobacteria","Rickettsiales","Mitochondria","Mitochondria",NA
"579058ade4fc565eb22e1123883d869e","d__Bacteria","Firmicutes","Clostridia","Oscillospirales","Ruminococcaceae","Faecalibacterium",NA
"ba2f5bebac8589c5363329a63cffd6aa","d__Bacteria","Proteobacteria","Alphaproteobacteria","Rhizobiales","Beijerinckiaceae","1174-901-12",NA
"8d5ba9fc441f0da412e58eb4c559853d","d__Bacteria","Actinobacteriota","Actinobacteria","Micrococcales","Micrococcaceae","Kocuria",NA
"fcc7cde0b8b99c50589f26953b7a336f","d__Bacteria","Proteobacteria","Gammaproteobacteria","Enterobacterales","Erwiniaceae",NA,NA
"c0a5efedd0bed2328fa9d1aea130f61c","d__Bacteria","Proteobacteria","Alphaproteobacteria","Rhizobiales","Beijerinckiaceae","Methylobacterium-Methylorubrum",NA
"c480d600ee1ef22fb903661daafa4a41","d__Bacteria","Verrucomicrobiota","Chlamydiae","Chlamydiales","Parachlamydiaceae","uncultured",NA
"f593df299056b2a5dd250b5081f27487","d__Bacteria","Firmicutes","Bacilli","Paenibacillales","Paenibacillaceae","Paenibacillus",NA
"35e3c98f75a76e1ee04a3ea4f78d5f83","d__Bacteria","Firmicutes","Negativicutes","Veillonellales-Selenomonadales","Veillonellaceae","Veillonella",NA
"15820d52b1324164f5b79b7f8c17312c","d__Bacteria","Firmicutes","Bacilli","Staphylococcales","Staphylococcaceae","Aliicoccus",NA
"a355aa10f7dd75bb54ce0ed6e708e27e","d__Bacteria","Proteobacteria","Gammaproteobacteria","Burkholderiales","Comamonadaceae","Tepidimonas",NA
"3cfce49f1436d93bb493b05074343d97","d__Bacteria","Proteobacteria","Alphaproteobacteria","Rhizobiales","Rhizobiaceae","Daeguia",NA
"ff0886264382534daaf1f81e076a22b8","d__Bacteria","Actinobacteriota","Actinobacteria","Actinomycetales","Actinomycetaceae","Actinomyces",NA
"c27bb466f42264fceabeb581c31a3736","d__Bacteria","Firmicutes","Bacilli","Bacillales","Bacillaceae","Bacillus",NA
"57481d43707416870cb0e73f2fa430f1","d__Bacteria","Proteobacteria","Alphaproteobacteria","Sphingomonadales","Sphingomonadaceae",NA,NA
"e5c5fe65c11a9ce459134a950ab5313e","d__Bacteria","Proteobacteria","Alphaproteobacteria","Acetobacterales","Acetobacteraceae","Roseomonas",NA
"dfc4781a4ca741ee1d1bc07c0b25ac1f","d__Bacteria","Actinobacteriota","Actinobacteria","Actinomycetales","Actinomycetaceae","Actinomyces",NA
"53e26f07a7c37c0e6decd777fadd5ee7","d__Bacteria","Firmicutes","Bacilli","Lactobacillales","Carnobacteriaceae","Desemzia",NA
"86f0f24b9e81a96b316e5228f29c82a8","d__Bacteria","Firmicutes","Clostridia","Peptostreptococcales-Tissierellales","Family_XI","Helcococcus",NA
"314df0ed1eb040d36cba57a7ae6528f3","d__Bacteria","Firmicutes","Clostridia","Lachnospirales","Lachnospiraceae","[Eubacterium]_hallii_group",NA
"1234e08e62181b31f6c1027280a52c71","d__Bacteria","Firmicutes","Bacilli","Bacillales","Bacillaceae","Bacillus",NA
"9527cca61ebf47b6c35281bc2daa0f65","d__Bacteria","Firmicutes","Clostridia","Peptostreptococcales-Tissierellales","Anaerovoracaceae","S5-A14a",NA
"59b2c0aa6e95358386dcb66c4f0a6bcf","d__Bacteria","Proteobacteria","Gammaproteobacteria","Burkholderiales","Neisseriaceae","uncultured",NA
"6ff128989717b7143735ba1844cc11ed","d__Bacteria","Firmicutes","Bacilli","Lactobacillales","Lactobacillaceae","Ligilactobacillus",NA
"aea845b20d3a8d838a356614390725fc","d__Bacteria","Actinobacteriota","Actinobacteria","Pseudonocardiales","Pseudonocardiaceae","Pseudonocardia",NA
"9835231c4f548496f9572fb8181387d3","d__Bacteria","Actinobacteriota","Actinobacteria","Micrococcales","Micrococcaceae","Rothia",NA
"1419b047502c0865ec5e54b27121e73b","d__Bacteria","Proteobacteria","Gammaproteobacteria","Xanthomonadales","Xanthomonadaceae",NA,NA
"8e6429eeac5385dd10501e4f1a54c8de","d__Bacteria","Bacteroidota","Bacteroidia","Flavobacteriales","Weeksellaceae","Chryseobacterium",NA
"b11b0c45314f58898c67b82ce729e267","d__Bacteria","Proteobacteria","Alphaproteobacteria","Rhodobacterales","Rhodobacteraceae","Haematobacter",NA
"5e32dd1f057324b1022fc5676e5ed688","d__Bacteria","Firmicutes","Bacilli","Bacillales","Bacillaceae","Bacillus",NA
"849d5f3366b0270438715fdebab3c6d6","d__Bacteria","Proteobacteria","Alphaproteobacteria","Rhizobiales","Beijerinckiaceae","Bosea",NA
"3a9bb3c29dcf19958a295fabaa049985","d__Bacteria","Firmicutes","Bacilli","Lactobacillales","Lactobacillaceae",NA,NA
"c13e2d27e4fcc737c09cbbd114aef623","d__Bacteria","Firmicutes","Bacilli","Lactobacillales",NA,NA,NA
"9bca8d513b1209e080aafc3bf8d9776c","d__Bacteria","Firmicutes","Clostridia","Clostridiales","Clostridiaceae","Sarcina",NA
"ecbdf5a876c358ea0f56e027b16e1275","d__Bacteria","Actinobacteriota","Actinobacteria","Corynebacteriales","Corynebacteriaceae","Corynebacterium",NA
"7605e2479206c711a396aeda2b993baf","d__Bacteria","Actinobacteriota","Actinobacteria","Actinomycetales","Actinomycetaceae","Actinomyces",NA
"641e36b35740d02b89d5fb93cf3218e7","d__Bacteria","Firmicutes","Bacilli","Staphylococcales","Staphylococcaceae","Staphylococcus",NA
"a5322327245d287b82cc478ad166c8bd","d__Bacteria","Actinobacteriota","Actinobacteria","Actinomycetales","Actinomycetaceae","Actinomyces",NA
"567aa81d808d2bc858727be92be09a5f","d__Bacteria","Proteobacteria","Alphaproteobacteria","Acetobacterales","Acetobacteraceae",NA,NA
"c0f92afe3297ced7b0eaa85fe342da59","Unassigned",NA,NA,NA,NA,NA,NA
"8da4f88487045ab262be2c8b5411539d","d__Bacteria","Firmicutes","Bacilli","Lactobacillales",NA,NA,NA
"b11d1d6d6e55d593efab081b4f220185","d__Bacteria","Actinobacteriota","Actinobacteria","Corynebacteriales","Corynebacteriaceae","uncultured",NA
"a88463e2f468f3338a02e5dfe754942e","Unassigned",NA,NA,NA,NA,NA,NA
"180e9e2eb8132fef74f8530bfe9228ae","d__Bacteria","Actinobacteriota","Actinobacteria","Propionibacteriales","Propionibacteriaceae","Cutibacterium",NA
"20461599a77fd8e791da9da5fbf5fb3d","d__Bacteria","Actinobacteriota","Actinobacteria","Micrococcales","Micrococcaceae","Rothia",NA
"3c0fb526353e3d433840429dff35818b","d__Bacteria","Actinobacteriota","Actinobacteria","Micrococcales","Micrococcaceae","Enteractinococcus",NA
"7005fbb5cc5852dca422e94456166278","d__Bacteria","Firmicutes","Bacilli","Staphylococcales","Staphylococcaceae","Jeotgalicoccus",NA
"ae39513bcaf87d6abc4e171c1234b032","d__Bacteria","Actinobacteriota","Actinobacteria","Corynebacteriales","Corynebacteriaceae","Corynebacterium",NA
"ab8339b1d1e2d35b4f2392dd5d5d5751","d__Bacteria","Actinobacteriota","Actinobacteria","Bifidobacteriales","Bifidobacteriaceae","Bifidobacterium",NA
"74ac4742e6b70da80f18bb4e991d4d9f","d__Bacteria","Proteobacteria","Alphaproteobacteria","Rhizobiales","Beijerinckiaceae","Methylobacterium-Methylorubrum",NA
"06662517a099470cdd1894030ab3000d","d__Bacteria","Actinobacteriota","Actinobacteria","Propionibacteriales","Propionibacteriaceae","Propionimicrobium",NA
"5d22c43093390a6f2812dc56d96c8a9e","d__Bacteria","Actinobacteriota","Actinobacteria","Corynebacteriales","Dietziaceae","Dietzia",NA
"735a0e284903fd6149e29156aecc4be7","d__Bacteria","Firmicutes","Bacilli","Bacillales","Marinococcaceae","Sinobaca",NA
"f03109efb2a5aa4d83084de209976684","d__Bacteria","Fusobacteriota","Fusobacteriia","Fusobacteriales","Leptotrichiaceae","Leptotrichia",NA
"7ba6ae6d6fdb57f5ba636de5a2889db0","d__Bacteria","Firmicutes","Bacilli","Bacillales","Planococcaceae","Lysinibacillus",NA
"77d5a11aedbd4f06a7225864bb7e358c","d__Bacteria","Firmicutes","Clostridia","Lachnospirales","Lachnospiraceae",NA,NA
"1eef0f43f12c8d4cf324a81040e45fe6","d__Bacteria","Actinobacteriota","Actinobacteria","Kineosporiales","Kineosporiaceae","Quadrisphaera",NA
"bd8776bdb711c2fae48e66fd3e595fbd","d__Bacteria","Firmicutes","Clostridia","Peptostreptococcales-Tissierellales","Family_XI","Peptoniphilus",NA
"6756e6c6f56a6b97f82829f645aada81","d__Bacteria","Proteobacteria","Gammaproteobacteria","Enterobacterales","Morganellaceae","Providencia",NA
"dab9b9cebc43dca050c0ffec728866d4","d__Bacteria","Actinobacteriota","Actinobacteria","Corynebacteriales","Corynebacteriaceae","Corynebacterium",NA
"43f31f2f8ebdf1d97a3c1aefba4970ac","d__Bacteria","Proteobacteria","Gammaproteobacteria","Enterobacterales","Enterobacteriaceae",NA,NA
"2bca5bfc4c852131303901285dc28326","d__Bacteria","Proteobacteria","Alphaproteobacteria","Sphingomonadales","Sphingomonadaceae",NA,NA
"82f6136989327f974a1e6471948e9236","d__Bacteria","Firmicutes","Clostridia","Peptostreptococcales-Tissierellales","Peptostreptococcaceae","Intestinibacter",NA
"710ff2f412a6268a2984aae86ba09324","d__Bacteria","Firmicutes","Clostridia","Lachnospirales","Lachnospiraceae",NA,NA
"138f47be46bbb011df31e926f8dcbb92","Unassigned",NA,NA,NA,NA,NA,NA
"70f34726fd325af2920e1099aa99c676","d__Bacteria","Proteobacteria","Gammaproteobacteria","Coxiellales","Coxiellaceae","Coxiella",NA
"815d89bc983d7091b925593b747afe54","d__Bacteria","Actinobacteriota","Actinobacteria","Corynebacteriales","Corynebacteriaceae","Corynebacterium",NA
"ccdd949675fa5e74ede6399ced2981de","d__Bacteria","Firmicutes","Bacilli","Lactobacillales","Streptococcaceae","Streptococcus",NA
"16c0c0d407870895b1fed77073202d4f","d__Bacteria","Actinobacteriota","Actinobacteria","Corynebacteriales","Corynebacteriaceae","Corynebacterium",NA
"40be390121e732084ea2c7e25eabb566","d__Bacteria","Proteobacteria","Gammaproteobacteria","Xanthomonadales","Xanthomonadaceae",NA,NA
"faf0647df69a2d88137a4c44149ba0a5","d__Bacteria","Actinobacteriota","Actinobacteria","Corynebacteriales","Corynebacteriaceae","Corynebacterium",NA
"a1d2ea2a849958eff1554b605707994b","d__Bacteria","Bacteroidota","Bacteroidia","Bacteroidales","Prevotellaceae","Prevotella",NA
"6c9a57209fc1a3f29634f2b60f7c51a4","d__Bacteria","Firmicutes","Clostridia","Peptostreptococcales-Tissierellales","Family_XI","Peptoniphilus",NA
"85640be87d50dfba1b531665912ebb35","d__Bacteria","Patescibacteria","Saccharimonadia","Saccharimonadales","Saccharimonadaceae","TM7a",NA
"bb14d6e0965b8f6bc4505a4624159612","Unassigned",NA,NA,NA,NA,NA,NA
"17c1ae013f2454735b40d8a611cca3bc","d__Bacteria","Firmicutes","Bacilli","Bacillales","Bacillaceae","Bacillus",NA
"032e3a915aeb6f94eba921955ccc8cb2","d__Bacteria","Proteobacteria","Alphaproteobacteria","Rhizobiales","Rhizobiaceae",NA,NA
"1fe36d8a1ad373e9915afe02a51cd591","d__Bacteria","Proteobacteria","Gammaproteobacteria","Pseudomonadales","Moraxellaceae","Psychrobacter",NA
"5f949b438881b2afa5c278f63b2ba42c","d__Bacteria","Firmicutes","Bacilli","Staphylococcales","Staphylococcaceae","Staphylococcaceae",NA
"19b03596b672542be8fef88ba90b7728","d__Bacteria","Proteobacteria","Gammaproteobacteria","Burkholderiales",NA,NA,NA
"5dcdbcadbb2c49469e17c7d83c817830","d__Bacteria","Proteobacteria","Gammaproteobacteria","Burkholderiales","Neisseriaceae","Neisseria",NA
"5a44dfec88a057cdd5d1a9654773c46c","Unassigned",NA,NA,NA,NA,NA,NA
"c6e321cabb7ca68cf175ced338c660b4","d__Bacteria","Firmicutes","Clostridia","Peptostreptococcales-Tissierellales","Family_XI","Anaerococcus",NA
"1259e1336417ba93cc82dddf7a212f9a","d__Bacteria","Actinobacteriota","Actinobacteria","Corynebacteriales","Corynebacteriaceae","Corynebacterium",NA
"dd2e67b020db1c08e80bd61460f9c3a8","d__Bacteria","Firmicutes","Clostridia","Peptostreptococcales-Tissierellales","Family_XI","Anaerococcus",NA
"07acc810e785c6e93fc56fdf6e104816","d__Bacteria","Actinobacteriota","Coriobacteriia","Coriobacteriales","Atopobiaceae","Atopobium",NA
"9494b11776d4c10f6fe7a28fd7dd7110","d__Bacteria","Patescibacteria","Saccharimonadia","Saccharimonadales","Saccharimonadales","Saccharimonadales",NA
"3d0d0c2be706fb3585f5ad7cfd8e66f7","d__Bacteria","Firmicutes","Bacilli","Lactobacillales","Aerococcaceae","Aerococcus",NA
"44da2888f5ae0ecebf055820bbee0cd9","d__Bacteria","Firmicutes","Bacilli","Lactobacillales","Lactobacillaceae","Limosilactobacillus",NA
"cd2e09329094a906c78164751f786227","d__Bacteria","Proteobacteria","Alphaproteobacteria","Rhizobiales","Xanthobacteraceae","Azorhizobium",NA
"e4e6cb676bb906dd22df3f212f029763","d__Bacteria","Proteobacteria","Alphaproteobacteria","Acetobacterales","Acetobacteraceae","Belnapia",NA
"da8861b4009bcce9182539b533c5a465","d__Bacteria","Proteobacteria","Alphaproteobacteria","Rhizobiales","Beijerinckiaceae","Methylobacterium-Methylorubrum",NA
"2ecc26ed8fd5b33d9ba27a1031911c93","d__Bacteria","Actinobacteriota","Actinobacteria","Micrococcales","Dermacoccaceae",NA,NA
"ef0bf5d44ae33de0c807b8a57fbe8340","d__Bacteria","Bacteroidota","Bacteroidia","Flavobacteriales","Weeksellaceae",NA,NA
"a47166e5d8610ffcfef5c5c9c210c369","d__Bacteria","Firmicutes","Bacilli","Lactobacillales","Streptococcaceae","Streptococcus",NA
"c145662ecdaf74a8501c7333f7bcdac6","d__Bacteria","Bacteroidota","Bacteroidia","Bacteroidales","Prevotellaceae","Prevotella_7",NA
"52d044cd67b1714f6be308fdd2ccbdcc","d__Bacteria","Proteobacteria","Gammaproteobacteria","Burkholderiales","Comamonadaceae",NA,NA
"cdb1f5368af7e241e70f115ca33a4ef2","d__Bacteria","Actinobacteriota","Actinobacteria","Propionibacteriales","Propionibacteriaceae","Cutibacterium",NA
"fdf32c27b01f88c8daa2bad459e257ce","d__Bacteria","Firmicutes","Bacilli","Staphylococcales","Staphylococcaceae","Staphylococcus",NA
"55e9ad7cf4a52d334cc4644771ae1dfe","d__Bacteria","Actinobacteriota","Actinobacteria","Micrococcales","Dermacoccaceae",NA,NA
"a9ced09be10ab303b75592b9922b69fc","d__Bacteria","Proteobacteria","Gammaproteobacteria","Xanthomonadales","Xanthomonadaceae","Stenotrophomonas",NA
"6b0d67a457d1819826b5268fde9bf258","d__Bacteria","Firmicutes","Bacilli","Staphylococcales","Staphylococcaceae","Staphylococcus",NA
"59c00d578ae102f6773d3508b66aba0a","d__Bacteria","Actinobacteriota","Actinobacteria","Corynebacteriales","Corynebacteriaceae","Lawsonella",NA
"c75f22425b5fabe9d67d79cc2330a691","d__Bacteria","Proteobacteria","Alphaproteobacteria","Acetobacterales","Acetobacteraceae","Craurococcus-Caldovatus",NA
"71da24f0e5389d607ad9cd08021de5a1","d__Bacteria","Firmicutes","Bacilli","Bacillales","Planococcaceae",NA,NA
"76ec8fe44468c88a68af1d448c008dd5","d__Bacteria","Bacteroidota","Bacteroidia","Bacteroidales","Prevotellaceae","Prevotella_7",NA
"5c38e7055dbd53c481be983af7b6444e","d__Bacteria","Proteobacteria","Alphaproteobacteria","Rhodobacterales","Rhodobacteraceae","Paracoccus",NA
"ad2b48e6e633ae549da1d9b688c172e8","d__Bacteria","Proteobacteria","Alphaproteobacteria","Rhizobiales","Methylopilaceae",NA,NA
"b9bf174f49be45bdb0c9c98172c9687a","d__Bacteria","Bacteroidota","Bacteroidia","Bacteroidales","Prevotellaceae","Prevotella_9",NA
"1121fcbc53966c2f2a7626c37ba11f72","d__Bacteria","Deinococcota","Deinococci","Deinococcales","Deinococcaceae","Deinococcus",NA
"8cbbcc2f401547f7a015514d0ea97cb8","d__Bacteria","Firmicutes","Bacilli","Lactobacillales","Lactobacillaceae","Weissella",NA
"5be01ad3b7fd14304d7233f89187cdb8","d__Bacteria","Firmicutes","Clostridia","Lachnospirales","Lachnospiraceae","Oribacterium",NA
"e53683bcf09c485612eedca9d4112ce8","d__Bacteria","Actinobacteriota","Actinobacteria","Micrococcales","Micrococcaceae","Kocuria",NA
"dcbb73805f39d255011d1e4883658a1f","d__Bacteria","Actinobacteriota","Actinobacteria","Actinomycetales","Actinomycetaceae","Actinotignum",NA
"148518c59774f9cd7a0ff8dabec390c3","d__Bacteria","Proteobacteria","Gammaproteobacteria","Enterobacterales","Enterobacteriaceae",NA,NA
"cc6571e2615d85ae812c59925a68a3aa","d__Bacteria","Proteobacteria","Gammaproteobacteria","Xanthomonadales","Xanthomonadaceae","Stenotrophomonas",NA
"3da36bbf22472dcbf275694cc8151b46","d__Bacteria","Firmicutes","Bacilli","Lactobacillales","Lactobacillaceae","Latilactobacillus",NA
"1c39dd0aa20bf7362374aa44acd8bff9","d__Bacteria","Patescibacteria","Saccharimonadia","Saccharimonadales","Saccharimonadaceae","TM7a",NA
"9b23974cf3621049fd5e07994cbd8ca7","d__Bacteria","Myxococcota","Myxococcia","Myxococcales","Myxococcaceae",NA,NA
"7e5b01dc6d321ecc843e483b77b50ef0","d__Bacteria","Deinococcota","Deinococci","Deinococcales","Trueperaceae","Truepera",NA
"07340a4a1348ecd0470a963bc1a8e234","d__Bacteria","Firmicutes","Bacilli","Lactobacillales","Lactobacillaceae","Lactobacillus",NA
"0a55e42a41611d982ad56e3164507e82","d__Bacteria","Proteobacteria","Alphaproteobacteria","Rhizobiales","Beijerinckiaceae","Methylobacterium-Methylorubrum",NA
"c1c483bcd52000b20a413b5861f93b08","d__Bacteria","Proteobacteria","Gammaproteobacteria","Pseudomonadales","Pseudomonadaceae","Pseudomonas",NA
"a7add89de91df7a7cf60fef3d97c233a","Unassigned",NA,NA,NA,NA,NA,NA
"0f87ce4668c2343bf0d67bdfa40b702d","d__Bacteria","Proteobacteria","Alphaproteobacteria","Rhodobacterales","Rhodobacteraceae","Paracoccus",NA
"2762d3cd8cec6efab83a0213b20b940c","d__Bacteria","Actinobacteriota","Actinobacteria","Corynebacteriales","Corynebacteriaceae","Corynebacterium",NA
"ba308e1c3099544527487e08e777f914","d__Bacteria","Proteobacteria","Gammaproteobacteria","Enterobacterales","Enterobacteriaceae","Plesiomonas",NA
"a0e0fa1e2dd2b265618f43f68011a236","d__Bacteria","Verrucomicrobiota","Verrucomicrobiae","Opitutales","Puniceicoccaceae","Pelagicoccus",NA
"1714e1c6c31770885d7dcb2d5a44b837","d__Bacteria","Actinobacteriota","Actinobacteria","Propionibacteriales","Propionibacteriaceae","Marinilutecoccus",NA
"91f1346945afcd09e3f55464f674c53b","d__Bacteria","Firmicutes","Bacilli","Brevibacillales","Brevibacillaceae","Brevibacillus",NA
"191732b5f1792de2b543103b9274bc75","d__Bacteria","Actinobacteriota","Actinobacteria","Corynebacteriales","Dietziaceae","Dietzia",NA
"52fffb17613bd614818d9b76e95076c4","d__Bacteria","Actinobacteriota","Actinobacteria",NA,NA,NA,NA
"50c9c749d9489dcea85b63a4abf4b2c1","d__Bacteria","Proteobacteria","Gammaproteobacteria",NA,NA,NA,NA
"cda526f1e37028bbcc09bb5f67d17315","d__Bacteria","Firmicutes","Clostridia","Oscillospirales","Ruminococcaceae","Incertae_Sedis",NA
"017505e29d5f5967eb7de4002d2df75c","d__Bacteria","Firmicutes","Clostridia","Clostridiales","Clostridiaceae","Clostridium_sensu_stricto_1",NA
"2d111ebf44dd477e0ab7c7c2c8b67676","d__Bacteria","Actinobacteriota","Actinobacteria","Pseudonocardiales","Pseudonocardiaceae","Actinomycetospora",NA
"611ace9a67c805f14d78ea9bbb70308a","d__Bacteria","Firmicutes","Bacilli","Staphylococcales","Staphylococcaceae","Staphylococcus",NA
"c3f0483c0613cf3f640169716490f55b","d__Bacteria","Proteobacteria","Alphaproteobacteria","Rhizobiales","Rhizobiaceae",NA,NA
"9623f9c3120ac292b8735e397b44d180","d__Bacteria","Proteobacteria","Alphaproteobacteria","Rhodobacterales","Rhodobacteraceae","Planktotalea",NA
"4992a1d2caa28f263071bb5c2e148725","d__Bacteria","Firmicutes","Bacilli","Staphylococcales","Staphylococcaceae",NA,NA
"bfa505c353675f8f8fafe7b48e6c09ea","d__Bacteria","Proteobacteria","Gammaproteobacteria","Pseudomonadales","Pseudomonadaceae","Pseudomonas",NA
"b2541cc75ffb175098296616642e9f92","d__Bacteria","Bacteroidota","Bacteroidia","Sphingobacteriales","Sphingobacteriaceae","Sphingobacterium",NA
"75084323ee8d16dac966490541b73829","d__Bacteria","Proteobacteria","Alphaproteobacteria","Acetobacterales","Acetobacteraceae","Acetobacter",NA
"82e8ab1cf58d47f7af3730f84c7e062c","d__Bacteria","Proteobacteria","Alphaproteobacteria","Rhizobiales","Beijerinckiaceae","Methylobacterium-Methylorubrum",NA
"7466a16757bc8b387e1f9d9616a4cd36","d__Bacteria","Actinobacteriota","Actinobacteria","Micrococcales","Dermabacteraceae","Brachybacterium",NA
"a900a1972932b8b40535f6155a96cd31","d__Bacteria","Proteobacteria","Alphaproteobacteria","Rhizobiales","Rhizobiaceae",NA,NA
"9b9b74a2ec6576c72be1b2f804a96815","d__Bacteria","Chloroflexi","Anaerolineae","RBG-13-54-9","RBG-13-54-9","RBG-13-54-9",NA
"744037a7d70a42f0dc86caa6496bb1bc","d__Bacteria","Actinobacteriota","Actinobacteria","Micrococcales","Brevibacteriaceae","Brevibacterium",NA
"77eadc21c1e756ebe5f0fc72c8609b19","d__Bacteria","Firmicutes","Clostridia","Clostridiales",NA,NA,NA
"448765b8a3013db47529bae8b5c7b3d3","d__Bacteria","Actinobacteriota","Coriobacteriia","Coriobacteriales","Coriobacteriaceae","Collinsella",NA
"c5210bb12c856c0c219a81700e37c7ed","d__Bacteria","Firmicutes","Clostridia","Clostridiales","Clostridiaceae","Clostridium_sensu_stricto_1",NA
"52b08633aac01b6f39d9fef1ecce2405","d__Bacteria","Proteobacteria","Gammaproteobacteria","Enterobacterales",NA,NA,NA
"aa6ec6e2a33d3db3fbfc6c9154a115b8","d__Bacteria","Proteobacteria","Alphaproteobacteria","Rhizobiales","Beijerinckiaceae","uncultured",NA
"bd4156447f777a8d3db87faf8ad6c05e","d__Bacteria","Proteobacteria","Gammaproteobacteria","Burkholderiales","Neisseriaceae","uncultured",NA
"08d719ba247c5463a095ce79c21ae488","d__Bacteria","Fusobacteriota","Fusobacteriia","Fusobacteriales","Fusobacteriaceae","Fusobacterium",NA
"ee9fa78322185c96250cf2af891d3e05","d__Bacteria","Firmicutes","Bacilli","Bacillales","Bacillaceae","Bacillus",NA
"f22a624d28bea8f1d50d3db64a281621","d__Bacteria","Firmicutes","Clostridia","Peptostreptococcales-Tissierellales","Peptostreptococcaceae",NA,NA
"787a50b2213314bb77550e835c4d5b23","d__Bacteria","Proteobacteria","Gammaproteobacteria","Pseudomonadales","Pseudomonadaceae","Pseudomonas",NA
"1cc84394695806ed725e5c6ddad3564d","d__Bacteria","Actinobacteriota","Actinobacteria",NA,NA,NA,NA
"9da688c5fbfdd9db6ea820b1f4e00495","d__Bacteria","Myxococcota","Myxococcia","Myxococcales","Myxococcaceae",NA,NA
"669eea9bf4581ac5a221d7db03b66c34","d__Bacteria","Proteobacteria","Gammaproteobacteria","Burkholderiales","Sutterellaceae","uncultured",NA
"e5a9adc39b3d82877df44fe09822bdf4","d__Bacteria","Cyanobacteria","Cyanobacteriia","Chloroplast","Chloroplast","Chloroplast",NA
"2cf00beb98192d00f7f665e702b62534","d__Eukaryota","Mollusca","Bivalvia","Ostreoida","Ostreoida","Ostreoida",NA
"623f79d6182457e2aad3e1a711d029d3","d__Bacteria","Firmicutes","Bacilli","Bacillales","Bacillaceae","Bacillus",NA
"00b31b551781fefc776e23df20808ace","d__Bacteria","Actinobacteriota","Actinobacteria","Micrococcales","Microbacteriaceae",NA,NA
"4d28cce8cad87ba6740633de2d21ebac","d__Bacteria","Firmicutes","Clostridia","Peptostreptococcales-Tissierellales","Family_XI","Gallicola",NA
"7684422074111e9c30c924ae9c5dec69","d__Bacteria","Firmicutes","Bacilli","Lactobacillales","Aerococcaceae","Aerococcus",NA
"641b1dcbf3c251303eb5356091010ad5","d__Bacteria","Proteobacteria","Gammaproteobacteria","Enterobacterales",NA,NA,NA
"1050983d105475f525dbaf94edb98b5c","d__Bacteria","Firmicutes","Clostridia","Lachnospirales","Lachnospiraceae","[Ruminococcus]_torques_group",NA
"e09f87f644cc845fc916b1096f6812fc","d__Bacteria","Proteobacteria","Gammaproteobacteria","Enterobacterales",NA,NA,NA
"fdaa449d99f808918e71a0ccf339c009","d__Bacteria","Actinobacteriota","Actinobacteria","Micrococcales","Cellulomonadaceae","Cellulomonas",NA
"ecc069a1dadfff76e0c7f0e75b4a2068","d__Bacteria","Proteobacteria","Alphaproteobacteria","Rhizobiales","Rhizobiaceae",NA,NA
"17f368d0c5603d37757384a9d50d8929","d__Bacteria","Firmicutes","Bacilli","Bacillales",NA,NA,NA
"0dcb515386f791672ebcfc10521a300f","d__Bacteria","Firmicutes","Bacilli","Bacillales","Bacillaceae","Bacillus",NA
"b0cee2442dd6d319bdedddb63d1cd73a","d__Bacteria","Firmicutes","Bacilli","Staphylococcales","Staphylococcaceae","Staphylococcus",NA
"4d2b569beafe2bb8a338f8e7aafc1587","d__Bacteria","Proteobacteria","Alphaproteobacteria","Rhizobiales","Beijerinckiaceae","Camelimonas",NA
"8cae3c55195ce824c9fd60fac849d5e4","d__Bacteria","Proteobacteria","Alphaproteobacteria","Rhizobiales","Xanthobacteraceae","Tardiphaga",NA
"5a71532f6ac88ef27e61588a11883004","d__Bacteria","Actinobacteriota","Actinobacteria","Micrococcales","Brevibacteriaceae","Brevibacterium",NA
"5ee6b7cdacf2f7587f77e9a5481757f1","d__Bacteria","Firmicutes","Clostridia","Peptostreptococcales-Tissierellales","Family_XI","Anaerococcus",NA
"3f2d5f85027db81f24dcf3dffa179e92","d__Bacteria","Firmicutes","Clostridia","Peptostreptococcales-Tissierellales","Family_XI","W5053",NA
"c6755f280c7a1317a9cd6a37a793a5dd","d__Bacteria","Actinobacteriota","Actinobacteria","Corynebacteriales","Corynebacteriaceae","uncultured",NA
"fe34514e048422da45e92a6b969972eb","d__Bacteria","Firmicutes","Bacilli","Bacillales","Planococcaceae","Lysinibacillus",NA
"9262e2f53abf6678d0a4e7c985813530","d__Bacteria","Proteobacteria","Alphaproteobacteria","Rhizobiales","Beijerinckiaceae",NA,NA
"6f2eac1b2f0f9606d44f9e0d45ce76b9","d__Bacteria","Firmicutes","Bacilli","Staphylococcales","Staphylococcaceae","Staphylococcus",NA
"d04a30c2df95e92b7a4342e259289576","d__Bacteria","Actinobacteriota","Actinobacteria","Propionibacteriales","Propionibacteriaceae","Propioniciclava",NA
"b15fc19e354180702c35c32ffd94e95f","d__Bacteria","Firmicutes","Clostridia","Oscillospirales","Ruminococcaceae","Subdoligranulum",NA
"aa04cfa6137d6209d3e13dfb943b623d","d__Bacteria","Proteobacteria","Alphaproteobacteria","Rhodobacterales","Rhodobacteraceae","Amaricoccus",NA
"937da120dca83f56f160a66bde5f1a22","d__Bacteria","Proteobacteria","Alphaproteobacteria","Rhizobiales","Rhizobiaceae",NA,NA
"026737d79a703798133f8e4a47a036cd","d__Bacteria","Proteobacteria","Alphaproteobacteria","Sphingomonadales","Sphingomonadaceae","Sphingomonas",NA
"b0c65e1f4b5e36975f53eb62dd8a8c0c","d__Bacteria","Bacteroidota","Bacteroidia","Bacteroidales","Prevotellaceae",NA,NA
"fb6e08ec614a0969845a7bd7d220eca3","d__Bacteria","Firmicutes","Bacilli","Bacillales","Bacillaceae","Bacillus",NA
"24f1f15505c6ae33f63ce1e72799f080","d__Bacteria","Actinobacteriota","Actinobacteria","Corynebacteriales","Corynebacteriaceae",NA,NA
"99a5ddf13953c7268df679e50da7b4e1","d__Bacteria","Firmicutes","Bacilli","Bacillales","Bacillaceae",NA,NA
"80a4d4f3a6c62869fd2ac0f823f68cb9","d__Bacteria","Deinococcota","Deinococci","Deinococcales","Trueperaceae","Truepera",NA
"e4dd983a5f4c5540b50a0d47117eb326","d__Bacteria","Proteobacteria","Alphaproteobacteria","Rhizobiales","Rhizobiaceae","Allorhizobium-Neorhizobium-Pararhizobium-Rhizobium",NA
"3e8ef2f7f2a78b58a20af35e96091f66","d__Bacteria","Firmicutes","Clostridia","Clostridiales","Clostridiaceae",NA,NA
"efbc6c94d9057beddfff1b9e917fc24a","d__Bacteria","Actinobacteriota","Actinobacteria","Micrococcales","Micrococcaceae","Kocuria",NA
"c7c1361e11de60137980ec1eaf8c7f71","d__Bacteria","Chloroflexi","Chloroflexia","Thermomicrobiales","JG30-KF-CM45","JG30-KF-CM45",NA
"4dc8d310dd9579683cddfcf0a1c311b3","d__Bacteria","Proteobacteria","Gammaproteobacteria","Enterobacterales","Pasteurellaceae","Haemophilus",NA
"58df5e37870a8ebfd23a8ce0fcd9fd10","d__Bacteria","Proteobacteria","Gammaproteobacteria","Burkholderiales","Comamonadaceae",NA,NA
"e6a5fda6ad708d7b80295fd35579d66e","d__Bacteria","Chloroflexi","Anaerolineae",NA,NA,NA,NA
"55763fd72d1387ba621b7557869f7b2b","d__Bacteria","Proteobacteria","Alphaproteobacteria","Rickettsiales","AB1","AB1",NA
"c7c6e777daeed056bc73c41e89f87cb4","Unassigned",NA,NA,NA,NA,NA,NA
"a7a4fb0f8294ba6d698dd583598c5fb1","d__Bacteria","Actinobacteriota","Actinobacteria","Corynebacteriales","Corynebacteriaceae","Corynebacterium",NA
"61ae9dd0598c1ef6f113159647d61321","d__Bacteria","Proteobacteria","Gammaproteobacteria","Burkholderiales","Neisseriaceae","Kingella",NA
"bcc8a77403139605f17fc07e77b65e15","d__Bacteria","Proteobacteria","Alphaproteobacteria","Rhizobiales","Rhizobiaceae",NA,NA
"5f56a52e5963fb0e7636d2e7ba349fc0","d__Bacteria","Fusobacteriota","Fusobacteriia","Fusobacteriales","Fusobacteriaceae","Fusobacterium",NA
"971fa711d9848e7e3b47bf396d7debcf","d__Bacteria","Verrucomicrobiota","Chlamydiae","Chlamydiales",NA,NA,NA
"52bc94dc5a1200ac3e6d8d8c5515a19e","d__Bacteria","Firmicutes","Bacilli","Bacillales","Bacillaceae",NA,NA
"7ee82616e8e789928bbf54c0e0961d51","d__Bacteria","Proteobacteria","Alphaproteobacteria","Rhizobiales","Xanthobacteraceae","Pseudolabrys",NA
"c6326f78fc39529c0853620817e04a26","d__Bacteria","Firmicutes","Bacilli","Lactobacillales","Streptococcaceae","Streptococcus",NA
"339aeb62271c417d0620ace36b275930","d__Bacteria","Firmicutes","Bacilli","Lactobacillales","Lactobacillaceae","Leuconostoc",NA
"84a572a22c8a149dcde965e913cf3da8","d__Bacteria","Bacteroidota","Bacteroidia","Flavobacteriales","Weeksellaceae","Chryseobacterium",NA
"2118134cdb04596c1ca8e359cfe7a6fe","d__Bacteria","Actinobacteriota","Actinobacteria","Micrococcales","Micrococcaceae",NA,NA
"6b266642322e1edbff32d2cae3fb4700","d__Bacteria","Verrucomicrobiota","Chlamydiae","Chlamydiales","Simkaniaceae","Candidatus_Rhabdochlamydia",NA
"0ae55fac3158ddd84917b2f9c9f0805e","d__Bacteria","Actinobacteriota","Actinobacteria","Corynebacteriales","Corynebacteriaceae","Corynebacterium",NA
"36ae68283913c73dcde3960f43242593","Unassigned",NA,NA,NA,NA,NA,NA
"7f467b75eb37a32766c2b1af5c19e0c6","d__Bacteria","Firmicutes","Bacilli","Bacillales","Bacillaceae","Anoxybacillus",NA
"10ce43f422ca806300a3346730d0bc33","d__Bacteria","Actinobacteriota","Actinobacteria","Actinomycetales","Actinomycetaceae","Actinomyces",NA
"de012cb2b9427a73466f67fec61ecb34","d__Bacteria","Proteobacteria","Alphaproteobacteria","Rhizobiales","Rhizobiaceae","Lentilitoribacter",NA
"2c063d87b1560708788341b79ed355ce","d__Bacteria","Firmicutes","Bacilli","Staphylococcales","Staphylococcaceae","Staphylococcus",NA
"68afb4c19c414f2cd574f29817347900","d__Bacteria","Actinobacteriota","Actinobacteria","Bifidobacteriales","Bifidobacteriaceae","Gardnerella",NA
"ab122cd44b17c24003091669b3e3e128","d__Bacteria","Proteobacteria","Alphaproteobacteria","Rhizobiales","Beijerinckiaceae","Microvirga",NA
"439b7956c89703a02008845a97c38a4a","Unassigned",NA,NA,NA,NA,NA,NA
"32111fef5428e9f1369c555a4ead847e","d__Bacteria","Cyanobacteria","Cyanobacteriia","Chloroplast","Chloroplast","Chloroplast",NA
"a922a474b783ba1a9911159ae378af2f","d__Bacteria","Proteobacteria","Gammaproteobacteria","Pseudomonadales","Moraxellaceae","Acinetobacter",NA
"1e0e899b31b49a9badfd36afe5311be3","d__Bacteria","Actinobacteriota","Actinobacteria","Corynebacteriales","Corynebacteriaceae","Corynebacterium",NA
"b8809c5f3a06ed38bbb2c70d26e4b890","d__Bacteria","Proteobacteria","Gammaproteobacteria","Pseudomonadales","SAR86_clade","SAR86_clade",NA
"38aa160656b47493233817d6744daef3","d__Bacteria","Actinobacteriota","Actinobacteria","Actinomycetales","Actinomycetaceae","Varibaculum",NA
"363f1176f5511cc6df111bcb84d45bf6","d__Bacteria","Bacteroidota","Bacteroidia","Sphingobacteriales","Sphingobacteriaceae",NA,NA
"3e65b37b3a4405bd73f46db4a759a6bc","d__Bacteria","Actinobacteriota","Actinobacteria","Corynebacteriales","Corynebacteriaceae","Corynebacterium",NA
"ae4d0a9e89ce55058b75611254011180","d__Bacteria","Firmicutes","Bacilli","Paenibacillales","Paenibacillaceae","Ammoniphilus",NA
"0a0412a4fa44be5f89560ba1d385d534","d__Bacteria","Actinobacteriota","Actinobacteria","Propionibacteriales","Propionibacteriaceae",NA,NA
"094d276493e30440c1f6ecd73ad7ee87","Unassigned",NA,NA,NA,NA,NA,NA
"a54d4041f7ecd08e5d54aadc8f990175","d__Bacteria","Firmicutes","Bacilli","Staphylococcales","Staphylococcaceae","Staphylococcus",NA
"bf1c748b993b32ea843a32eab0dfd781","d__Bacteria","Actinobacteriota","Actinobacteria","Micrococcales","Microbacteriaceae",NA,NA
"ef1a9edd55a75482da387adb4457f49e","d__Bacteria","Firmicutes","Bacilli","Staphylococcales","Staphylococcaceae","Staphylococcus",NA
"00e038c414ab535093a44a9bfb4c3d82","d__Bacteria","Proteobacteria","Gammaproteobacteria","Xanthomonadales","Xanthomonadaceae","Luteimonas",NA
"b1c6108d3c1e9f3b4fc2e896454e4bdf","d__Bacteria","Firmicutes","Bacilli","Lactobacillales","Lactobacillaceae","Limosilactobacillus",NA
"21e1623fb9bd59c761769b83991d11fa","d__Bacteria","Actinobacteriota","Actinobacteria","Frankiales","Geodermatophilaceae",NA,NA
"f63e36413f9c199d1944b0455c502f18","d__Bacteria","Bacteroidota","Bacteroidia","Sphingobacteriales","Sphingobacteriaceae","Sphingobacterium",NA
"66122d670ceba713f0ce3870a0709e7b","d__Bacteria","Proteobacteria","Alphaproteobacteria","Rhodobacterales","Rhodobacteraceae",NA,NA
"8f101fb0f20d77f2683a195b5640759d","d__Bacteria","Chloroflexi",NA,NA,NA,NA,NA
"081310898f518690be239344217cc9ab","d__Bacteria","Actinobacteriota","Actinobacteria","Corynebacteriales","Corynebacteriaceae","Corynebacterium",NA
"93dab682f16e1513463ffe79e2d29a81","d__Bacteria","Firmicutes","Bacilli","Lactobacillales","Listeriaceae","Listeria",NA
"fc297f5abb64c37b94c6f63276e67094","d__Bacteria","Firmicutes","Bacilli","Bacillales","Bacillaceae",NA,NA
"0a987d6f664b9aab6712be448b931509","d__Bacteria","Chloroflexi","Ktedonobacteria","Ktedonobacterales","Ktedonobacteraceae","uncultured",NA
"8dbf770490624179e89198de9dee3bcf","d__Bacteria","Firmicutes","Bacilli","Brevibacillales","Brevibacillaceae","Brevibacillus",NA
"1adcb823a00b0c1aff3e408107ccfb9a","d__Bacteria","Proteobacteria","Alphaproteobacteria","Rhizobiales","Rhizobiaceae","Allorhizobium-Neorhizobium-Pararhizobium-Rhizobium",NA
"3b530388ae0a54c5081c4b91a89846ce","d__Bacteria","Firmicutes","Clostridia","Lachnospirales","Lachnospiraceae","Anaerostipes",NA
"0b921d23c18771201f32ee8715bbf72c","d__Bacteria","Actinobacteriota","Actinobacteria","Corynebacteriales","Corynebacteriaceae","Turicella",NA
"bd689ebdba836a0bd25f8e2b57165e48","d__Bacteria","Actinobacteriota","Actinobacteria","Corynebacteriales","Corynebacteriaceae","Lawsonella",NA
"e23bacb7c0c9891b0fe8e0603a073393","d__Bacteria","Actinobacteriota","Actinobacteria","Corynebacteriales","Corynebacteriaceae","Corynebacterium",NA
"cc2c9f9cfdeffac24b1afa2fd5d49d1e","d__Bacteria","Firmicutes","Bacilli","Erysipelotrichales","Erysipelotrichaceae","Turicibacter",NA
"dcce092fb7eb09c34270f194b89e8b23","d__Bacteria","Firmicutes","Bacilli","Lactobacillales","Aerococcaceae","Aerococcus",NA
"bfdf5b0f0b1758be9697fe2048e8966e","d__Bacteria","Actinobacteriota","Actinobacteria","Bifidobacteriales","Bifidobacteriaceae","Bifidobacterium",NA
"14db05f70cbb15b87df32c1a9ee8818e","d__Bacteria","Proteobacteria","Gammaproteobacteria","Enterobacterales",NA,NA,NA
"cf565644b4483d817c71f945de1dd435","d__Bacteria","Firmicutes","Bacilli","Staphylococcales","Staphylococcaceae","Staphylococcus",NA
"46ccc302dabf821ec76c97cf11ecf065","d__Bacteria","Bacteroidota","Bacteroidia","Bacteroidales","Prevotellaceae",NA,NA
"a2049c3f481eacf493ed21ba7adf293d","d__Bacteria","Proteobacteria","Gammaproteobacteria","Burkholderiales","Neisseriaceae","Neisseria",NA
"5a87a14e856ed9157c46f2d66d4d3dab","d__Bacteria","Actinobacteriota","Actinobacteria","Streptomycetales","Streptomycetaceae",NA,NA
"a6039e294a053a5e7844d1b2c18f3fe2","d__Bacteria","Bacteroidota","Bacteroidia","Sphingobacteriales","Sphingobacteriaceae","Sphingobacterium",NA
"e7d8ed079105aa15f4eab4f7e56a400a","d__Bacteria","Proteobacteria","Alphaproteobacteria","Rhizobiales","Methyloligellaceae","uncultured",NA
"08e8f5a6f03e824c9d78b8352c4655d9","d__Bacteria","Proteobacteria","Gammaproteobacteria","Burkholderiales","Comamonadaceae","Aquabacterium",NA
"47b9955c644d78567ac6faa81919895a","d__Bacteria","Firmicutes","Bacilli","Bacillales","Planococcaceae","Sporosarcina",NA
"be60c364be18540d4d12f30007aa08f4","d__Bacteria","Firmicutes","Clostridia","Peptostreptococcales-Tissierellales","Family_XI","Ezakiella",NA
"41add46b5169882b55ae381b0ad6e4d7","d__Bacteria","Proteobacteria","Alphaproteobacteria","Acetobacterales","Acetobacteraceae","Roseomonas",NA
"c4f0fe6f44a4ac191b3c3eb696628db6","d__Bacteria","Actinobacteriota","Actinobacteria","Bifidobacteriales","Bifidobacteriaceae","Gardnerella",NA
"39d6c0865be8590b2eea393ebd16ed95","d__Bacteria","Proteobacteria","Alphaproteobacteria","Rhizobiales","Rhizobiaceae",NA,NA
"ef3996ad40d55fcd889482e89a7aef3e","d__Bacteria","Bacteroidota","Bacteroidia","Bacteroidales","Prevotellaceae","Prevotella",NA
"ebf2272bba9e55f4bd2c91cc2feebca7","d__Bacteria","Chloroflexi","JG30-KF-CM66","JG30-KF-CM66","JG30-KF-CM66","JG30-KF-CM66",NA
"bad73a0f53f7c5ccaeceb43656d1d50b","d__Bacteria","Proteobacteria","Gammaproteobacteria","Burkholderiales","Neisseriaceae","Neisseria",NA
"4ebc9c2d60e43a23b03fc042406c9d29","d__Bacteria","Actinobacteriota","Actinobacteria","Corynebacteriales","Corynebacteriaceae","Corynebacterium",NA
"39e122536f53168590947bb466847829","d__Bacteria","Firmicutes","Clostridia","Peptostreptococcales-Tissierellales","Family_XI","Peptoniphilus",NA
"1ac408a258e687312c96e1d3ebbc5f13","d__Bacteria","Actinobacteriota","Actinobacteria","Corynebacteriales","Corynebacteriaceae","Corynebacterium",NA
"bfc2def3af24832e0a958b0d407d3230","d__Bacteria","Actinobacteriota","Acidimicrobiia","Actinomarinales","uncultured","uncultured",NA
"66ad99b7855c6590320ebafca66957ea","d__Bacteria","Firmicutes","Clostridia","Lachnospirales","Lachnospiraceae",NA,NA
"8e722a0c66cca2db99af2136e63f905c","d__Bacteria","Actinobacteriota","Actinobacteria","Frankiales","Nakamurellaceae","Nakamurella",NA
"1179ec7acd92ff2760ab8311c452f8b7","d__Bacteria","Firmicutes","Clostridia","Peptostreptococcales-Tissierellales","Family_XI","Gallicola",NA
"6c8cc96ff2791b4a8d5ffd07ea0d1c5d","d__Bacteria","Actinobacteriota","Actinobacteria","Micrococcales","Micrococcaceae","Pseudoglutamicibacter",NA
"0e7b1213a9907106317a33cff9579c05","d__Bacteria","Fusobacteriota","Fusobacteriia","Fusobacteriales","Fusobacteriaceae","Cetobacterium",NA
"3addfe1e954bbaf9d3289a52b949a1a9","d__Bacteria","Actinobacteriota","Actinobacteria","Corynebacteriales","Dietziaceae","Dietzia",NA
"56e75bb4e685ac36d987e05617462c94","Unassigned",NA,NA,NA,NA,NA,NA
"1df4fc87ac478369ca91469755abee6e","d__Bacteria","Actinobacteriota",NA,NA,NA,NA,NA
"1f56cc6f4e3f1d17ce1a3e91230ca3e7","d__Bacteria","Actinobacteriota","Actinobacteria","Bifidobacteriales","Bifidobacteriaceae","Bifidobacterium",NA
"6bbf27ff54f4f50bf8d3504e3202937b","d__Bacteria","Proteobacteria","Alphaproteobacteria","Sphingomonadales","Sphingomonadaceae","Sphingomonas",NA
"aeefb8ee7e12714aef670bd5cf167282","d__Bacteria","Firmicutes","Clostridia","Peptostreptococcales-Tissierellales","Family_XI","Anaerococcus",NA
"a8c5b2aa68d3178e90b0398afc18d650","d__Bacteria","Actinobacteriota","Actinobacteria","Micrococcales","Micrococcaceae","Kocuria",NA
"f6786bc4f4c382c836ac0f7e41baee42","d__Bacteria","Actinobacteriota","Actinobacteria","Actinomycetales","Actinomycetaceae","Actinomyces",NA
"d0aed32ca4c0ccdd84d608c6e6de0a9b","d__Bacteria","Actinobacteriota","Actinobacteria","Streptosporangiales","Nocardiopsaceae","Nocardiopsis",NA
"a6361bc234cf33f913bab78caa4f320e","d__Bacteria","Proteobacteria","Gammaproteobacteria","Enterobacterales",NA,NA,NA
"d6b32759e511397ead94a61a9e4bf86a","d__Bacteria","Actinobacteriota","Actinobacteria","Micrococcales","Micrococcaceae",NA,NA
"8312492c253b2691c6052bb6a69fce7a","d__Bacteria","Proteobacteria","Gammaproteobacteria","Enterobacterales","Enterobacteriaceae",NA,NA
"6cefa4eb3ac8f506ca95e43a276ec530","d__Bacteria","Proteobacteria","Alphaproteobacteria","Rhizobiales","Beijerinckiaceae","Microvirga",NA
"cf9a1ab3d20d82c0f8cf3ef528a3d123","d__Bacteria","Firmicutes","Bacilli","Bacillales","Bacillaceae","uncultured",NA
"db3d2d1b9ac4a724354cc99a4c55d175","d__Bacteria","Firmicutes","Clostridia","Peptostreptococcales-Tissierellales","Family_XI","Peptoniphilus",NA
"80b668f0b62f15478e3bbbc7a8710156","d__Bacteria","Firmicutes","Bacilli","Bacillales","Bacillaceae","Bacillus",NA
"cbcb18489d2fd3cc971f2485429bd2eb","d__Bacteria","Actinobacteriota","Actinobacteria","Corynebacteriales","Corynebacteriaceae","Corynebacterium",NA
"ef12523061d24f4c2b80c6f0ba3209fd","d__Bacteria","Bacteroidota","Bacteroidia","Flavobacteriales","Weeksellaceae",NA,NA
"a58d538615ebf0fcee04d6976b60a65c","d__Bacteria","Proteobacteria","Alphaproteobacteria","Caulobacterales","Hyphomonadaceae","Robiginitomaculum",NA
"6d1274820b6fcaeddb917e1bf6725904","d__Bacteria","Patescibacteria","Saccharimonadia","Saccharimonadales",NA,NA,NA
"f10f8d1e81311dec282b23c18c29bb4f","d__Bacteria","Firmicutes","Clostridia","Oscillospirales","Ruminococcaceae",NA,NA
"3a73e2f2129d409408c4416278a5df9e","d__Bacteria","Proteobacteria","Gammaproteobacteria","Enterobacterales","Enterobacteriaceae",NA,NA
"889fa094cd0f50db99c45c14821af7b3","d__Bacteria","Actinobacteriota","Actinobacteria","Micrococcales","Micrococcaceae",NA,NA
"94db88e5bcb2cb13d11da85c8488647e","d__Bacteria","Actinobacteriota","Actinobacteria","Propionibacteriales","Propionibacteriaceae",NA,NA
"f10255563ba814734ae261319ef8e9ce","d__Bacteria","Bacteroidota","Bacteroidia","Flavobacteriales","Weeksellaceae",NA,NA
"734291bd92c3d1abf4b327dd09f46884","d__Bacteria","Firmicutes","Bacilli","Staphylococcales","Staphylococcaceae","Nosocomiicoccus",NA
"9f0538cf06da7df603cc4e6b9cb86380","d__Bacteria","Firmicutes","Bacilli","Staphylococcales","Staphylococcaceae","Staphylococcus",NA
"1f8ecccf3734d3583783db0f2823186f","d__Bacteria","Proteobacteria","Alphaproteobacteria","Rhizobiales","Hyphomicrobiaceae","Pedomicrobium",NA
"62a1578cc773a3f4e077340a206d071a","d__Bacteria","Actinobacteriota","Actinobacteria",NA,NA,NA,NA
"434c33f6c8c928da04c7aedfd3c632a4","d__Bacteria","Proteobacteria","Alphaproteobacteria","Acetobacterales","Acetobacteraceae",NA,NA
"bdfdf57dcf6de84611fc14f58ea3709d","d__Bacteria","Proteobacteria","Alphaproteobacteria","Rhizobiales","Beijerinckiaceae",NA,NA
"9f643a463c7384578b102036c8817598","d__Bacteria","Actinobacteriota","Actinobacteria","Frankiales","Nakamurellaceae","Nakamurella",NA
"3c91a6a59db2c0e29885b9794ac5ff34","d__Bacteria","Firmicutes","Clostridia","Peptostreptococcales-Tissierellales","Family_XI","Parvimonas",NA
"081804e7d6aec27051e77bf45eeb5fa8","d__Bacteria","Proteobacteria","Alphaproteobacteria","Rhizobiales","Xanthobacteraceae",NA,NA
"4a626a0415b5cf9ad93b2f23d93e1d01","d__Bacteria","Actinobacteriota","Actinobacteria","Corynebacteriales","Corynebacteriaceae","Corynebacterium",NA
"e755c4b7772557520196c2cabdeccc5a","d__Bacteria","Chloroflexi","Chloroflexia","Thermomicrobiales","JG30-KF-CM45","JG30-KF-CM45",NA
"521c16ec5ce027c3fe5e24c790e96b19","Unassigned",NA,NA,NA,NA,NA,NA
"601206ff67efd1476eb86acc41386dc3","d__Bacteria","Firmicutes","Clostridia","Peptostreptococcales-Tissierellales","Family_XI","Peptoniphilus",NA
"da16199b09448eb954ddf0e65e900e4f","d__Bacteria","Firmicutes","Bacilli","Lactobacillales","Lactobacillaceae","Pediococcus",NA
"eeb74ffd34afc87add5e497c5cf2cb91","d__Bacteria","Firmicutes","Bacilli","Lactobacillales","Streptococcaceae","Lactococcus",NA
"6e95d12f92ba7171c1faa40540f30211","d__Bacteria","Proteobacteria","Alphaproteobacteria","Acetobacterales","Acetobacteraceae","Craurococcus-Caldovatus",NA
"da1a590107555b7c0bc31429177fbd98","d__Bacteria","Firmicutes","Clostridia","Peptostreptococcales-Tissierellales","Family_XI","Anaerococcus",NA
"b0b0e143f85cf237ddc69b5336b2e0b8","d__Bacteria","Actinobacteriota","Actinobacteria","Micrococcales","Microbacteriaceae",NA,NA
"eebe52a50dc65fd2d0f7a396f7ec8e88","d__Bacteria","Actinobacteriota","Actinobacteria","Frankiales","Geodermatophilaceae","Modestobacter",NA
"629a4ec53f955152b690963e9e2b838b","d__Bacteria","Proteobacteria","Gammaproteobacteria","Pseudomonadales","Pseudomonadaceae","Pseudomonas",NA
"439cb53c48ebfef55b58864d25f260c2","d__Bacteria","Proteobacteria","Alphaproteobacteria","Rhizobiales","Labraceae","Labrys",NA
"41f71cb0a1c8ee91e03492759f4cdc60","d__Bacteria","Proteobacteria","Alphaproteobacteria","Caulobacterales","Hyphomonadaceae","Hirschia",NA
"fb885f1f27b1c16c13d16ecb9cfbe877","d__Bacteria","Actinobacteriota","Actinobacteria","Corynebacteriales","Nocardiaceae","Rhodococcus",NA
"ab8a9b36fd16e575ff150779df297f55","d__Bacteria","Actinobacteriota","Actinobacteria","Corynebacteriales","Corynebacteriaceae","Corynebacterium",NA
"2fd4b61a89b2a452a24ae8d81f1d736c","d__Bacteria","Firmicutes","Bacilli","Bacillales","Planococcaceae","Sporosarcina",NA
"c5c086239749897cd58c1af4f13631e5","d__Bacteria","Proteobacteria","Alphaproteobacteria","Sphingomonadales","Sphingomonadaceae","Sphingomonas",NA
"849de17c9051db67ddacee8471c4addb","d__Bacteria","Proteobacteria","Gammaproteobacteria",NA,NA,NA,NA
"c0e6e54978fbffc818b4d25398b02848","d__Bacteria","Proteobacteria","Gammaproteobacteria","Burkholderiales","Comamonadaceae",NA,NA
"faa1bec2bd065e5845d4d3ad76574176","d__Bacteria","Actinobacteriota","Actinobacteria","Bifidobacteriales","Bifidobacteriaceae","Bifidobacterium",NA
"a1393b2583e53020247a52362347d551","d__Bacteria","Firmicutes","Clostridia","Peptostreptococcales-Tissierellales","Family_XI","Peptoniphilus",NA
"da6bf933902bd45024fe7c563df334da","d__Bacteria","Firmicutes","Clostridia","Peptostreptococcales-Tissierellales","Family_XI","Anaerococcus",NA
"aaa1c08effb04ca4035d0398f1f750de","d__Bacteria","Proteobacteria","Gammaproteobacteria","Xanthomonadales","Xanthomonadaceae","Xanthomonas",NA
"3b4222c909e6ee4626f2b0cbb3e4256d","d__Bacteria","Firmicutes","Bacilli","Staphylococcales","Staphylococcaceae","Staphylococcus",NA
"deba6a403946307c74e0deabcc272653","d__Bacteria","Actinobacteriota","Actinobacteria","Corynebacteriales","Corynebacteriaceae","Corynebacterium",NA
"a124fc80837e4c57ee87f6fbe891e91a","d__Bacteria","Proteobacteria","Gammaproteobacteria","Burkholderiales","Comamonadaceae",NA,NA
"8ee383d2585dc23197fe0b459e67088b","d__Bacteria","Firmicutes","Bacilli","Lactobacillales",NA,NA,NA
"2b276f33164d9cbb6dfb0d4fe22093f6","d__Bacteria","Firmicutes","Bacilli","Bacillales","Planococcaceae","Sporosarcina",NA
"34193914de576f63aee401901f66ca1f","d__Bacteria","Firmicutes","Bacilli","Erysipelotrichales","Erysipelotrichaceae","Turicibacter",NA
"f693db48b56b8bce3ff79c5b26a3eb90","d__Bacteria","Actinobacteriota","Actinobacteria","Pseudonocardiales","Pseudonocardiaceae","Pseudonocardia",NA
"0de8d7b401d0a5f83c3e0a0063fcc38e","d__Bacteria","Firmicutes","Negativicutes","Veillonellales-Selenomonadales","Veillonellaceae","Veillonella",NA
"2d7015adb3fac39e8253a320a7da8892","d__Bacteria","Gemmatimonadota","Longimicrobia","Longimicrobiales","Longimicrobiaceae","Longimicrobium",NA
"62c8c6cf3bd1c648939b9ffe178d3ace","d__Bacteria","Firmicutes","Clostridia","Clostridiales","Clostridiaceae","Clostridium_sensu_stricto_1",NA
"df1c86395592199c1a54ef476c09a6a1","d__Bacteria","Firmicutes","Bacilli","Staphylococcales","Staphylococcaceae","Staphylococcus",NA
"6841376f08c3bfb75f15fbdb544a1199","d__Bacteria","Firmicutes","Bacilli","Lactobacillales",NA,NA,NA
"f89de460225da165f9b6e258fe37e07a","d__Bacteria","Proteobacteria","Alphaproteobacteria","Rhizobiales","Methyloligellaceae","Methyloligellaceae",NA
"4bebb0b2151c89ebc185955ab5e7f3bb","d__Bacteria","Actinobacteriota","Actinobacteria","Micrococcales","Micrococcaceae","Glutamicibacter",NA
"fa303a3db4489eef7da527c78c789dd7","d__Bacteria","Firmicutes","Clostridia","Clostridiales","Clostridiaceae","Clostridium_sensu_stricto_1",NA
"9f5c396c32b835b6114afbac904b6edd","d__Bacteria","Actinobacteriota","Actinobacteria","Corynebacteriales","Corynebacteriaceae","Corynebacterium",NA
"b7e9eb25ea52649b36619795e5c5f6b4","d__Bacteria","Proteobacteria","Gammaproteobacteria","Xanthomonadales","Xanthomonadaceae","Stenotrophomonas",NA
"e4cad6a1ae77938a71ab9d10cf7c2c1c","d__Bacteria","Actinobacteriota","Actinobacteria","Corynebacteriales","Tsukamurellaceae","Tsukamurella",NA
"2e7a73ca53d89684ad267c0ea27ef1de","Unassigned",NA,NA,NA,NA,NA,NA
"d9f27e9010fafb8ba41d9aa5601f5139","d__Bacteria","Firmicutes","Clostridia","Clostridiales","Clostridiaceae",NA,NA
"ca65fc86ded164f86a65f5142b13e9b6","d__Bacteria","Bacteroidota","Bacteroidia","Bacteroidales","Prevotellaceae","Prevotella",NA
"aa6f93f0122b392addbcd882e7e490f6","d__Bacteria","Patescibacteria","Saccharimonadia","Saccharimonadales","Saccharimonadaceae","Saccharimonadaceae",NA
"b4516866e63c8ebcd350a3d0e1cd1239","d__Bacteria","Actinobacteriota","Actinobacteria","Streptomycetales","Streptomycetaceae",NA,NA
"132119925b4852cea5a170bab7f98917","d__Bacteria","Firmicutes","Clostridia","Oscillospirales","Ruminococcaceae","Faecalibacterium",NA
"dcc39a7b2185a7cab8a4de70604a7a27","d__Bacteria","Bacteroidota","Bacteroidia","Bacteroidales","Tannerellaceae","Parabacteroides",NA
"85d0c6f792bc5bb89155920e8388e4a8","d__Bacteria","Proteobacteria","Gammaproteobacteria","Burkholderiales","Alcaligenaceae","Oligella",NA
"dfe38e7cba74e1fdee5e4de314455714","d__Bacteria","Bdellovibrionota","Bdellovibrionia","Bacteriovoracales","Bacteriovoracaceae","Peredibacter",NA
"80498af728d80c357b365d4ef45b8dc0","d__Bacteria","Firmicutes","Bacilli","Bacillales","Planococcaceae","Sporosarcina",NA
"8d39d529f35f176640fa14b374eee0f8","d__Bacteria","Firmicutes","Bacilli","Lactobacillales","Carnobacteriaceae","Carnobacterium",NA
"b481c090f0360960ea6e5029c7b23a2f","d__Bacteria","Proteobacteria","Gammaproteobacteria","Pseudomonadales","Moraxellaceae","Acinetobacter",NA
"40b4fec606c032c1e8d59fb143d55849","d__Bacteria","Firmicutes","Bacilli","Lactobacillales","Streptococcaceae","Streptococcus",NA
"ffe558cb1534a372e4e674a3ef9e77c7","d__Bacteria","Firmicutes","Bacilli","Erysipelotrichales","Erysipelotrichaceae","Turicibacter",NA
"d3f4093a4b790f5b5249a18886cb81f3","d__Bacteria","Firmicutes","Bacilli","Bacillales","Bacillaceae","Bacillus",NA
"a38652c4ccd1ecccee47078fb1e2c58b","d__Bacteria","Firmicutes","Clostridia","Lachnospirales","Lachnospiraceae","Sellimonas",NA
"7518867477e73b2a1f4709f0e0065e70","d__Bacteria","Proteobacteria","Gammaproteobacteria","Pseudomonadales","Moraxellaceae","Moraxella",NA
"7af5be8578059884db4fdbea371ccbd1","d__Bacteria","Actinobacteriota","Actinobacteria","Propionibacteriales","Propionibacteriaceae",NA,NA
"4f043e89807d6c581914bb538a15a818","d__Bacteria","Proteobacteria","Alphaproteobacteria","Rhizobiales","Beijerinckiaceae","Microvirga",NA
"197460ebfdbb0be27a92c78341ab21d9","d__Bacteria","Proteobacteria","Alphaproteobacteria","Rhodobacterales","Rhodobacteraceae","Planktomarina",NA
"aeb74790f9a01c483fe3f5093a6607b4","d__Bacteria","Firmicutes","Bacilli","Lactobacillales","Aerococcaceae","Facklamia",NA
"4cf3dfc6695c3d072b63c5b5cee0c375","d__Bacteria","Cyanobacteria","Vampirivibrionia","Obscuribacterales","Obscuribacteraceae","Candidatus_Obscuribacter",NA
"6201d3e368181f041052be0441301245","d__Bacteria","Actinobacteriota","Actinobacteria","Actinomycetales","Actinomycetaceae","Actinomyces",NA
"9c8351929c953809a815a0f3bba40c30","d__Bacteria",NA,NA,NA,NA,NA,NA
"bc26d71cc7e41593461955e9b93db83b","d__Bacteria","Firmicutes","Bacilli","Staphylococcales","Staphylococcaceae",NA,NA
"ae1eb2e0fbef4991893888d0e176232e","d__Archaea","Crenarchaeota","Bathyarchaeia","Bathyarchaeia","Bathyarchaeia","Bathyarchaeia",NA
"6f1caf093533d71aae9bc79c77901529","d__Bacteria","Actinobacteriota","Actinobacteria","Corynebacteriales","Dietziaceae","Dietzia",NA
"1fada57747f3f19cc0e8e5c8c56a66a6","d__Bacteria","Proteobacteria","Gammaproteobacteria","Legionellales","Legionellaceae","Legionella",NA
"e85df3f7996ec545f3771015141cf9ba","d__Bacteria","Actinobacteriota","Actinobacteria","Micrococcales","Microbacteriaceae",NA,NA
"46374247aaf9dc4610985d59d0e359e4","d__Bacteria","Firmicutes","Bacilli","Lactobacillales","Lactobacillaceae","Leuconostoc",NA
"bf9ae4db8c2af417b1f97edaeeed88f1","d__Bacteria","Proteobacteria","Alphaproteobacteria","Rhizobiales","Rhizobiaceae",NA,NA
"2b8836466db92730c5e0202d283fe783","d__Bacteria","Actinobacteriota","Actinobacteria","Micrococcales","Cellulomonadaceae","Cellulomonas",NA
"1ba0d4d5ab67a9ab7c0280a942b16d39","d__Bacteria","Firmicutes","Bacilli","Bacillales","Bacillaceae","uncultured",NA
"1fb812682c3823f4dd5eaf9aa5c6dde9","d__Bacteria","Firmicutes","Negativicutes","Veillonellales-Selenomonadales","Selenomonadaceae","Mitsuokella",NA
"b69035b934b5c291272892f8a87eda43","d__Bacteria","Firmicutes","Bacilli","Staphylococcales","Staphylococcaceae","Staphylococcus",NA
"f55dece035f03c46c6f1969af5b66a05","d__Bacteria","Proteobacteria","Gammaproteobacteria","Burkholderiales","Comamonadaceae",NA,NA
"832a67816733ac9b4c7d83d3e245023e","d__Bacteria","Proteobacteria","Gammaproteobacteria","Xanthomonadales","Xanthomonadaceae",NA,NA
"f8072aed8184fda1cc9649c9c4aaa379","d__Bacteria","Firmicutes","Bacilli","Lactobacillales","Aerococcaceae","Abiotrophia",NA
"b017d65a51829fec2c01a04d27318e43","d__Bacteria","Proteobacteria","Gammaproteobacteria","Pseudomonadales","Moraxellaceae","Acinetobacter",NA
"b0c7cbd605ddf1d6e004286c9df9aba4","d__Bacteria","Actinobacteriota","Actinobacteria","Pseudonocardiales","Pseudonocardiaceae","Actinomycetospora",NA
"c1e2db2ec2a1a5a34c29b71b9b030f26","d__Bacteria","Proteobacteria","Alphaproteobacteria","Rhizobiales","Rhizobiaceae","Aureimonas",NA
"586f656249f9719ddca5cf49fcf71eac","d__Bacteria","Firmicutes","Bacilli","Bacillales","Bacillaceae","Bacillus",NA
"4eb73d5bee8b91d00fef5e54cd17ec30","Unassigned",NA,NA,NA,NA,NA,NA
"0904a195ae9f90db08d163079483c4a1","d__Bacteria","Planctomycetota","Planctomycetes","Isosphaerales","Isosphaeraceae","Paludisphaera",NA
"3d1914e9a43680973925b2eae5abe314","d__Bacteria","Firmicutes","Clostridia","Lachnospirales","Lachnospiraceae","A2",NA
"a4d8f1814cc51c1a81b3e9647204b70b","d__Bacteria","Bacteroidota","Bacteroidia","Bacteroidales","Prevotellaceae","Prevotella_7",NA
"5b5c91db3a8235ac65ab743805804550","d__Bacteria","Actinobacteriota","Actinobacteria","Kineosporiales","Kineosporiaceae","Kineosporia",NA
"e09f751924530cfcb2f89b2f8f37a628","d__Bacteria","Patescibacteria","Saccharimonadia","Saccharimonadales","Saccharimonadales","Saccharimonadales",NA
"02fcabdab4000f833b7ebc3bb6e7ae16","d__Bacteria","Acidobacteriota","Acidobacteriae","Acidobacteriales","Acidobacteriaceae_(Subgroup_1)",NA,NA
"4979f8598a63cce0c8515809bc283204","d__Bacteria","Cyanobacteria","Cyanobacteriia","Cyanobacteriales","Chroococcidiopsaceae","uncultured",NA
"7116b06be0eca1a741df58f1c3d42497","d__Bacteria","Firmicutes","Clostridia","Eubacteriales","Eubacteriaceae","uncultured",NA
"30cdebdeefdfca46631f708b717546c6","Unassigned",NA,NA,NA,NA,NA,NA
"93b6c6ea2926418c82e21d8aae26dde5","d__Bacteria","Actinobacteriota","Actinobacteria","Corynebacteriales","Corynebacteriaceae","Corynebacterium",NA
"cc356721aea56cea4a0c710e5b5b3d21","d__Bacteria","Actinobacteriota","Actinobacteria","Micrococcales","Microbacteriaceae","Microbacterium",NA
"2fa05b859c52c9f328607a0da9454cde","d__Bacteria","Firmicutes","Bacilli","Bacillales","Planococcaceae","Sporosarcina",NA
"c107d23a11e34525c66b46c9315aa6d5","d__Bacteria","Proteobacteria","Gammaproteobacteria","Burkholderiales","Burkholderiaceae","Ralstonia",NA
"a7b6c360d47914ea33d89823ad47a66b","d__Bacteria","Firmicutes","Clostridia","Peptostreptococcales-Tissierellales","Peptostreptococcaceae","[Eubacterium]_yurii_group",NA
"c29927ea59c74b92af2a0e45a432dadb","d__Bacteria","Firmicutes","Bacilli","Staphylococcales","Staphylococcaceae","Staphylococcus",NA
"6e1466cfabc182a85013c63e841d311d","d__Bacteria","Proteobacteria","Alphaproteobacteria","Rhizobiales","Rhizobiaceae","Lentilitoribacter",NA
"851789810f0ba7bcb93a7084339565db","d__Bacteria","Actinobacteriota","Actinobacteria","Corynebacteriales","Corynebacteriaceae","Corynebacterium",NA
"dd12be0f6389758678c20f8bc6e15054","d__Bacteria","Proteobacteria","Alphaproteobacteria","Micavibrionales","uncultured","uncultured",NA
"bde13ac63afb23f7b58229a7265945df","d__Bacteria","Firmicutes","Bacilli","Lactobacillales","Listeriaceae","Listeria",NA
"3c9a2e59a0afc24e8e464fc8ccec50b4","d__Bacteria","Proteobacteria","Alphaproteobacteria","Rhodobacterales","Rhodobacteraceae",NA,NA
"b527d2bca59214b4081ff4d78ffb9c05","d__Bacteria","Proteobacteria","Gammaproteobacteria","Pseudomonadales","Moraxellaceae","Acinetobacter",NA
"78667e54ea4ec2371e45e38e4fdd3c86","d__Bacteria","Actinobacteriota","Actinobacteria","Actinomycetales","Actinomycetaceae","Actinomyces",NA
"f80b0b62059e0e1bc0f67112fe29c755","d__Bacteria","Proteobacteria","Alphaproteobacteria","Acetobacterales","Acetobacteraceae","Roseomonas",NA
"cfae21ec5e5eeebbe444ff34ca413ea9","d__Bacteria","Firmicutes","Bacilli","Lactobacillales","Lactobacillaceae","Limosilactobacillus",NA
"cb3ccfb6664db7c7c346c301af032b76","d__Bacteria","Actinobacteriota","Actinobacteria","Corynebacteriales","Corynebacteriaceae","Corynebacterium",NA
"c47f83fcd1b71aa30b8b56670c00ded0","d__Bacteria","Firmicutes","Bacilli","Lactobacillales","Streptococcaceae","Streptococcus",NA
"7e75c4a387fef9397057dfe8e3b63501","d__Bacteria","Bacteroidota","Bacteroidia","Flavobacteriales","Flavobacteriaceae","Myroides",NA
"4de9569ec77c2fa75111d5add1ebc68e","d__Bacteria","Firmicutes","Clostridia","Peptostreptococcales-Tissierellales","Family_XI","Peptoniphilus",NA
"6b5656a6910eace3a48087c54e0072b3","d__Bacteria","Firmicutes","Clostridia","Peptostreptococcales-Tissierellales","Family_XI","Anaerococcus",NA
"25fb52f461a805026597d980980261ac","d__Bacteria","Bacteroidota","Bacteroidia","Chitinophagales","Saprospiraceae",NA,NA
"2b40dc007841f669cf5fa916903d8ba1","d__Bacteria","Actinobacteriota","Actinobacteria","Actinomycetales","Actinomycetaceae","Actinomyces",NA
"fa5adcd1a2a8d5576177a1b790e32b45","d__Bacteria","Myxococcota","Polyangia","mle1-27","mle1-27","mle1-27",NA
"ea5dbedc7cc47e4b1c9beffc62e7ed7b","d__Bacteria","Actinobacteriota","Acidimicrobiia","Microtrichales","Ilumatobacteraceae","CL500-29_marine_group",NA
"9f4261a5efabf8489b8d06707ffa43cb","d__Bacteria","Actinobacteriota","Actinobacteria","Micrococcales","Brevibacteriaceae","Brevibacterium",NA
"68019b7195307f29e755add2021b795a","d__Bacteria","Firmicutes","Bacilli","Lactobacillales","Streptococcaceae",NA,NA
"43738e3c167458541b4837d82e67e464","d__Bacteria","Proteobacteria","Gammaproteobacteria","Enterobacterales","Enterobacteriaceae","Escherichia-Shigella",NA
"a6e7b59845e5fa209dbad406b3b97300","d__Bacteria","Firmicutes","Bacilli","Bacillales","Bacillaceae","Bacillus",NA
"0d74e08dbf7fb8c616c339cc9df3e494","d__Bacteria","Firmicutes","Bacilli","Bacillales","Bacillaceae",NA,NA
"6d16dd7b9e5bb830e2e7761930547e82","d__Bacteria","Firmicutes","Bacilli","Erysipelotrichales","Erysipelatoclostridiaceae","Catenibacterium",NA
"9d58ceeddfbff38848a1b0cfc47ecc3f","d__Bacteria","Firmicutes","Bacilli","Paenibacillales","Paenibacillaceae","Paenibacillus",NA
"27d80228a903efac1863d420edabfd5c","Unassigned",NA,NA,NA,NA,NA,NA
"e626947e2aaa5acf4e17e8e30e965f70","d__Bacteria","Actinobacteriota","Actinobacteria","Pseudonocardiales","Pseudonocardiaceae","Saccharopolyspora",NA
"c23c91c01223491f1007c0f72e0b0a07","d__Bacteria","Bacteroidota","Bacteroidia","Bacteroidales","Prevotellaceae","Alloprevotella",NA
"cb35cee2920f22ea27f2c3139787849f","d__Bacteria","Proteobacteria","Alphaproteobacteria","Rhizobiales","Xanthobacteraceae",NA,NA
"991d653e84ddf44d1effc529b5f3eab9","d__Bacteria","Firmicutes","Bacilli","Lactobacillales","Lactobacillaceae","Lactobacillus",NA
"e26e3faae23c98a5ecb9f6904d40bdc6","d__Bacteria","Bacteroidota","Bacteroidia","Bacteroidales","Prevotellaceae","Prevotella_7",NA
"6883a4f59f4102c029ef342661992870","d__Bacteria","Proteobacteria","Gammaproteobacteria","Enterobacterales",NA,NA,NA
"460470b1aaf6cff5d7354a7a2b2c76d4","d__Bacteria","Cyanobacteria","Cyanobacteriia","Cyanobacteriales","Chroococcidiopsaceae","Aliterella",NA
"d09299088d2f8fd35a8cc87924514ed0","d__Bacteria","Firmicutes","Clostridia","Peptostreptococcales-Tissierellales","Anaerovoracaceae","S5-A14a",NA
"f3a134253c195c5c639af83cd09e66db","d__Bacteria","Bacteroidota","Bacteroidia","Bacteroidales","Prevotellaceae",NA,NA
"c1bbcf97e47193160cd149806b1474d9","d__Bacteria","Actinobacteriota","Actinobacteria","Pseudonocardiales","Pseudonocardiaceae","Pseudonocardia",NA
"b6b82c669c274a468a876c9347f31083","d__Bacteria","Patescibacteria","Saccharimonadia","Saccharimonadales","Saccharimonadales","Saccharimonadales",NA
"d114ee3f98fb436e2dadeef008c8208a","d__Bacteria","Actinobacteriota","Actinobacteria","Micrococcales","Dermatophilaceae",NA,NA
"fa94e0bef99ea654493adeea9ec80d37","d__Bacteria","Fusobacteriota","Fusobacteriia","Fusobacteriales","Leptotrichiaceae","Leptotrichia",NA
"381c898dd6a6dcfd30c00c43fe39f838","d__Bacteria","Actinobacteriota","Actinobacteria","Bifidobacteriales","Bifidobacteriaceae","Parascardovia",NA
"02d19ad3ea7693d4869a88401eaa1e3d","d__Bacteria","Proteobacteria","Alphaproteobacteria","Caulobacterales","Caulobacteraceae","Phenylobacterium",NA
"b00279c1ba8659959803c31b90acd79b","d__Bacteria","Proteobacteria","Gammaproteobacteria","Pseudomonadales","Endozoicomonadaceae","Endozoicomonas",NA
"c1bf17c59f7bb08d04ad94ff628cd99f","d__Bacteria","Firmicutes","Bacilli","Bacillales","Planococcaceae",NA,NA
"b7f423332d39a95db4c407d2bcc7d65e","d__Bacteria","Firmicutes","Clostridia","Lachnospirales","Lachnospiraceae","Blautia",NA
"e9c41be74aafa0d50b8ff1d5d637ca97","d__Bacteria","Actinobacteriota","Actinobacteria","Bifidobacteriales","Bifidobacteriaceae","Bifidobacterium",NA
"42171249ba8900f627dcb572610e07b3","d__Bacteria","Bacteroidota","Bacteroidia","Flavobacteriales","Weeksellaceae","Elizabethkingia",NA
"fe40fa92d2b67c0fbc0603b73094220c","d__Bacteria","Proteobacteria","Alphaproteobacteria","Rhizobiales","Beijerinckiaceae","Methylobacterium-Methylorubrum",NA
"f2b681473dc2977a4efeca05c98d16eb","d__Bacteria","Actinobacteriota","Actinobacteria","Pseudonocardiales","Pseudonocardiaceae","Pseudonocardia",NA
"bcc54791418b975c1e7bcb74dfd70534","d__Bacteria","Actinobacteriota","Actinobacteria","Corynebacteriales","Mycobacteriaceae","Mycobacterium",NA
"16a39fa53d237a1f737592010d513e47","d__Bacteria","Proteobacteria","Alphaproteobacteria","Azospirillales","Azospirillaceae","Azospirillum",NA
"ad1d3405cae3592fb701a9c55cd0e55c","d__Bacteria","Firmicutes","Bacilli","Bacillales",NA,NA,NA
"e8baef247b7818475cd94249ff9873a0","d__Bacteria","Firmicutes","Bacilli","Lactobacillales","Lactobacillaceae","Limosilactobacillus",NA
"1a3cc9afad7bdbdcb01e62836813097b","d__Bacteria","Firmicutes","Clostridia","Peptostreptococcales-Tissierellales","Family_XI","Anaerococcus",NA
"6cff9f474df6408d9f828f7e84fb9059","d__Bacteria","Proteobacteria","Alphaproteobacteria","Rhizobiales","Beijerinckiaceae",NA,NA
"de71075223d05ed5e3dedf2ee319b4ed","d__Bacteria","Gemmatimonadota","S0134_terrestrial_group","S0134_terrestrial_group","S0134_terrestrial_group","S0134_terrestrial_group",NA
"c13c4e59460cca98b8780b5ad97f9f37","d__Bacteria","Patescibacteria","Saccharimonadia","Saccharimonadales","Saccharimonadaceae","TM7x",NA
"df2c9ad9f2c39856086af32d0ef0f054","d__Bacteria","Firmicutes","Clostridia","Peptostreptococcales-Tissierellales","Family_XI","Finegoldia",NA
"7d71fa153ab447c8f3e30a3aa5bd1c9e","d__Bacteria","Myxococcota","Myxococcia","Myxococcales","Myxococcaceae","Myxococcus",NA
"dfe5a8c756ad9058dd9820c9f2554d99","d__Bacteria","Actinobacteriota","Actinobacteria","Corynebacteriales","Corynebacteriaceae","Corynebacterium",NA
"48417cc53777e99f6957c20e113a5ec8","d__Bacteria","Actinobacteriota","Actinobacteria","Propionibacteriales","Propionibacteriaceae","Tessaracoccus",NA
"5f2a27c6c89b444a0bfe94580e0163dd","d__Bacteria","Chloroflexi","Chloroflexia","Thermomicrobiales","JG30-KF-CM45","JG30-KF-CM45",NA
"b970b9ee72f4e155639de9a278e23954","d__Bacteria","Proteobacteria","Gammaproteobacteria","Pseudomonadales","Endozoicomonadaceae","Endozoicomonas",NA
"5fdf3b76e39b61666a0fbe714513b25b","d__Bacteria","Patescibacteria","Saccharimonadia","Saccharimonadales","Saccharimonadaceae","Candidatus_Saccharimonas",NA
"b8dd303459e11b777ad2deaacf401619","d__Bacteria","Bacteroidota","Bacteroidia","Chitinophagales","Saprospiraceae",NA,NA
"1aacfbeb06ee44e61740e013f66c5c14","d__Bacteria","Actinobacteriota","Actinobacteria","Micrococcales","Micrococcaceae","Pseudoglutamicibacter",NA
"ec618c544f385d2ff5d521a84f77fe1a","d__Bacteria","Actinobacteriota","Actinobacteria","Streptosporangiales","Nocardiopsaceae","Nocardiopsis",NA
"11c7d75f00070def489b3ed21e468819","d__Bacteria","Fermentibacterota","Fermentibacteria","Fermentibacterales","Fermentibacteraceae","Fermentibacteraceae",NA
"af723e4d470e098a90271aab37d119ce","d__Bacteria","Myxococcota","Polyangia","Polyangiales",NA,NA,NA
"f48ae91909f3abc3b211ab6f92a1d924","d__Bacteria","Firmicutes","Bacilli","Lactobacillales","Enterococcaceae","Enterococcus",NA
"ee45d154fccad3aab6483a38aa2c6dd7","d__Bacteria","Actinobacteriota","Actinobacteria","Micrococcales","Microbacteriaceae",NA,NA
"712fa104b9a406cf0c33a069866ea660","d__Bacteria","Firmicutes","Bacilli","Bacillales","Planococcaceae",NA,NA
"7d895d4d2c2fa96339e2044497a3b377","d__Bacteria","Firmicutes","Bacilli","Bacillales","Bacillaceae",NA,NA
"5f551db8aee210eef3c92bb78e0f2db8","d__Bacteria","Proteobacteria","Alphaproteobacteria","Sphingomonadales","Sphingomonadaceae",NA,NA
"eac59037300bedf91f90debfc1044fbf","d__Bacteria","Firmicutes","Bacilli","Staphylococcales","Staphylococcaceae","Staphylococcus",NA
"ead3ea002bb1864c39dfd4e1e479ff6c","d__Eukaryota","Vertebrata","Actinopterygii","Teleostei","Teleostei","Teleostei",NA
"b5209e4b57eef40e50fbf4be34f1b375","d__Bacteria","Firmicutes","Clostridia","Peptostreptococcales-Tissierellales","Family_XI","Anaerococcus",NA
"c5fd9d858838d10da5e89f50ac19c87c","d__Bacteria","Proteobacteria","Alphaproteobacteria","Acetobacterales","Acetobacteraceae","Roseomonas",NA
"86b8d6b4aa07b4f38a795a7775c5742b","d__Bacteria","Proteobacteria","Gammaproteobacteria","Xanthomonadales","Xanthomonadaceae",NA,NA
"c3642c361b94c891a1914ca8a747ec50","d__Bacteria","Cyanobacteria","Cyanobacteriia","Chloroplast","Chloroplast","Chloroplast",NA
"0bc13ba1ee22cc2c4c7a02f7ab6f9085","d__Bacteria","Bacteroidota","Bacteroidia","Bacteroidales","Bacteroidaceae","Bacteroides",NA
"0e616daa98a29ddc0d1f2c1d8116c616","Unassigned",NA,NA,NA,NA,NA,NA
"85adfd02d6ca367e8f6d86e607e7bdb5","d__Bacteria","Acidobacteriota","Blastocatellia","11-24","11-24","11-24",NA
"02ed0db26375285b250321c8eff5ea30","d__Bacteria","Actinobacteriota","Actinobacteria","Corynebacteriales","Corynebacteriaceae","Corynebacterium",NA
"bfe10823080fdaf6f15e2a702f8216b9","d__Bacteria","Proteobacteria","Gammaproteobacteria","Burkholderiales","Comamonadaceae",NA,NA
"a746aa5d811f291b0afccd28e6dfc6e1","d__Bacteria","Actinobacteriota","Actinobacteria","Streptosporangiales","Nocardiopsaceae","Nocardiopsis",NA
"a2b02dc2d5404d35190f3295bf90daee","d__Bacteria","Actinobacteriota","Actinobacteria","Corynebacteriales","Nocardiaceae","Rhodococcus",NA
"50fae3bb49c1591808b4b13b97cf7690","d__Bacteria","WPS-2","WPS-2","WPS-2","WPS-2","WPS-2",NA
"3207ec4595cbf0fb43e0056e8098bbf3","d__Bacteria","Proteobacteria","Gammaproteobacteria","Xanthomonadales","Xanthomonadaceae",NA,NA
"c8fd4501cb8195a27fd3834c44f52919","d__Bacteria","Firmicutes","Bacilli","Lactobacillales","Streptococcaceae","Streptococcus",NA
"a6d0f1f4dd1f41aa3251cc4427cb71dd","d__Bacteria","Firmicutes","Bacilli","Lactobacillales",NA,NA,NA
"4ff9f8bba2ccc8f133728b8885852f7e","d__Bacteria","Actinobacteriota","Actinobacteria","Corynebacteriales","Corynebacteriaceae","Corynebacterium",NA
"c606ca60fa96b58bdb40b5c98a8155f9","d__Bacteria","Actinobacteriota","Actinobacteria","Micrococcales","Brevibacteriaceae","Brevibacterium",NA
"b68e201f015e5637c2cf620ebb675059","d__Bacteria","Proteobacteria","Alphaproteobacteria","Rhizobiales","Hyphomicrobiaceae","Pedomicrobium",NA
"ec4849b1702b30634af31d41711a241a","d__Bacteria","Margulisbacteria","Margulisbacteria","Margulisbacteria","Margulisbacteria","Margulisbacteria",NA
"b98c3d1c08e869136870ca8b53e90e68","d__Bacteria","Firmicutes","Clostridia","Peptostreptococcales-Tissierellales","Family_XI","Murdochiella",NA
"db07c9aa821bce23bab5aa2d0cf1cacb","d__Bacteria","Firmicutes","Bacilli","Lactobacillales","Lactobacillaceae","Leuconostoc",NA
"f05d4ffdd817ecc35696702c4ba40327","d__Bacteria","Actinobacteriota","Actinobacteria","Micrococcales","Cellulomonadaceae",NA,NA
"38f113bc1ec6048b8df9bec212a2a36f","d__Bacteria","Proteobacteria","Gammaproteobacteria","Enterobacterales","Morganellaceae","Proteus",NA
"ed65e70744654511849748483feedfbc","d__Bacteria","Bacteroidota","Bacteroidia","Bacteroidales","Prevotellaceae",NA,NA
"9d9c0c09b00ab486fdf8259d930153ab","d__Bacteria","Actinobacteriota","Actinobacteria","Propionibacteriales","Nocardioidaceae",NA,NA
"76fcc89a011b4537ca49495cf01e706e","d__Bacteria","Proteobacteria","Gammaproteobacteria","Burkholderiales","Neisseriaceae","Neisseria",NA
"f7ab13e8478f7445008808d6e7297f52","d__Bacteria","Actinobacteriota","Actinobacteria","Corynebacteriales","Nocardiaceae","Williamsia",NA
"6d54a2823b2b578311e2592fe90b9928","d__Bacteria","Verrucomicrobiota","Chlamydiae","Chlamydiales",NA,NA,NA
"8b3ada6facfa2ebd4f61deb2547507e2","d__Bacteria","Actinobacteriota","Actinobacteria","Micrococcales","Micrococcaceae",NA,NA
"1d800a3aacadb21eeab8dac30162ad0f","d__Bacteria","Cyanobacteria","Cyanobacteriia","Chloroplast","Chloroplast","Chloroplast",NA
"070f6f9cb26b57a25502746a61f7cf7e","d__Bacteria","Firmicutes","Bacilli","Staphylococcales","Staphylococcaceae","Staphylococcus",NA
"95ce534cf4a71b583d3a7527fb3bd3e0","d__Bacteria","Firmicutes","Bacilli","Lactobacillales","Aerococcaceae","Aerococcus",NA
"a6de34695d6d58ca10d555b38ffc9f10","d__Bacteria","Actinobacteriota","Actinobacteria","Micrococcales","Dermabacteraceae",NA,NA
"955755e007b1073ebe5e9221ff5377e9","d__Bacteria","Firmicutes","Bacilli","Bacillales","Bacillaceae","Bacillus",NA
"ac334303311b65ce200fb7e309872cb4","d__Bacteria","Actinobacteriota","Coriobacteriia","Coriobacteriales","Coriobacteriaceae","Collinsella",NA
"3c2152666a0f896d73e744b9a97759b2","d__Bacteria","Proteobacteria","Gammaproteobacteria","Pseudomonadales","Moraxellaceae","Psychrobacter",NA
"0be5a80a20bd4e34cfb218078f319677","d__Bacteria","Actinobacteriota","Actinobacteria","Micromonosporales","Micromonosporaceae",NA,NA
"46d779560cbae8d8cd784c716ab043e9","d__Bacteria","Gemmatimonadota","Gemmatimonadetes","Gemmatimonadales","Gemmatimonadaceae","Gemmatimonas",NA
"ec06bb012769cf4df86b8169c4da4cc5","d__Bacteria","Actinobacteriota","Actinobacteria","Frankiales","Geodermatophilaceae","Klenkia",NA
"ecb496599d4c2f050076c2d3995ce743","d__Bacteria","Chloroflexi","KD4-96","KD4-96","KD4-96","KD4-96",NA
"0445343f110a1a21e10e98cc8d3012a5","d__Bacteria","Firmicutes","Bacilli",NA,NA,NA,NA
"f83ece4fda749693a7a4432ef93459d1","d__Bacteria","Firmicutes","Bacilli","Staphylococcales","Staphylococcaceae","Aliicoccus",NA
"6fa045d41c27e313be7d077a2ab4aa92","d__Bacteria","Bacteroidota","Bacteroidia","Flavobacteriales","Weeksellaceae","Chryseobacterium",NA
"fd9bee6128a7a043577f0746942742c0","d__Bacteria","Firmicutes","Clostridia","Lachnospirales","Lachnospiraceae","Agathobacter",NA
"194b1adf5c631457408dc3379c7c2751","d__Bacteria","Firmicutes","Bacilli","Bacillales","Bacillaceae","Geobacillus",NA
"3d1a1ea94b6381f07260f4f6af00fb52","d__Bacteria","Actinobacteriota","Actinobacteria","Micrococcales",NA,NA,NA
"3c0016eec8ef2580e76dbe8394baba75","d__Bacteria","Actinobacteriota","Actinobacteria","Micrococcales","Micrococcaceae",NA,NA
"d5f34c0a363a9fa376169c7674edff67","d__Bacteria","Firmicutes","Bacilli","Bacillales","Planococcaceae",NA,NA
"dc4540c2d486f0e2fa4227b94f7b1b86","d__Bacteria","Actinobacteriota","Actinobacteria","Corynebacteriales","Corynebacteriaceae","Corynebacterium",NA
"a5698e384d60a7dddc68610cfcea8674","d__Bacteria","Firmicutes","Bacilli","Bacillales","Bacillaceae","Bacillus",NA
"db0f4d68c9d57d7d9675371b4b2846af","d__Bacteria","Proteobacteria","Gammaproteobacteria","Pseudomonadales","Cellvibrionaceae","Marinagarivorans",NA
"552659604f3e30c61d323708323ceb51","d__Bacteria","Firmicutes","Clostridia","Peptostreptococcales-Tissierellales","Family_XI","Murdochiella",NA
"305b83ecc8c87e8e63dddb65d0b9bf96","Unassigned",NA,NA,NA,NA,NA,NA
"9673d60fb9ce013a2b6028d1730c508b","d__Bacteria","Firmicutes","Bacilli","Staphylococcales","Staphylococcaceae","Staphylococcus",NA
"2def2d8dc2ff195c85aab5c7d7875bc4","d__Bacteria","Verrucomicrobiota","Verrucomicrobiae","Chthoniobacterales","Chthoniobacteraceae","Candidatus_Udaeobacter",NA
"53301d3a8d605d1986279897b5ba9284","d__Bacteria","Firmicutes","Bacilli","Lactobacillales","Streptococcaceae","Streptococcus",NA
"8f5279642b7db5c4d2242f8a81a5e7e7","d__Bacteria","Proteobacteria","Gammaproteobacteria","Diplorickettsiales","Diplorickettsiaceae","uncultured",NA
"f2d376bb7c634eb625c4c60ef5250396","d__Bacteria","Proteobacteria","Alphaproteobacteria","Rhizobiales","Devosiaceae",NA,NA
"2a800e5475e5706459dcc87742339598","d__Bacteria","Bacteroidota","Bacteroidia","Flavobacteriales","Flavobacteriaceae","Gaetbulibacter",NA
"5fa9b0773db133e4bc7944a7fec420ce","d__Bacteria","Firmicutes","Clostridia","Peptostreptococcales-Tissierellales","Family_XI","Peptoniphilus",NA
"f0c7209e770067bdeefb97bf48a2403d","d__Bacteria","Actinobacteriota","Actinobacteria","Corynebacteriales","Mycobacteriaceae","Mycobacterium",NA
"94c53083ab9fb681bcc3b9236099238b","d__Bacteria","Bacteroidota","Bacteroidia","Bacteroidales","Prevotellaceae",NA,NA
"8f94715dc4f2097f89becb3a6b5cbb5e","d__Bacteria","Actinobacteriota","Actinobacteria","Corynebacteriales","Corynebacteriaceae","Corynebacterium",NA
"67d2386e75ee4393824f5d73edb295da","d__Bacteria","Actinobacteriota","Thermoleophilia","Solirubrobacterales","Solirubrobacteraceae",NA,NA
"292f2a17067dc699a6455cd09ac46f1a","d__Bacteria","Firmicutes","Bacilli","Staphylococcales","Staphylococcaceae","Staphylococcus",NA
"768d82ed6ac80952646f8396d9772b28","d__Bacteria","Firmicutes","Clostridia","Lachnospirales","Lachnospiraceae","Cellulosilyticum",NA
"112fd8d7734d30e6ee0dc19de38e3dcd","d__Bacteria","Gemmatimonadota","BD2-11_terrestrial_group","BD2-11_terrestrial_group","BD2-11_terrestrial_group","BD2-11_terrestrial_group",NA
"1047a07f2d9bbc358ccbe670a69c2f25","d__Bacteria","Actinobacteriota","Actinobacteria","Micrococcales","Micrococcaceae","Tersicoccus",NA
"4c85a56e241244f813589465035e967a","d__Bacteria","Actinobacteriota","Actinobacteria","Micrococcales","Intrasporangiaceae","Aquipuribacter",NA
"39d7ece772d71f683c19ec53fe2fa9be","d__Bacteria","Proteobacteria","Alphaproteobacteria","Sphingomonadales","Sphingomonadaceae",NA,NA
"982739f16f7ac427782417289acefeb8","d__Bacteria","Actinobacteriota","Actinobacteria","Corynebacteriales","Corynebacteriaceae","Corynebacterium",NA
"e12504b1a543cb13a26247e70698f6a3","d__Bacteria","Proteobacteria","Gammaproteobacteria","Burkholderiales","Burkholderiaceae","Lautropia",NA
"6e5142dffa7e4724ef6792a467db0f13","d__Bacteria","Bacteroidota","Bacteroidia","Bacteroidales","Barnesiellaceae","uncultured",NA
"4178f3dcafce7064798dfe3fc5cdd31a","d__Bacteria","Proteobacteria","Gammaproteobacteria","Legionellales","Legionellaceae","Legionella",NA
"b8f4e893f61aec518046f690b01c1b56","d__Bacteria","Proteobacteria","Gammaproteobacteria","Pseudomonadales","Pseudomonadaceae","Pseudomonas",NA
"cb456462de522f3d049d37f017e46f78","d__Bacteria","Proteobacteria","Gammaproteobacteria",NA,NA,NA,NA
"11632affc2f2dc577149482d2acbcb45","d__Bacteria","Actinobacteriota","Actinobacteria","Actinomycetales","Actinomycetaceae","Actinomyces",NA
"aeb774ac3d2213d061784de6f2f38152","d__Bacteria","Patescibacteria","Saccharimonadia","Saccharimonadales",NA,NA,NA
"9c71a98bea3979d902e04cfe3130cd43","d__Bacteria","Patescibacteria","Saccharimonadia","Saccharimonadales","Saccharimonadaceae","TM7a",NA
"e9076cab5be7db5664c39185d97f6bc6","d__Bacteria","Bacteroidota","Bacteroidia","Flavobacteriales","Weeksellaceae",NA,NA
"12e846d8d832ce5732867d9dd0520335","d__Bacteria","Firmicutes","Bacilli","Bacillales","Bacillaceae","Bacillus",NA
"f8b5d21cd88bb74a26c058e75d59afc6","d__Bacteria","Firmicutes","Clostridia","Peptostreptococcales-Tissierellales","Peptostreptococcaceae","Sporacetigenium",NA
"d3722e683483873d7a2f6203f4db5024","d__Bacteria","Proteobacteria","Alphaproteobacteria","Rhizobiales","Beijerinckiaceae","Methylobacterium-Methylorubrum",NA
"5f14bff1bfb20b6b542f96b968261cd6","d__Bacteria","Proteobacteria","Alphaproteobacteria","Rhizobiales","Rhizobiaceae",NA,NA
"bedacff5b183575ad124a28d7f8c740d","d__Bacteria","Proteobacteria","Gammaproteobacteria","Xanthomonadales","Xanthomonadaceae","Pseudoxanthomonas",NA
"29d348ba94a1b1ed3bf47c1d3ec0d399","d__Bacteria","Proteobacteria","Alphaproteobacteria","Rhizobiales",NA,NA,NA
"c7d64bce508c403dbb21118cd3cdd503","d__Bacteria","Firmicutes","Bacilli","Lactobacillales","Streptococcaceae","Streptococcus",NA
"2982a084a005473874c888d4a1d8d6a4","d__Bacteria","Proteobacteria","Gammaproteobacteria","Diplorickettsiales","Diplorickettsiaceae","Aquicella",NA
"279d0a7aa0f8dd4a91d7a49e2be8becd","d__Bacteria","Actinobacteriota","Actinobacteria","Propionibacteriales","Nocardioidaceae","Nocardioides",NA
"e312db22bc48359df382c83aa7020ef2","d__Bacteria","Proteobacteria","Gammaproteobacteria","Pseudomonadales","Moraxellaceae","Moraxella",NA
"92f6911c5a707cece92d2f5be2960814","d__Bacteria","Firmicutes","Bacilli","Staphylococcales","Staphylococcaceae",NA,NA
"f17dcb5d4a9930b74813660964ec6cd0","d__Bacteria","Actinobacteriota","Actinobacteria","Micromonosporales","Micromonosporaceae",NA,NA
"6655a38238a60ab7ef7ec67ca5b9eddc","d__Bacteria","Proteobacteria","Gammaproteobacteria","Pseudomonadales","Moraxellaceae","Acinetobacter",NA
"73e7c4bba6a51b0e50faff774cae8f18","d__Bacteria","Patescibacteria","Saccharimonadia","Saccharimonadales","Saccharimonadaceae","Saccharimonadaceae",NA
"5dc3ce30bf9dc5c26702e401a8f327b1","d__Bacteria","Actinobacteriota","Actinobacteria","Kineosporiales","Kineosporiaceae","Kineosporiaceae",NA
"7b7c0ea864597da8af4ad726227935a1","d__Bacteria","Proteobacteria","Gammaproteobacteria","Xanthomonadales","Xanthomonadaceae","Luteimonas",NA
"4ebf8b67f29d02a4598a19ce50d16d3e","d__Bacteria","Actinobacteriota","Actinobacteria","Micrococcales","Microbacteriaceae",NA,NA
"69d8be192387e840a7b206af08aee3a9","d__Bacteria","Actinobacteriota","Acidimicrobiia","Microtrichales","Ilumatobacteraceae","uncultured",NA
"40858a1a089fb3eba5eff3b95386cc5a","d__Bacteria","Actinobacteriota","Actinobacteria","Corynebacteriales","Mycobacteriaceae","Mycobacterium",NA
"f5888b0037c92ccb04a06302a90859df","d__Bacteria","Firmicutes","Clostridia","Lachnospirales","Lachnospiraceae","Dorea",NA
"55a3dedf5922c85c9678aa8da00082e7","d__Bacteria","Actinobacteriota","Actinobacteria","Corynebacteriales","Corynebacteriaceae","Corynebacterium",NA
"c88df5cbfd3951f4f8c64375aac1d8f9","d__Bacteria","Proteobacteria","Gammaproteobacteria","Pseudomonadales","Halomonadaceae","Halomonas",NA
"1b47d60e14a4746f60d3e9eb472b5705","d__Bacteria","Chloroflexi","Chloroflexia","Thermomicrobiales","JG30-KF-CM45","JG30-KF-CM45",NA
"debb39819f990fac9fe142724996d331","d__Bacteria","Actinobacteriota","Actinobacteria","Micrococcales","Microbacteriaceae","Microbacterium",NA
"fdb9d2430cc8333fa6581c1d41f00561","d__Bacteria","Actinobacteriota","Actinobacteria","Corynebacteriales","Corynebacteriaceae","Corynebacterium",NA
"90ba832cd0b98433e4f11587c2998f90","d__Bacteria","Verrucomicrobiota","Chlamydiae","Chlamydiales","Parachlamydiaceae","Candidatus_Protochlamydia",NA
"8047f7a406089e9219330801a1b91355","d__Bacteria","Actinobacteriota","Actinobacteria","Corynebacteriales","Nocardiaceae","Rhodococcus",NA
"00b56d53edf158d0c2aec65d769fde39","d__Bacteria","Planctomycetota","Planctomycetes","Isosphaerales","Isosphaeraceae",NA,NA
"c5efb9e18328bdda45bac8a2300813d2","d__Bacteria","Proteobacteria","Gammaproteobacteria","Enterobacterales",NA,NA,NA
"f513f9d8e4b296de956c2eed46f04b76","d__Bacteria","Actinobacteriota","Actinobacteria","Micrococcales","Dermabacteraceae","Helcobacillus",NA
"61e163cb1828df930c47a2a0b4aab8b8","d__Bacteria","Fusobacteriota","Fusobacteriia","Fusobacteriales","Leptotrichiaceae","Leptotrichia",NA
"c20c08b6004eef7180492149218f8ff2","d__Bacteria","Proteobacteria","Gammaproteobacteria",NA,NA,NA,NA
"47ff262b0c469085c4cd5a0c74247583","d__Bacteria","Proteobacteria","Gammaproteobacteria","Enterobacterales",NA,NA,NA
"2edc81bdb46d9de18892cc3d7c52e365","d__Bacteria","Acidobacteriota","Vicinamibacteria","Vicinamibacterales","Vicinamibacteraceae","Vicinamibacteraceae",NA
"e2e1056acc56c87d1279a89ed2aa002a","d__Bacteria","Actinobacteriota","Actinobacteria","Streptomycetales","Streptomycetaceae","Streptomyces",NA
"b07bc565cfcef57749b0dfd798acd556","d__Bacteria","Firmicutes","Clostridia","Peptostreptococcales-Tissierellales","Family_XI","Anaerococcus",NA
"1779505c4b3156e08d7f8bdf38f77fa6","d__Bacteria","Actinobacteriota","Actinobacteria","Corynebacteriales","Corynebacteriaceae","Corynebacterium",NA
"c51c5a4f628edb98c446651f73b3c693","Unassigned",NA,NA,NA,NA,NA,NA
"1e4735c8f839beddd4344dd64e4aac0d","d__Bacteria","Firmicutes","Negativicutes","Veillonellales-Selenomonadales","Veillonellaceae","Veillonella",NA
"3120c7c95b13866e886cf6e051cbae2f","d__Bacteria","Proteobacteria","Gammaproteobacteria","Pseudomonadales","Moraxellaceae","Moraxella",NA
"6b17017b5e9b33346eb9a1cb874057b5","d__Bacteria","Verrucomicrobiota","Verrucomicrobiae","Opitutales","Opitutaceae","Lacunisphaera",NA
"8040ba88826e22cba233014bfa22711b","d__Bacteria","Proteobacteria","Gammaproteobacteria","Enterobacterales","Pectobacteriaceae","Nissabacter",NA
"4afd8026d685f04103508d95de79e2c1","d__Bacteria","Firmicutes","Bacilli","Paenibacillales","Paenibacillaceae","Paenibacillus",NA
"575f294219867217611898dbbd94df3e","d__Bacteria","Proteobacteria","Alphaproteobacteria","Rhizobiales","Xanthobacteraceae","Bradyrhizobium",NA
"729e6eac8c0a1641a3ec243533855a01","d__Bacteria","Proteobacteria","Gammaproteobacteria","Burkholderiales","Comamonadaceae",NA,NA
"10ef02860e0f91d5503b73c13b644691","d__Bacteria","Deinococcota","Deinococci","Thermales","Thermaceae","Meiothermus",NA
"3c32d48d75a68a35a55ce1b304baba4a","d__Bacteria","Actinobacteriota","Actinobacteria","Corynebacteriales","Nocardiaceae","Gordonia",NA
"ed7d2431353b53d30d9d3a6d00bddfa9","d__Bacteria","Actinobacteriota","Actinobacteria","Micrococcales","Brevibacteriaceae","Brevibacterium",NA
"aeb823229f22d17f3197a17b5970db42","d__Bacteria","Firmicutes","Clostridia","Oscillospirales","Ruminococcaceae","Subdoligranulum",NA
"1b0430cd77732ea3974c98effe853194","d__Bacteria","Firmicutes","Bacilli","Bacillales","Bacillaceae",NA,NA
"9b21f4fa4216f9d38da103589f13177e","d__Bacteria","Firmicutes","Clostridia","Peptostreptococcales-Tissierellales","Family_XI","Finegoldia",NA
"d101b4d48da4d0a21171890967778fc8","d__Bacteria","Proteobacteria","Gammaproteobacteria","Enterobacterales",NA,NA,NA
"b8e9b274b641dd6fbbcdf820d555a922","d__Bacteria","Cyanobacteria","Cyanobacteriia","Cyanobacteriales","Chroococcidiopsaceae","Chroococcidiopsis_PCC_7203",NA
"8d61e1d2fbc40bcbcd1ea46008ceb6f3","d__Bacteria","Proteobacteria","Alphaproteobacteria","Rhizobiales","Xanthobacteraceae",NA,NA
"16a5488be07a44655c5e333962190940","d__Bacteria","Proteobacteria","Alphaproteobacteria","Rhizobiales","Beijerinckiaceae","Methylobacterium-Methylorubrum",NA
"54456dec4704a0b3de60bfd5e2a77b78","d__Bacteria","Firmicutes","Clostridia","Peptostreptococcales-Tissierellales","Family_XI","Anaerococcus",NA
"234d869cadac2ea19a61dbbd113e429b","d__Bacteria","Firmicutes","Bacilli","Lactobacillales","Lactobacillaceae","Limosilactobacillus",NA
"715727a46ad8dfdb8d21a7a3c1f40b83","d__Bacteria","Proteobacteria","Alphaproteobacteria","Rhizobiales","Devosiaceae",NA,NA
"f39daab27a722de06690edf1bd3e417b","d__Bacteria","Actinobacteriota","Actinobacteria","Streptomycetales","Streptomycetaceae","Streptomyces",NA
"b6c9b63f91ae242b90283fa65f7ee504","d__Bacteria","Myxococcota","Polyangia","Polyangiales","BIrii41","BIrii41",NA
"ef1b2e58dad15a6c0e5bed2e6067bd37","d__Bacteria","Bacteroidota","Bacteroidia","Bacteroidales","Prevotellaceae",NA,NA
"21e566568875961c09e4a43dff91f6c0","d__Bacteria","Fusobacteriota","Fusobacteriia","Fusobacteriales","Leptotrichiaceae","Leptotrichia",NA
"e7f2702c07d02aa30885d6eb4d24470d","d__Bacteria","Firmicutes","Bacilli","Staphylococcales","Staphylococcaceae","Jeotgalicoccus",NA
"c4f31b520781c57eb278700466cafe42","d__Bacteria","Firmicutes","Clostridia","Peptostreptococcales-Tissierellales","Peptostreptococcaceae","Paraclostridium",NA
"9d5e35bf7bdeb78934e7887b9bbfee5d","d__Bacteria","Firmicutes","Bacilli","RsaHf231","RsaHf231","RsaHf231",NA
"52735620a0f3d992dc7887b8204e5049","d__Bacteria","Proteobacteria","Alphaproteobacteria","Tistrellales","Geminicoccaceae","Geminicoccus",NA
"8e080ec485bb152a590f962fe4cf5344","d__Bacteria","Proteobacteria","Alphaproteobacteria","Rhizobiales","Beijerinckiaceae","Methylobacterium-Methylorubrum",NA
"0bbe171da3ba066b50f3a211a35beea9","d__Bacteria","Firmicutes","Clostridia","Peptostreptococcales-Tissierellales","Peptostreptococcaceae","Terrisporobacter",NA
"71c194dc7a0b290a80aa062b3e0c7cfd","d__Bacteria","Actinobacteriota","Actinobacteria","Corynebacteriales","Nocardiaceae","Rhodococcus",NA
"84e2c5cddb8adb6548a622306b541f1a","d__Bacteria","Firmicutes","Bacilli","Lactobacillales","Streptococcaceae","Streptococcus",NA
"aedd1cdab3dbb485c9a853a824e895a5","d__Bacteria","Actinobacteriota","Actinobacteria","Micrococcales","Microbacteriaceae","Microbacterium",NA
"755f376400a93f70b5cc678ce53b7f43","d__Bacteria","Proteobacteria","Gammaproteobacteria",NA,NA,NA,NA
"df553a15536e38707573515a9c362862","d__Bacteria","Proteobacteria","Alphaproteobacteria","Rhizobiales","Xanthobacteraceae",NA,NA
"5cac955a7a32036d1ddc345b28266e2f","d__Bacteria","Actinobacteriota","Actinobacteria","Corynebacteriales","Corynebacteriaceae","Corynebacterium",NA
"f72578f175579c3a9cb48cfdcceb654f","d__Bacteria","Firmicutes","Bacilli","Staphylococcales","Staphylococcaceae",NA,NA
"a756473f19c605787348241ea676d6c1","d__Bacteria","Actinobacteriota","Actinobacteria","Actinomycetales","Actinomycetaceae","Actinomyces",NA
"7a4360525c72e2f750e1ad4d75838a1b","d__Bacteria","Proteobacteria","Gammaproteobacteria","Burkholderiales","Alcaligenaceae","Achromobacter",NA
"ebf5635b4476cbcf699567132e659f2a","d__Bacteria","Actinobacteriota","Actinobacteria","Frankiales","Geodermatophilaceae","Modestobacter",NA
"e46a06772f3e6f335624daa0bad3e579","d__Bacteria","Actinobacteriota","Actinobacteria","Corynebacteriales","Nocardiaceae","Williamsia",NA
"a25bb76a33f06e572eafb5ecdc0f62cb","d__Bacteria","Bacteroidota","Bacteroidia","Bacteroidales","Bacteroidaceae","Bacteroides",NA
"858c77d2a26db43c96d3d70bd042598a","d__Bacteria","Proteobacteria","Alphaproteobacteria","Rhizobiales","Rhizobiaceae",NA,NA
"2fbfb7817410276070f5a02cce3bc56a","d__Bacteria","Actinobacteriota","Actinobacteria","Corynebacteriales","Corynebacteriaceae","Corynebacterium",NA
"8ffe3eab99b8e57ea8ea55e29af109ff","d__Bacteria","Cyanobacteria","Cyanobacteriia","Cyanobacteriales","Chroococcidiopsaceae","Aliterella",NA
"d514bea930cb712a790e5f7ed2ab19d4","d__Bacteria","Actinobacteriota","Actinobacteria","Corynebacteriales","Nocardiaceae","Gordonia",NA
"8a8e02bfe22e9f679dc620eff1ce610c","d__Bacteria",NA,NA,NA,NA,NA,NA
"7ce085a1fccaa0b85475ea6833d4183a","d__Bacteria","Firmicutes","Clostridia","Peptostreptococcales-Tissierellales","Peptostreptococcaceae","Peptostreptococcus",NA
"6f95a2ad06f6199e0e0b5351d4573bf3","d__Bacteria","Chloroflexi","Dehalococcoidia","S085","S085","S085",NA
"f3abade103cbaac1fe274e54000946c1","d__Bacteria","Proteobacteria","Alphaproteobacteria","Rhizobiales","Xanthobacteraceae","Rhodoplanes",NA
"30593872749f8f5e3afdc80ac370dee5","d__Bacteria","Firmicutes","Clostridia","Peptostreptococcales-Tissierellales","Family_XI","Murdochiella",NA
"b0d9320b5112e7b3e187b9eb3deba224","d__Bacteria","Actinobacteriota","Actinobacteria","Frankiales","Geodermatophilaceae","Modestobacter",NA
"e50a1f7a67b701d400ef0084dbb14a80","d__Bacteria","Proteobacteria","Gammaproteobacteria","Pseudomonadales","Moraxellaceae","Acinetobacter",NA
"f5bcfbef88334184fff1c3f7a54f8e68","d__Bacteria","Firmicutes","Clostridia","Peptostreptococcales-Tissierellales","Family_XI","W5053",NA
"2f9e832dad6356227dd0f94d767b2fd9","d__Bacteria","Proteobacteria","Alphaproteobacteria","Acetobacterales","Acetobacteraceae",NA,NA
"dc8cc99024697ed2d9584a7c25576bed","d__Bacteria","Firmicutes","Bacilli","Lactobacillales","Lactobacillaceae","Limosilactobacillus",NA
"456fd79cef70f437b068b3adf53d6e03","d__Bacteria","Bacteroidota","Bacteroidia","Sphingobacteriales","Sphingobacteriaceae","Sphingobacterium",NA
"44978af6e5bfbc06f3c4840df2510bf1","d__Bacteria","Firmicutes","Bacilli","Thermicanales","Thermicanaceae","Thermicanus",NA
"f5a453fe6c9bbc26383f52654850e71c","d__Bacteria","Firmicutes","Bacilli","Lactobacillales","Lactobacillaceae","Lactobacillus",NA
"0304f72d1935064160f81736a75a82b4","d__Bacteria","Firmicutes","Bacilli","Lactobacillales","Listeriaceae","Listeria",NA
"346f55909558bbfa67c1a208c1849207","d__Bacteria","Patescibacteria","Gracilibacteria","Gracilibacteria","Gracilibacteria","Gracilibacteria",NA
"97d7759eab1074c9f34b5642b4a12681","d__Bacteria","Proteobacteria","Alphaproteobacteria","Rhizobiales","Xanthobacteraceae",NA,NA
"903c577c79be01995006b69a304a814a","d__Bacteria","Bacteroidota","Bacteroidia","Flavobacteriales","Flavobacteriaceae","Capnocytophaga",NA
"4ee2e1eb25ae89bfa433258be1f80dc6","d__Bacteria",NA,NA,NA,NA,NA,NA
"28fdd0150f20e6e35adfc4ecddd05393","d__Bacteria","Actinobacteriota","Actinobacteria","Corynebacteriales","Corynebacteriaceae","Corynebacterium",NA
"61294e7bcabbcac35b8ebbb27a3694e9","d__Bacteria","Actinobacteriota","Actinobacteria","Micrococcales","Dermatophilaceae","Mobilicoccus",NA
"85bbb0babdb0848fcd77eb014a804b6d","d__Bacteria","Bacteroidota","Bacteroidia","Flavobacteriales",NA,NA,NA
"8409289fd0c1d19aae02d1873ad6c613","d__Bacteria","Proteobacteria","Alphaproteobacteria","Rhizobiales","Beijerinckiaceae",NA,NA
"f43c54a975423a60bb47ffd406fcfe4e","d__Bacteria","Actinobacteriota","Actinobacteria","Micrococcales","Micrococcaceae",NA,NA
"a7b284539d4abf60fd92c703ee2315ea","d__Bacteria","Actinobacteriota","Actinobacteria","Actinomycetales","Actinomycetaceae","Actinotignum",NA
"11b56a887c7ca04649f2ac0ced6a65cb","d__Bacteria","Proteobacteria","Gammaproteobacteria","Pseudomonadales","Nitrincolaceae","Neptuniibacter",NA
"8065cde1cd7afe3ed742b70603ae9fae","d__Bacteria","Firmicutes","Bacilli","Bacillales","Bacillaceae","Bacillus",NA
"af6d37feb1aa10303a6ca0d51008066a","d__Bacteria","Bacteroidota","Bacteroidia","Sphingobacteriales","Sphingobacteriaceae","Pedobacter",NA
"20bc3c161a37312d863402edcdc3d062","d__Bacteria","Actinobacteriota","Actinobacteria","Corynebacteriales","Mycobacteriaceae","Mycobacterium",NA
"60fcaed953b44907a48e90897e42d925","d__Bacteria","Bacteroidota","Bacteroidia","Cytophagales","Microscillaceae",NA,NA
"7311ff982167a1344b509657f4abba93","d__Bacteria","Firmicutes","Bacilli","Lactobacillales","Aerococcaceae","Facklamia",NA
"a7774d3e5210ec7caa4f1339a065320a","d__Bacteria","Proteobacteria","Alphaproteobacteria","Caulobacterales","Caulobacteraceae","Brevundimonas",NA
"ec35e5552a04191fb6a61145aed8b341","d__Bacteria","Firmicutes","Bacilli","Bacillales","Planococcaceae","Sporosarcina",NA
"337412397ace6fbd98d213e534e54b94","d__Bacteria","Proteobacteria","Alphaproteobacteria","Rhodobacterales","Rhodobacteraceae","Amaricoccus",NA
"be0b798115c65365839c3bbeae361b78","d__Bacteria","Proteobacteria","Alphaproteobacteria","Rhizobiales","Stappiaceae",NA,NA
"aa5fedfcf911281bcc2ff5cf0925fe17","d__Bacteria","Proteobacteria","Gammaproteobacteria","Methylococcales","Cycloclasticaceae","Cycloclasticus",NA
"0f731e862a3dc34074669c0d681aa84b","d__Bacteria","Bacteroidota","Bacteroidia","Flavobacteriales","Weeksellaceae","Chryseobacterium",NA
"5432eb500424c9633c07057d4d42fff4","d__Bacteria","Bacteroidota","Bacteroidia","Flavobacteriales","Flavobacteriaceae",NA,NA
"fb15efe820a2d571d19afcc345a13de9","d__Bacteria","Proteobacteria","Gammaproteobacteria","Xanthomonadales","Xanthomonadaceae","Stenotrophomonas",NA
"95024efff16ff70c3fb908cfc9cef44e","d__Bacteria","Actinobacteriota","Coriobacteriia","Coriobacteriales","Atopobiaceae","Atopobium",NA
"307ecafcfc57ef981c846579a767f085","d__Bacteria","Myxococcota","Polyangia","Haliangiales","Haliangiaceae","Haliangium",NA
"3ffdf1ab0c322c10151f873df8d1340a","d__Bacteria","Actinobacteriota","Actinobacteria","Micromonosporales","Micromonosporaceae",NA,NA
"3af0deea25f5373b243371c13cbb7184","d__Bacteria","Acidobacteriota","Vicinamibacteria","Vicinamibacterales","uncultured","uncultured",NA
"27749d1ea6cf4e13bf091df3922adf2e","d__Bacteria","Cyanobacteria","Vampirivibrionia","Obscuribacterales","Obscuribacteraceae","Obscuribacteraceae",NA
"45290f60f569f3a875b13d9b4f53e667","d__Bacteria","Firmicutes","Clostridia","Oscillospirales","Oscillospiraceae","NK4A214_group",NA
"3f885becace46bd98507a948266c91a4","d__Bacteria","Proteobacteria","Alphaproteobacteria","Rhodobacterales","Rhodobacteraceae","Amaricoccus",NA
"dafd7a7fd77e16e9d68fa30a2560b1fd","d__Bacteria","Actinobacteriota","Coriobacteriia","Coriobacteriales","Atopobiaceae","Atopobium",NA
"4a4c46165b9cf24b074c675acd411802","d__Bacteria","Firmicutes","Bacilli","Staphylococcales","Staphylococcaceae",NA,NA
"5b9dab0b79ba575233e85db2b741d6cc","d__Bacteria","Proteobacteria","Alphaproteobacteria","Sphingomonadales","Sphingomonadaceae",NA,NA
"816b5052ee93cdf459414591f21e7fd5","d__Eukaryota","Cercozoa","Ascetosporea","Haplosporida","Haplosporida","Haplosporida",NA
"8311d95545c9ae013bae618bbfe9682e","Unassigned",NA,NA,NA,NA,NA,NA
"1de41ad612f492c098d0f7a2f4c5751c","d__Bacteria","Proteobacteria","Gammaproteobacteria","Enterobacterales","Pasteurellaceae","Haemophilus",NA
"7c866fbe2e4d656c7eb8afed9bb848f9","Unassigned",NA,NA,NA,NA,NA,NA
"988a4e3bf3bc99bcc6699b0f583c07db","d__Bacteria","Firmicutes","Clostridia","Peptostreptococcales-Tissierellales","Peptostreptococcales-Tissierellales","Alkaliphilus",NA
"9957c5cf64d016a7cb5aaadb38736574","d__Bacteria","Actinobacteriota","Actinobacteria","Corynebacteriales","Corynebacteriaceae","Corynebacterium",NA
"18fcadbe3ab44486f084b39d5d2da2db","d__Bacteria","Proteobacteria","Alphaproteobacteria","Rhizobiales","Rhizobiaceae",NA,NA
"f26cc7e1ac29bc941da91cf892f96952","d__Bacteria","Proteobacteria","Gammaproteobacteria","Xanthomonadales","Xanthomonadaceae","Stenotrophomonas",NA
"31edea3ec4da562beb6f7209e5584ac7","d__Bacteria","Myxococcota","Polyangia","Polyangiales","BIrii41","BIrii41",NA
"6d99821245805a09a0466783ec35cf3b","d__Bacteria","Firmicutes","Bacilli","Staphylococcales","Staphylococcaceae","Staphylococcus",NA
"cd201a1d087df40ab9e1947916183e69","d__Bacteria","Actinobacteriota","Actinobacteria","Micrococcales",NA,NA,NA
"f6e9f48cf7cfa7f6b7f55e67248dc787","d__Bacteria","Actinobacteriota","Actinobacteria","Micrococcales",NA,NA,NA
"69048aa6d327dcb075f69a55b44312cd","Unassigned",NA,NA,NA,NA,NA,NA
"5ac4608db0170399d1da5a251ad32be3","d__Bacteria","Proteobacteria","Alphaproteobacteria","Rhodobacterales","Rhodobacteraceae",NA,NA
"da6d864bfe984ad818e768011a643948","d__Bacteria","Proteobacteria","Alphaproteobacteria","Rhizobiales","Rhizobiaceae",NA,NA
"b535f194be6c5f8af72d408ee2893007","d__Bacteria",NA,NA,NA,NA,NA,NA
"1dcca869604e0715dac2ddab800ec83a","d__Bacteria","Proteobacteria","Alphaproteobacteria",NA,NA,NA,NA
"c784a8c17b6f1d18c4470515bcd942b0","d__Bacteria","Proteobacteria","Gammaproteobacteria","Legionellales","Legionellaceae","Legionella",NA
"bd435bb8e4d505ed9db7ae72e7f21ea9","d__Bacteria","Proteobacteria","Gammaproteobacteria","Burkholderiales","Comamonadaceae",NA,NA
"d5f1b67bedf24b210ddc57b8e7cef712","d__Bacteria","Actinobacteriota","Actinobacteria","Kineosporiales","Kineosporiaceae","Kineococcus",NA
"14ebcdac9fe228fe2bdc5b2d83d9d29b","d__Bacteria","Firmicutes","Bacilli","Bacillales","Bacillaceae",NA,NA
"917866f963aafc29b7b3704af0fc7699","d__Bacteria","Actinobacteriota","Actinobacteria","Pseudonocardiales","Pseudonocardiaceae","Actinomycetospora",NA
"33f9c9c8c9dfa9c6ce58f30cf143fa2d","d__Bacteria","Firmicutes","Clostridia","Monoglobales","Monoglobaceae","Monoglobus",NA
"8e2c8909756c9f516767cc019d2697d0","d__Bacteria","Bacteroidota","Bacteroidia","Flavobacteriales","Flavobacteriaceae",NA,NA
"d2504c1d31fd3343d2895e19ec3b640e","d__Bacteria","Planctomycetota","Planctomycetes","Isosphaerales","Isosphaeraceae","Aquisphaera",NA
"7cf155a76c46c7119241e21a01454bd5","d__Bacteria","Actinobacteriota","Actinobacteria","Actinomycetales","Actinomycetaceae","Actinotignum",NA
"04091add8cf5c51bdb373e61a388e9e7","d__Bacteria","Bacteroidota","Bacteroidia","Bacteroidales",NA,NA,NA
"b08c89db66fe8ed81b3902f366479d59","d__Bacteria","Actinobacteriota","Actinobacteria","Micrococcales","Microbacteriaceae",NA,NA
"1f19dbfd153b8e0a4fa48d035129ad82","d__Bacteria","Proteobacteria","Gammaproteobacteria","Pseudomonadales","Moraxellaceae","Enhydrobacter",NA
"223e3960a57b43b9431a6ad49d84a7e0","d__Bacteria","Proteobacteria","Gammaproteobacteria","Enterobacterales","Pasteurellaceae","Haemophilus",NA
"efeccdbaa56216768add4a6c8a0dca7e","d__Bacteria","Fusobacteriota","Fusobacteriia","Fusobacteriales","Fusobacteriaceae","Fusobacterium",NA
"84fec7efa04e01d4395d68a1ec580300","d__Bacteria","Proteobacteria","Alphaproteobacteria","Rhizobiales","Rhizobiaceae","Aureimonas",NA
"e19ed09121751600e183ca6b2e7de3b2","d__Bacteria","Dadabacteria","Dadabacteriia","Dadabacteriales","Dadabacteriales","Dadabacteriales",NA
"3978fe57c19c671474f54172e7bd9692","d__Bacteria","Actinobacteriota","Actinobacteria","Micrococcales","Microbacteriaceae",NA,NA
"fc17b2d3bdcbf859dfb41fa90fbef1ac","d__Bacteria","Actinobacteriota","Actinobacteria","Frankiales","Acidothermaceae","Acidothermus",NA
"cc34019a2acd744943efab8a8f64a5e4","d__Bacteria","Firmicutes","Clostridia","Oscillospirales","Hungateiclostridiaceae","Fastidiosipila",NA
"69e00c813e2e61308360459a102f4e10","d__Bacteria","Actinobacteriota","Actinobacteria","Corynebacteriales","Corynebacteriaceae","Corynebacterium",NA
"7874286a5c4beffa67a391fb7c2ebd92","d__Bacteria","Firmicutes","Clostridia","Clostridiales","Clostridiaceae","Candidatus_Arthromitus",NA
"0e64e0eac67696969b593ee91451ad99","d__Bacteria","Chloroflexi","Chloroflexia","Thermomicrobiales","JG30-KF-CM45","JG30-KF-CM45",NA
"2cdb2d33635950672086db8e15a36597","d__Bacteria","Firmicutes","Clostridia","Peptostreptococcales-Tissierellales","Family_XI","Anaerococcus",NA
"10e3a20705b1815febf45b11644b78d7","d__Bacteria","Proteobacteria","Gammaproteobacteria","Enterobacterales","Colwelliaceae","Thalassotalea",NA
"75e72eb6052c94ee29436299988cbd53","d__Bacteria","Firmicutes","Clostridia","Lachnospirales","Lachnospiraceae","[Eubacterium]_eligens_group",NA
"0bc2ce862233c640e6299982a709c7d8","d__Bacteria","Firmicutes","Clostridia","Peptostreptococcales-Tissierellales","Family_XI","Peptoniphilus",NA
"ea4a20814bce07b85cb4619706edc8c4","d__Bacteria","Bacteroidota","Bacteroidia","Sphingobacteriales","env.OPS_17","env.OPS_17",NA
"a09d7fafbe41ac1057bcdcf538e7a5e5","d__Bacteria","Actinobacteriota","Actinobacteria","Corynebacteriales","Corynebacteriaceae","Corynebacterium",NA
"7d05576a3c763f65a1e066ef61bf99a4","d__Bacteria","Cyanobacteria","Cyanobacteriia","Chloroplast","Chloroplast","Chloroplast",NA
"f0f5396f9845c39305b80847edfc4026","d__Bacteria","Firmicutes","Clostridia",NA,NA,NA,NA
"39457088f4de7852a40a491a40557a49","d__Bacteria","Actinobacteriota","Thermoleophilia","Solirubrobacterales","Solirubrobacteraceae",NA,NA
"6fee7aa5737da9a092ebae9337d4db55","d__Bacteria","Actinobacteriota","Actinobacteria","Micrococcales","Intrasporangiaceae",NA,NA
"a49727f94c6e83911ad5da5f8401a515","d__Bacteria","Actinobacteriota","Actinobacteria","Micrococcales","Microbacteriaceae",NA,NA
"65434ae68761c89a3e8e4a5c30f8b840","d__Bacteria","Actinobacteriota","Actinobacteria","Micrococcales","Micrococcaceae","Rothia",NA
"fa062b3f86de242e5d3f65a25b7022b4","d__Bacteria","Firmicutes","Bacilli","Lactobacillales","Carnobacteriaceae","Carnobacterium",NA
"bcbe22448b8ffd9301a79ef464e42075","d__Bacteria","Actinobacteriota","Actinobacteria","Propionibacteriales","Propionibacteriaceae","Microlunatus",NA
"7f58f578072cd761e47960fb8f1ba460","d__Bacteria","Chloroflexi","Ktedonobacteria","Ktedonobacterales","JG30-KF-AS9","JG30-KF-AS9",NA
"1dc4ae6356a56b77d1f3279d9c0b6734","d__Bacteria","Firmicutes","Bacilli","Staphylococcales","Staphylococcaceae","Staphylococcus",NA
"e4913c16b3a161bf0801a42a555d226c","d__Bacteria","Actinobacteriota","Actinobacteria","Frankiales","Geodermatophilaceae","Blastococcus",NA
"c2ecc21823971d09fd85b571969b3c0c","d__Bacteria","Bacteroidota","Bacteroidia","Bacteroidales","Prevotellaceae","Prevotella",NA
"31b0792dec2cb4cf38084050180e6dd7","d__Archaea","Crenarchaeota","Nitrososphaeria","Nitrosopumilales","Nitrosopumilaceae","Candidatus_Nitrosopumilus",NA
"091a11661183530ff9f798bb433ebb0e","d__Bacteria",NA,NA,NA,NA,NA,NA
"0be892147184d6e44e06140233122529","d__Bacteria","Proteobacteria","Alphaproteobacteria","Rhizobiales","Beijerinckiaceae",NA,NA
"209377e0d76ff03477e963d24c5e532a","d__Bacteria","Acidobacteriota","Blastocatellia",NA,NA,NA,NA
"462281f047a8beeef602ee6c72822f21","d__Bacteria","Actinobacteriota","Actinobacteria","Corynebacteriales","Mycobacteriaceae","Mycobacterium",NA
"6cc0af626981ccf6d5f551818f6c089a","d__Bacteria","Chloroflexi","Ktedonobacteria","Ktedonobacterales","Ktedonobacteraceae","1959-1",NA
"1c8a824757c6fc42f71a85363dacc777","d__Bacteria","Proteobacteria","Gammaproteobacteria","Pseudomonadales","Moraxellaceae","Psychrobacter",NA
"f8ba32809464281c2a60414506185405","d__Bacteria","Proteobacteria","Gammaproteobacteria","Enterobacterales","Enterobacteriaceae",NA,NA
"0dd6301c613f29b4f920ad287e4be407","d__Bacteria","Chloroflexi","Chloroflexia","Thermomicrobiales","JG30-KF-CM45","JG30-KF-CM45",NA
"2edd058b24b3131fb35b41a433d4afa9","d__Bacteria","Actinobacteriota","Actinobacteria","Actinomycetales","Actinomycetaceae","Actinomyces",NA
"8ca82810dacef886363f1ed6223819c4","d__Bacteria","Proteobacteria","Alphaproteobacteria",NA,NA,NA,NA
"9dcb8f0d90a5af30641a57b96a3ff1a2","d__Bacteria","Proteobacteria","Alphaproteobacteria","Rhizobiales","Beijerinckiaceae","Microvirga",NA
"eb034094bf8847c352554015dff2548e","d__Bacteria","Bacteroidota","Bacteroidia","Flavobacteriales","Flavobacteriaceae",NA,NA
"e8d71ab793bea661890519ccc8dd32e7","d__Bacteria","Bacteroidota","Bacteroidia",NA,NA,NA,NA
"b99b541e81a520d8000dde9259021fd3","d__Bacteria","Planctomycetota","OM190","OM190","OM190","OM190",NA
"f1c8a906ce49375fc4e28d440cbc35de","Unassigned",NA,NA,NA,NA,NA,NA
"b52f619764293c6f4bc02e84e94a2b35","d__Bacteria","Proteobacteria","Gammaproteobacteria","Burkholderiales","Neisseriaceae","Neisseria",NA
"1f5d3483d6d5f9a5f7a187c4b6b7f9d1","d__Bacteria","Proteobacteria","Alphaproteobacteria","Rhizobiales","Beijerinckiaceae","1174-901-12",NA
"b1777799086103ceeea134a269a9507c","d__Bacteria","Chloroflexi","Anaerolineae","RBG-13-54-9","RBG-13-54-9","RBG-13-54-9",NA
"eb8f574df6efe7ca744d5419fb7259ef","d__Bacteria","Actinobacteriota","Actinobacteria","Micromonosporales","Micromonosporaceae",NA,NA
"e88232beb50e968b52a48914baa6a8e2","d__Bacteria","Firmicutes","Bacilli","Lactobacillales","Streptococcaceae","Streptococcus",NA
"bb38d23cc6eece9dad8db8ad3fbebc9a","d__Bacteria","Proteobacteria","Alphaproteobacteria","Caulobacterales","Hyphomonadaceae","Euryhalocaulis",NA
"15d5472c6f85085cc1020e26141ec43d","d__Bacteria","Firmicutes","Bacilli","Bacillales","Bacillaceae","Caldibacillus",NA
"8d2bb97663ba403dfbe3b4f34cb428a5","d__Bacteria","Firmicutes","Bacilli","Lactobacillales","Lactobacillaceae","Lactobacillus",NA
"2661a055eb0978463d186ae39af6b74f","d__Bacteria","Proteobacteria","Alphaproteobacteria","Rhizobiales","Rhizobiaceae",NA,NA
"3bde2bffd31a4811f565479b57ff3f24","d__Bacteria","Bacteroidota","Bacteroidia","Bacteroidales",NA,NA,NA
"6909a5ea4940b5facfa786692af45a11","d__Bacteria","Actinobacteriota","Actinobacteria","Corynebacteriales","Dietziaceae","Dietzia",NA
"b73a341f4195817c9958f38f33296f26","d__Bacteria","Cyanobacteria","Cyanobacteriia","Chloroplast","Chloroplast","Chloroplast",NA
"df2bc5cb3e95278d48759df76b0cac49","d__Archaea","Halobacterota","Halobacteria","Halobacterales","Halococcaceae",NA,NA
"75e9fdda527041a1427e34c8069e6f57","d__Bacteria","Dependentiae","Babeliae","Babeliales",NA,NA,NA
"b6517ad9eca1a6224727e8bafb58d297","d__Bacteria","Actinobacteriota","Actinobacteria","Pseudonocardiales","Pseudonocardiaceae","Actinomycetospora",NA
"b93e2029db36925a9f07ed9e36c72964","d__Bacteria","Proteobacteria","Alphaproteobacteria","Rhizobiales","Rhizobiaceae",NA,NA
"3c124634f46e85985e39894b7c2ee6a3","d__Bacteria","Proteobacteria","Gammaproteobacteria","Enterobacterales","Enterobacteriaceae","Escherichia-Shigella",NA
"360560157e9b2bed315ed6cf110a30b5","d__Bacteria","Proteobacteria","Gammaproteobacteria","Pseudomonadales","Halomonadaceae","Halomonas",NA
"caf168896759027e757bfa18457cc0f0","d__Bacteria","Actinobacteriota","Actinobacteria","Micrococcales","Micrococcaceae","Kocuria",NA
"2450fbe6412aa2617be5f788394ce008","d__Bacteria","Actinobacteriota","Actinobacteria","Micrococcales","Brevibacteriaceae","Brevibacterium",NA
"fdd376226ef30fac795c748fea959327","d__Bacteria","Firmicutes","Clostridia","Oscillospirales","Ruminococcaceae","Subdoligranulum",NA
"e438489bbaeb8ed1d3a2bab406c93028","d__Bacteria","Firmicutes","Clostridia","Peptostreptococcales-Tissierellales","Family_XI","Peptoniphilus",NA
"81103ef9f6bc6e8cfb3cc01b4c3e04e3","d__Bacteria","Chloroflexi","Ktedonobacteria","Ktedonobacterales","Ktedonobacteraceae",NA,NA
"e7a7b4efeea8ec9b673c88258062959e","d__Bacteria","Actinobacteriota","Actinobacteria","Bifidobacteriales","Bifidobacteriaceae","Gardnerella",NA
"ad706319baf1c1e25da808eb975c85ad","d__Bacteria","Myxococcota","Polyangia","Polyangiales","Polyangiaceae",NA,NA
"582736dfb0a08ca7db9bea7a608c87bd","d__Bacteria","Firmicutes","Clostridia","Peptostreptococcales-Tissierellales","Family_XI","Murdochiella",NA
"6008f6a4e50dbbc7f1831fd275e654b9","d__Bacteria","Bacteroidota","Bacteroidia","Bacteroidales","Prevotellaceae","Prevotella_7",NA
"4f8f9a2407e47c2f0cf1200e442c770d","d__Bacteria","Firmicutes","Clostridia","Peptostreptococcales-Tissierellales","Family_XI","Anaerococcus",NA
"b9e32fbb6df0b74e426f2d592ed4567f","d__Bacteria","Proteobacteria","Gammaproteobacteria","Pseudomonadales","Moraxellaceae","Acinetobacter",NA
"ead11b0456bf1d3c22d254bd69976871","d__Bacteria","Firmicutes","Bacilli","Lactobacillales","Aerococcaceae","Eremococcus",NA
"a58b3954d58790821976066633596029","d__Bacteria","Bacteroidota","Bacteroidia","Flavobacteriales","Flavobacteriaceae",NA,NA
"7025b7b5b37041ae6b0b4542652b41b8","d__Bacteria","Firmicutes","Bacilli","Lactobacillales",NA,NA,NA
"baa4e90190536ae4f5224c7b36943945","d__Bacteria","Bacteroidota","Bacteroidia","Bacteroidales","Prevotellaceae",NA,NA
"cd9672322d227fc90f7e3d934dbb9393","d__Bacteria","Actinobacteriota","Acidimicrobiia","Microtrichales",NA,NA,NA
"5d81f573b65487608e7403cdb92927fe","d__Bacteria","Actinobacteriota","Actinobacteria","Streptosporangiales","Streptosporangiaceae","Thermocatellispora",NA
"d6c5f18555897b96e24f11c64a9473e6","d__Bacteria","Actinobacteriota","Actinobacteria","Streptosporangiales","Streptosporangiaceae",NA,NA
"50ef8d752a521e7592bdf9ab3cc778f2","d__Bacteria","Proteobacteria","Alphaproteobacteria","Rhizobiales","Devosiaceae","Devosia",NA
"91fc888813946caab6d019b6583843a5","d__Bacteria","Proteobacteria","Gammaproteobacteria","Enterobacterales",NA,NA,NA
"2a4f7c76cd8195b94a08806738a8b840","d__Bacteria","Proteobacteria","Gammaproteobacteria","Burkholderiales","Comamonadaceae",NA,NA
"d2d5c963832f21026091f4eb1204065b","d__Bacteria","Deinococcota","Deinococci","Deinococcales","Deinococcaceae","Deinococcus",NA
"0758ff02cbe5fca80dcb39b7fd80cbc8","d__Bacteria","Firmicutes","Bacilli","Lactobacillales","Aerococcaceae","Facklamia",NA
"9c64896cb5cec3751f780cb4ee038631","d__Bacteria","Actinobacteriota","Actinobacteria","Corynebacteriales","Nocardiaceae","Gordonia",NA
"9a2093038e39696846b62cba98ac4ce8","d__Bacteria","Actinobacteriota","Actinobacteria","Actinomycetales","Actinomycetaceae","Actinomyces",NA
"65c12cc2aff8ed898a4418589e6f698f","d__Bacteria","Firmicutes","Bacilli","Bacillales","Planococcaceae",NA,NA
"e454de76196df2b3af8036a0fff7431f","d__Bacteria","Firmicutes","Clostridia","Lachnospirales","Lachnospiraceae","[Ruminococcus]_gnavus_group",NA
"03c89da1dbd99eca29cc86bb79e21c7b","d__Bacteria","Desulfobacterota","Desulfobacteria","Desulfobacterales",NA,NA,NA
"0dc8f61246b607f8d39703bbca5225da","d__Bacteria","Proteobacteria","Gammaproteobacteria","Pseudomonadales","Moraxellaceae","Psychrobacter",NA
"7c6f6254aeb2beed6f2fdf9e1a240994","d__Bacteria","Proteobacteria","Gammaproteobacteria","Pseudomonadales","Moraxellaceae","Psychrobacter",NA
"d0a1324e5c8d2774af29994cf4d7e8c4","d__Bacteria","Firmicutes","Bacilli","Lactobacillales",NA,NA,NA
"2893f8327b445084465317a7a2854732","d__Bacteria","Proteobacteria","Alphaproteobacteria","Defluviicoccales","Defluviicoccaceae","Defluviicoccus",NA
"47c3b959ec355deb72de04076556b364","d__Bacteria","Proteobacteria","Alphaproteobacteria","Rhizobiales","Devosiaceae",NA,NA
"1e0f0c79370568bb42dd2f23f18b3dc5","d__Bacteria","Actinobacteriota","Actinobacteria","Corynebacteriales","Corynebacteriaceae","Corynebacterium",NA
"8e6ce563d83dfb0f00108df93ff49654","d__Bacteria","Proteobacteria","Alphaproteobacteria","Rhizobiales","Rhizobiaceae",NA,NA
"18059e5cb6109fb02ff78e3d36cbb39f","d__Bacteria","Firmicutes","Negativicutes","Veillonellales-Selenomonadales","Veillonellaceae","Dialister",NA
"db35f0ebfc2836f4aa47a0a6e01be1db","d__Bacteria","Firmicutes","Bacilli","Bacillales","Planococcaceae",NA,NA
"ebb8476c22b0d7b7fcc8d9e166aae1df","d__Bacteria","Firmicutes","Bacilli","Bacillales","Bacillaceae",NA,NA
"c5748e69acc0122f87a661ccc5ad7be5","d__Bacteria","Firmicutes","Bacilli","Lactobacillales","Carnobacteriaceae","Trichococcus",NA
"4ccd65294b8fa11a5152697e944dcaa7","d__Bacteria","Firmicutes","Bacilli","Erysipelotrichales","Erysipelotrichaceae","Turicibacter",NA
"fef3227c77a1fc3813c59c804cc8a90f","d__Bacteria","Firmicutes","Clostridia","Lachnospirales","Lachnospiraceae",NA,NA
"7c7598a1b2d2b2922693567a94c10862","d__Bacteria","Chloroflexi","Anaerolineae","Anaerolineales","Anaerolineaceae","Anaerolineaceae_UCG-001",NA
"d734f5bf8c805dee0e9020536090573c","d__Bacteria","Deinococcota","Deinococci","Deinococcales","Trueperaceae","Truepera",NA
"e5384bd349e4ffc08338c83e65cb68a3","d__Bacteria","Actinobacteriota","Actinobacteria","Actinomycetales","Actinomycetaceae","Actinomyces",NA
"2fe6604ffe8c4ab9f516f54b7a915c23","d__Bacteria","Proteobacteria","Gammaproteobacteria","Xanthomonadales","Xanthomonadaceae","Stenotrophomonas",NA
"686ea78506832715293b1cfb4e8ebdfb","d__Bacteria","Actinobacteriota","Actinobacteria","Corynebacteriales","Corynebacteriaceae",NA,NA
"9488c0a4c1269228accb09571786f189","d__Bacteria","Actinobacteriota","Actinobacteria","Micrococcales","Dermabacteraceae",NA,NA
"082172a0afaf7b17083e826f176e7232","d__Bacteria","Proteobacteria","Gammaproteobacteria","Burkholderiales","TRA3-20","TRA3-20",NA
"99cb648d6f79bb7dd174d2b0880eb75e","d__Eukaryota","Vertebrata","Actinopterygii","Teleostei","Teleostei","Teleostei",NA
"dcb16dce1a9da7c40f42e3f5276c3e7d","d__Bacteria","Firmicutes","Clostridia","Peptostreptococcales-Tissierellales","Family_XI","Anaerococcus",NA
"35424b882694ac8f886597239f9822f6","d__Bacteria","Firmicutes","Bacilli","Bacillales","Bacillaceae","Bacillus",NA
"831f0bcbf138c84506246d6eade81060","d__Bacteria","Myxococcota","Polyangia","Polyangiales","Polyangiaceae","Minicystis",NA
"4cb9160ad4a11ee6f0fb3c9545725cd0","d__Bacteria","Proteobacteria","Alphaproteobacteria","Rhizobiales","Hyphomicrobiaceae",NA,NA
"ead5e25079b61a7a363c984074caab71","d__Bacteria","Actinobacteriota","Actinobacteria","Streptosporangiales","Thermomonosporaceae","Actinoallomurus",NA
"d2f68d7cec4d8b9ea842cbedefe3d9ee","d__Bacteria","Actinobacteriota","Thermoleophilia","Solirubrobacterales","67-14","67-14",NA
"39ea44e92810883a792b2e8242c44618","d__Bacteria","Firmicutes","Bacilli","Bacillales","Bacillaceae","Bacillus",NA
"5b8f37c81d04210bf1b566728ed43f71","d__Bacteria","Firmicutes","Clostridia","Peptostreptococcales-Tissierellales","Family_XI","Anaerococcus",NA
"3d275e0be20922631bce79abd5791715","d__Bacteria","Patescibacteria","Saccharimonadia","Saccharimonadales","Saccharimonadaceae","TM7a",NA
"3e950c3e64ea779360d68c80e3d3a7f8","d__Bacteria","Firmicutes","Clostridia","Lachnospirales","Lachnospiraceae","Dorea",NA
"f49352d52029668508da33cb8259d566","d__Bacteria","Actinobacteriota","Acidimicrobiia","Microtrichales","Ilumatobacteraceae","Ilumatobacter",NA
"f04777d1bfc9439ba09c8894b36bf984","d__Bacteria","Firmicutes","Bacilli","Staphylococcales","Gemellaceae","Gemella",NA
"41ca19b80a016bc275b1194887f4d8f0","d__Bacteria","Acidobacteriota","d142","d142","d142","d142",NA
"9648aaa78093d1733f370716255f1f3a","d__Bacteria","Patescibacteria","Saccharimonadia","Saccharimonadales","Saccharimonadaceae",NA,NA
"52ebb3c71b1bd9e1e356e139edd406b1","d__Bacteria","Proteobacteria","Alphaproteobacteria","Acetobacterales","Acetobacteraceae","Craurococcus-Caldovatus",NA
"bc90d6de890a77c933db891231f3b954","d__Bacteria","Cyanobacteria","Cyanobacteriia","Chloroplast","Chloroplast","Chloroplast",NA
"74aeb75de275f6b989bf957664144df0","d__Bacteria","Proteobacteria",NA,NA,NA,NA,NA
"4e25302b60d46bdd63d9c1119b8f3525","d__Bacteria","Actinobacteriota","Actinobacteria","Pseudonocardiales","Pseudonocardiaceae","Actinomycetospora",NA
"7d4b9ac5a97d32c98df4fdae188fe954","d__Bacteria","Planctomycetota","Planctomycetes","Isosphaerales","Isosphaeraceae",NA,NA
"55d4bf92abd6adf69c9e719b3d52422e","d__Bacteria","Planctomycetota","Planctomycetes","Isosphaerales","Isosphaeraceae","Tundrisphaera",NA
"c1d24c047d81b5165334e9dbca9259b0","d__Bacteria",NA,NA,NA,NA,NA,NA
"47c6880fe1d373e48a287bdd9b82947d","d__Bacteria","Campylobacterota","Campylobacteria","Campylobacterales","Helicobacteraceae","uncultured",NA
"9a2ad0bbcecf4eac78a24f2d4bb758c1","d__Bacteria","Bacteroidota","Bacteroidia","Bacteroidales","Prevotellaceae","Prevotella_9",NA
"4153d58313498abc1109926074d24834","d__Bacteria","Firmicutes","Clostridia","Peptostreptococcales-Tissierellales","Family_XI","W5053",NA
"8d492aff523d37590362531a22c089a9","d__Bacteria","Firmicutes","Bacilli","Erysipelotrichales","Erysipelotrichaceae","Catenisphaera",NA
"03009b27a4f4137dcb3fedf10eea0cda","d__Bacteria","Proteobacteria","Gammaproteobacteria","Enterobacterales",NA,NA,NA
"b0634107ba8b1bf463745e184569dbce","d__Bacteria","Firmicutes","Bacilli","Lactobacillales","Lactobacillaceae","Limosilactobacillus",NA
"3b0116c04aaff8eb2e7998302a6a4d76","d__Bacteria","Firmicutes","Bacilli","Erysipelotrichales","Erysipelotrichaceae","uncultured",NA
"9d4186d6398fd4cce04efa2bbe4b67c6","d__Bacteria","Proteobacteria","Gammaproteobacteria","Burkholderiales","Neisseriaceae",NA,NA
"20711b0c0cf88f8f7d5e8f5f3aebab27","d__Bacteria","Actinobacteriota","Actinobacteria","Micromonosporales","Micromonosporaceae","Stackebrandtia",NA
"3c1893c1df6f3c907c4ec7adaf473239","d__Bacteria","Bacteroidota","Bacteroidia","Bacteroidales","Bacteroidaceae","Bacteroides",NA
"916e098cde6b34326474543d517df1da","d__Bacteria","Firmicutes","Clostridia","Peptostreptococcales-Tissierellales","Family_XI","Finegoldia",NA
"f640ab39757b8651fdd584ecbe6f51d9","d__Bacteria","Firmicutes","Bacilli","Lactobacillales","Streptococcaceae","Streptococcus",NA
"8672162345c30b087e0422dd58af6347","d__Bacteria","Proteobacteria","Gammaproteobacteria","Pseudomonadales","Pseudomonadaceae","Pseudomonas",NA
"f12eef595a30775c633a778219f735e4","d__Bacteria","Desulfobacterota","Desulfobacteria","Desulfobacterales","Desulfosarcinaceae",NA,NA
"3cd0d4f6956df6e09d5318aef66f4e17","d__Bacteria","Proteobacteria","Gammaproteobacteria","Diplorickettsiales","Diplorickettsiaceae","uncultured",NA
"1ad495dbe279e3d7545cba09732b835c","d__Bacteria","Fusobacteriota","Fusobacteriia","Fusobacteriales","Fusobacteriaceae","Cetobacterium",NA
"cdb0fb9dd2bd5d036a7e44c2fae63014","d__Bacteria","Firmicutes","Clostridia","Oscillospirales","Hungateiclostridiaceae",NA,NA
"5f98a26e748e5d7ab426f67e479705a3","d__Bacteria","Actinobacteriota","Actinobacteria","Actinomycetales","Actinomycetaceae","F0332",NA
"358ff7ce31b1fce1bdcf600a2ccb8f3b","d__Bacteria","Actinobacteriota","Actinobacteria","Bifidobacteriales","Bifidobacteriaceae","Gardnerella",NA
"001938cbe7d5e7affabac8dfdb6f530f","d__Bacteria","Bacteroidota","Bacteroidia","Sphingobacteriales","Sphingobacteriaceae","Sphingobacterium",NA
"4e0118114636f365f2c1583b9bee6875","d__Bacteria","Actinobacteriota","Actinobacteria","Micrococcales","Dermatophilaceae","Mobilicoccus",NA
"98ad7b50e5d2d8a812e8daf966e6d0e8","d__Bacteria","Actinobacteriota","Actinobacteria","Micrococcales","Micrococcaceae",NA,NA
"cbb5ac1f1bd093ac0b23e71901f11930","d__Bacteria","Proteobacteria","Alphaproteobacteria","Rhizobiales","Rhizobiaceae","Aureimonas",NA
"8972668c47908621baf7561cba0c7fd5","d__Bacteria","Proteobacteria","Gammaproteobacteria","Pseudomonadales","Nitrincolaceae","Neptunomonas",NA
"ce89440fdb961e7ab3cf4931c28cc4df","d__Bacteria","Bacteroidota","Bacteroidia","Bacteroidales","Rikenellaceae","Alistipes",NA
"45def3a960714f51a43469dff7cdfa45","d__Bacteria","Verrucomicrobiota","Verrucomicrobiae","Verrucomicrobiales","Akkermansiaceae","Akkermansia",NA
"e8c0682784f9db9d7ec3971edd458134","d__Bacteria","Firmicutes","Bacilli","Staphylococcales","Staphylococcaceae","Staphylococcus",NA
"08d32c3d192cd222b0ad69dbd96b8998","d__Bacteria",NA,NA,NA,NA,NA,NA
"1dd123c4bdde60e49f9811492e083df8","d__Bacteria","Chloroflexi","Chloroflexia","Thermomicrobiales","JG30-KF-CM45","JG30-KF-CM45",NA
"c176de8a52f5c7f1b74d62d81d531759","d__Bacteria","Patescibacteria","Saccharimonadia","Saccharimonadales","Saccharimonadaceae","TM7a",NA
"b43c53bac28b3d06d1e9b24318eb3752","d__Bacteria","Planctomycetota",NA,NA,NA,NA,NA
"75338d9e5bfd508e08735b3d9decb5be","d__Bacteria","Firmicutes","Bacilli","Thermoactinomycetales","Thermoactinomycetaceae",NA,NA
"584825fa56b8a744960c0cc95ee1caa6","d__Bacteria","Bacteroidota","Bacteroidia","Bacteroidales","Prevotellaceae",NA,NA
"e286d678ebf9b0c73ad62e7656cd2fa9","d__Bacteria","Proteobacteria","Gammaproteobacteria","Pseudomonadales","Halomonadaceae","Halomonas",NA
"7b7734dbe6d8f10a3f82d716a1b38409","d__Bacteria","Firmicutes","Bacilli","Lactobacillales","Listeriaceae","Listeria",NA
"8ee684abe92a9b8ae9ede918767fbb87","d__Bacteria","Actinobacteriota","Actinobacteria","Actinomycetales","Actinomycetaceae","Actinomyces",NA
"4409670c1cc7ed4ffcf3d5ccd4cf08cc","d__Bacteria","Proteobacteria","Alphaproteobacteria","Acetobacterales","Acetobacteraceae","Roseomonas",NA
"889b69ea00258e99095bde5a4ca5b0f9","d__Bacteria","Proteobacteria","Gammaproteobacteria","Diplorickettsiales","Diplorickettsiaceae","Aquicella",NA
"3ba42c5e53bb3f5967ace4c3789c00b9","d__Bacteria","Firmicutes","Clostridia","Lachnospirales","Lachnospiraceae",NA,NA
"52c639403124cf939caa4a66386908bc","d__Bacteria","Firmicutes","Bacilli","Staphylococcales","Staphylococcaceae","Nosocomiicoccus",NA
"401c2293ca49a82ddcd063c5504bae7c","d__Bacteria","Actinobacteriota","Actinobacteria",NA,NA,NA,NA
"b51f65ecc3e9284609ab7038b2c8b07e","d__Bacteria","Actinobacteriota","Actinobacteria","Bifidobacteriales","Bifidobacteriaceae",NA,NA
"5e8cd337d15a62602184cfc6c4fa66e1","d__Bacteria","Proteobacteria","Alphaproteobacteria","Sphingomonadales","Sphingomonadaceae","Plot4-2H12",NA
"8c0b6451017bf6b683abe0c910e4ffcc","d__Bacteria","Proteobacteria","Alphaproteobacteria","Rhizobiales","Xanthobacteraceae","Rhodopseudomonas",NA
"1099ffb41464b5f529f2ebcf4f4ae34c","d__Bacteria","Proteobacteria","Gammaproteobacteria","Burkholderiales","Comamonadaceae",NA,NA
"5220c7ca03f7414ed88ffa8ae28a840a","d__Bacteria","Proteobacteria","Alphaproteobacteria","Rhizobiales","Rhizobiales_Incertae_Sedis","Alsobacter",NA
"cf08bf5df288f76d909b6c901e6f1f6a","d__Bacteria","Firmicutes","Clostridia","Clostridia_UCG-014","Clostridia_UCG-014","Clostridia_UCG-014",NA
"b5a069c05fe7676daa69c37368153d73","d__Bacteria","Proteobacteria","Alphaproteobacteria",NA,NA,NA,NA
"2460d65e289401a631f29c1b6142052d","d__Bacteria","Actinobacteriota","Actinobacteria","Micrococcales","Micrococcaceae",NA,NA
"555ed59faa0359579ff0f2c9ab469e2c","d__Bacteria","Patescibacteria","Saccharimonadia","Saccharimonadales","Saccharimonadaceae","Candidatus_Saccharimonas",NA
"091878dc2283e9c5ce5e8bb8342b6962","d__Bacteria","Firmicutes","Clostridia","Lachnospirales","Lachnospiraceae","Anaerostipes",NA
"3243b0886d5ccefdd9010d891dda85ef","d__Bacteria","Actinobacteriota","Actinobacteria","Bifidobacteriales","Bifidobacteriaceae","Bifidobacterium",NA
"50857064ee11936ad0a3143f701c12fd","d__Bacteria","Proteobacteria","Gammaproteobacteria",NA,NA,NA,NA
"5d832b1a7191988b40e95a2a06ed0789","d__Bacteria","Actinobacteriota","Actinobacteria","Micrococcales","Microbacteriaceae",NA,NA
"92da1925e313b0fd091bafed69ae2ff4","d__Bacteria","Gemmatimonadota","Gemmatimonadetes","Gemmatimonadales","Gemmatimonadaceae","uncultured",NA
"317d594ed55efb567fc65042ab1ce769","d__Bacteria","Proteobacteria","Alphaproteobacteria","SAR11_clade",NA,NA,NA
"d73b04e10dead858dd90a446d03ccce2","Unassigned",NA,NA,NA,NA,NA,NA
"ca90d07cb36ba3414baa580b172d7840","d__Bacteria","Actinobacteriota","Actinobacteria","Frankiales","uncultured","uncultured",NA
"3e6580050e5da2fd4c64e6a7b06f1d3d","d__Bacteria","Patescibacteria","Saccharimonadia","Saccharimonadales","Saccharimonadaceae","TM7a",NA
"0399e7263bd5c8c5f92de71175da5cde","d__Bacteria","Firmicutes","Bacilli","Lactobacillales","Lactobacillaceae","Lactobacillus",NA
"d54cda8beb1373f3115645b588bc4c42","d__Bacteria","Actinobacteriota","Actinobacteria","Corynebacteriales","Corynebacteriaceae","Corynebacterium",NA
"1709fb40f513c8b138158d6331bd9e71","d__Bacteria","Nitrospirota","Nitrospiria","Nitrospirales","Nitrospiraceae","Nitrospira",NA
"e7afa689b93125131d323587173f325b","d__Bacteria","Proteobacteria","Gammaproteobacteria","Burkholderiales","Comamonadaceae","Delftia",NA
"c9f72495beb8562a6cf8c51e0b2ee274","d__Bacteria","Bacteroidota","Bacteroidia","Bacteroidales","Prevotellaceae","Prevotella_9",NA
"71c21f7a3f7741779634cf7880323f31","d__Bacteria","Proteobacteria","Gammaproteobacteria","Enterobacterales",NA,NA,NA
"c0ba75cb29439516f88b7932176a7481","d__Bacteria","Firmicutes","Bacilli","Staphylococcales","Staphylococcaceae","Staphylococcus",NA
"dc38da375f12eace701589471e6fe995","d__Bacteria","Proteobacteria","Gammaproteobacteria","Pseudomonadales","Pseudomonadaceae","Pseudomonas",NA
"686f99de991a14d26a20c3c15fb53c88","d__Bacteria","Bacteroidota","Bacteroidia","Sphingobacteriales","Sphingobacteriaceae","Sphingobacterium",NA
"78f5001651db427dcac1667784be07d4","d__Bacteria","Firmicutes","Bacilli","Staphylococcales","Staphylococcaceae","Staphylococcus",NA
"48547e231be6e972cc6ae54a946bda04","d__Bacteria","Deinococcota","Deinococci","Deinococcales","Deinococcaceae","Deinococcus",NA
"2153cb2df1e93f8f5d9d5822d123b774","d__Bacteria","Actinobacteriota","Actinobacteria","Micrococcales","Brevibacteriaceae","Brevibacterium",NA
"c4fe4035957f2fdece23dc629ec34e18","d__Bacteria","Bacteroidota","Bacteroidia","Chitinophagales","Saprospiraceae",NA,NA
"51ff187f3edbb770a0f8e1cb78657c27","d__Bacteria","Actinobacteriota","Thermoleophilia","Solirubrobacterales","Solirubrobacteraceae","Solirubrobacter",NA
"1b08a57c6a5b9dc9d784a851edfb4215","d__Bacteria","Proteobacteria","Alphaproteobacteria","Rhizobiales","Beijerinckiaceae","1174-901-12",NA
"5cba6b9e413c853dabaa6688cdc44d05","d__Bacteria","Proteobacteria","Alphaproteobacteria","Sphingomonadales","Sphingomonadaceae","Sphingomonas",NA
"cdaacdf5406e8f7af4e3c771b6bb8472","d__Bacteria","Actinobacteriota","Actinobacteria","Actinomycetales","Actinomycetaceae","Varibaculum",NA
"8f43e1db2524394b1c16de48b6b224f3","d__Bacteria","Actinobacteriota","Actinobacteria","Frankiales","Geodermatophilaceae","Geodermatophilus",NA
"bf09c0ab6d0a401ca4130d4e411e2e6c","d__Bacteria","Proteobacteria","Gammaproteobacteria","Xanthomonadales","Xanthomonadaceae","Pseudoxanthomonas",NA
"562fdf78f9c2e258777891d67b3d9102","d__Bacteria","Chloroflexi","JG30-KF-CM66","JG30-KF-CM66","JG30-KF-CM66","JG30-KF-CM66",NA
"6697da67cfdb9a4c594715d00905036e","d__Bacteria","Firmicutes","Bacilli","Paenibacillales","Paenibacillaceae","Paenibacillus",NA
"4f6c31b9de7341a62453d3b10ca6b492","d__Bacteria","Bacteroidota","Bacteroidia","Flavobacteriales","Flavobacteriaceae","Spongiibacterium",NA
"d8bb92e3db30d1860bf2a9b8ffa8e168","d__Bacteria","Proteobacteria","Gammaproteobacteria",NA,NA,NA,NA
"a09937859645ed4afca2e9cc6bad5bed","d__Bacteria","Proteobacteria","Alphaproteobacteria","Sphingomonadales","Sphingomonadaceae","Sphingomonas",NA
"2b773ae30f560c739e509544c1a64fd4","d__Bacteria","Actinobacteriota","Actinobacteria","Actinomycetales","Actinomycetaceae",NA,NA
"2d5364ddb10cd516ac2eef6c8020c331","d__Bacteria","Bacteroidota","Bacteroidia","Chitinophagales","Chitinophagaceae","UTBCD1",NA
"c00a6da654b0fa5898f23186398c1e95","d__Bacteria","Proteobacteria","Gammaproteobacteria","Burkholderiales","Oxalobacteraceae","Massilia",NA
"6865ef6df0f695b2edf031381ba7acc6","d__Bacteria","Proteobacteria","Gammaproteobacteria","Pseudomonadales","Pseudomonadaceae","Pseudomonas",NA
"3182bf6ceb786aa98ecc8277c7b90048","d__Bacteria","Proteobacteria","Gammaproteobacteria","Pseudomonadales",NA,NA,NA
"de9942cd3f7e6e07d742379256868e51","d__Bacteria","Proteobacteria","Alphaproteobacteria","Holosporales","Holosporaceae","Candidatus_Bealeia",NA
"392ed18d4cc9f0e48cd0801534e1e9d5","d__Bacteria","Proteobacteria","Alphaproteobacteria","Sphingomonadales","Sphingomonadaceae",NA,NA
"bccd92730babb94a08fcd9ca611030fd","d__Bacteria","Firmicutes","Negativicutes","Veillonellales-Selenomonadales","Veillonellaceae","Veillonella",NA
"88f6c4ad16055035d584bf891e4930f3","d__Bacteria",NA,NA,NA,NA,NA,NA
"f24344bf8ead8c8c828c713da47c8ca8","d__Bacteria","Proteobacteria","Alphaproteobacteria","Rhizobiales","Hyphomicrobiaceae","Hyphomicrobium",NA
"d6b16a8758ca6640ddf85b1f715bb231","d__Bacteria","Proteobacteria","Gammaproteobacteria","Burkholderiales","Comamonadaceae",NA,NA
"0e2fa3fa1298f40f1904b842bae20f88","d__Bacteria","Proteobacteria","Alphaproteobacteria","Rhizobiales","Labraceae","Labrys",NA
"11d6373ffc06d9d99896af341d83b3d7","d__Bacteria","Firmicutes","Clostridia","Lachnospirales","Lachnospiraceae",NA,NA
"bd0ca8a569cb3b827f0385410fde8297","d__Bacteria","Chloroflexi","Chloroflexia","Thermomicrobiales","JG30-KF-CM45","JG30-KF-CM45",NA
"b659e1f293bfceddfee0b5c459e188d3","d__Bacteria","Firmicutes","Bacilli","Bacillales","Bacillaceae","Bacillus",NA
"9ff448f5324248438ffe084a6b12b4f9","d__Bacteria","Actinobacteriota","Acidimicrobiia","Microtrichales","Ilumatobacteraceae","Ilumatobacter",NA
"37ad9afbb030980328e9ce7a384afdb0","d__Bacteria","Actinobacteriota","Coriobacteriia","Coriobacteriales","Atopobiaceae","Atopobium",NA
"85a70177b1ea4614e995570284e8fcac","d__Bacteria","Firmicutes","Bacilli","Staphylococcales","Staphylococcaceae","Auricoccus-Abyssicoccus",NA
"4a1cea5393f9ccf1f766ef407aa76841","d__Bacteria","Proteobacteria","Alphaproteobacteria","Rhizobiales","Rhizobiaceae","Aliihoeflea",NA
"f5833f42efda9c1843424a4079aad497","d__Bacteria","Firmicutes","Bacilli","Bacillales","Bacillaceae",NA,NA
"7348b2bfc0de557bb79e3406ebe2ad43","d__Bacteria","Proteobacteria","Alphaproteobacteria","Rhizobiales","Rhizobiaceae","Allorhizobium-Neorhizobium-Pararhizobium-Rhizobium",NA
"4f1378a05215d21f06e4d96a96099f39","d__Bacteria","Margulisbacteria","Margulisbacteria","Margulisbacteria","Margulisbacteria","Margulisbacteria",NA
"2e37e1e44f5f0b61c1c0c2e968ee415f","d__Bacteria","Proteobacteria","Alphaproteobacteria","Rhodobacterales","Rhodobacteraceae","Paracoccus",NA
"7cbd41bd3c72cf82eefa231b710165a5","d__Bacteria","Bacteroidota","Bacteroidia","Bacteroidales","Prevotellaceae","Prevotella_7",NA
"85f582f66f7a0ecf320246991f354da5","d__Bacteria","Bdellovibrionota","Oligoflexia","Oligoflexales","Oligoflexaceae","uncultured",NA
"7b575208cdbb3742ee588d9daea39398","d__Bacteria","Actinobacteriota","Actinobacteria","Propionibacteriales","Nocardioidaceae","Nocardioides",NA
"11e62e58cd4d7d45db14e9d5f3849757","d__Bacteria","Proteobacteria","Alphaproteobacteria","Rhizobiales","Xanthobacteraceae",NA,NA
"c9af978987fa2e3c9e60adfecd56d6d2","d__Bacteria","Proteobacteria","Alphaproteobacteria","Sphingomonadales","Sphingomonadaceae",NA,NA
"ac337c91e33f60665c6d80b2b0f649fd","d__Bacteria","Firmicutes","Bacilli","Staphylococcales","Staphylococcaceae","Staphylococcus",NA
"f944e4b5e3a9edc2d0cea72763e5589e","d__Bacteria","Proteobacteria","Alphaproteobacteria","Rhizobiales","Rhizobiaceae",NA,NA
"b834896c01cddc80e0df8d4c0b2bcd55","d__Bacteria","Firmicutes","Clostridia","Peptostreptococcales-Tissierellales","Family_XI","Peptoniphilus",NA
"25b2b418d554126bf990d88edf3d5974","d__Bacteria","Proteobacteria","Alphaproteobacteria","Rhodobacterales","Rhodobacteraceae",NA,NA
"2ff88878d3c20dfb8ec2a89a82814c99","d__Bacteria","Fusobacteriota","Fusobacteriia","Fusobacteriales","Leptotrichiaceae","Leptotrichia",NA
"7451e195ee2abf76d98bf588231d12b6","d__Bacteria","Actinobacteriota","Acidimicrobiia","Microtrichales","Ilumatobacteraceae","Ilumatobacter",NA
"a9d8fe73953b17674784c7d256d31709","d__Bacteria","Actinobacteriota","Acidimicrobiia","Microtrichales","Ilumatobacteraceae","Ilumatobacter",NA
"4025f639f789727e5c4cf2dd14c94772","d__Bacteria","Firmicutes","Bacilli","Lactobacillales","Carnobacteriaceae","Alloiococcus",NA
"004daef893e2df5249f2c292c0218f7b","d__Bacteria",NA,NA,NA,NA,NA,NA
"8a7ce0bbed1f689f4df402e7fd16ae4e","d__Bacteria","Actinobacteriota","Actinobacteria","Micrococcales","Brevibacteriaceae","Brevibacterium",NA
"7b3a6bc1685b5f88d7d56f268b2015dc","d__Bacteria","Acidobacteriota","Acidobacteriae","Acidobacteriales","uncultured","uncultured",NA
"dca4f79b49be4d19c21db00694245d50","d__Bacteria","Actinobacteriota","Actinobacteria","Pseudonocardiales","Pseudonocardiaceae","Actinomycetospora",NA
"3fdbe07d8e8763b170f118aae8bc233c","d__Bacteria","Firmicutes","Clostridia","Lachnospirales","Lachnospiraceae","Lachnospira",NA
"bcf0d29af67087538faa61ec7fc99e37","d__Bacteria","Chloroflexi","Anaerolineae","Ardenticatenales","uncultured","uncultured",NA
"997a2a672028fde2d2e4a7f1de043682","d__Bacteria","Bacteroidota","Bacteroidia","Bacteroidales","Porphyromonadaceae","Porphyromonas",NA
"29d6481f52615998e07cd866a0bc85a4","d__Bacteria","Firmicutes","Clostridia","Peptostreptococcales-Tissierellales","Family_XI","Peptoniphilus",NA
"77f6bbf0c50ad90f7c1cf38cae2a3ee9","d__Bacteria","Verrucomicrobiota","Kiritimatiellae","WCHB1-41","WCHB1-41","WCHB1-41",NA
"a66738fffd59d7380c39e8962b12d307","d__Bacteria","Chloroflexi","Chloroflexia","Thermomicrobiales","JG30-KF-CM45","JG30-KF-CM45",NA
"7877ed437150ae3c713c5dd2a03a7e54","d__Bacteria","Actinobacteriota","Actinobacteria","Euzebyales","Euzebyaceae","uncultured",NA
"8d87fdc47dff72e6158341ad3a6072d1","d__Bacteria","Proteobacteria","Gammaproteobacteria","Diplorickettsiales","Diplorickettsiaceae","Aquicella",NA
"90275caaad6a42959850acd1a4ad09f9","d__Bacteria","Chloroflexi","Chloroflexia","Thermomicrobiales","JG30-KF-CM45","JG30-KF-CM45",NA
"942e79e0199fe3a6fa445eacf3bf4709","d__Bacteria","Firmicutes","Bacilli","Bacillales","Bacillaceae","Anaerobacillus",NA
"ec7428612172c36a1d482645c3e35a07","d__Bacteria","Bacteroidota","Bacteroidia","Sphingobacteriales","Sphingobacteriaceae","Sphingobacterium",NA
"33616ce71c33835b436694cb45f2d486","d__Bacteria","Actinobacteriota","Actinobacteria","Propionibacteriales","Propionibacteriaceae",NA,NA
"0b4c06ecf47bd5f4c8d55512d48f1913","d__Bacteria","Cyanobacteria","Cyanobacteriia","Chloroplast","Chloroplast","Chloroplast",NA
"f863fba9e748f69fca9006aeb640d27f","d__Bacteria","Proteobacteria","Alphaproteobacteria",NA,NA,NA,NA
"f6818061d1d7a48c8028c9f5afb60c6b","d__Bacteria","Proteobacteria","Gammaproteobacteria","Thiotrichales","Thiotrichaceae","uncultured",NA
"e1492d6804b3ee067c1c2a1764f64425","Unassigned",NA,NA,NA,NA,NA,NA
"2de7b67893481ee5c09301dfa58f178a","d__Bacteria","Actinobacteriota","Actinobacteria","Actinomycetales","Actinomycetaceae","Actinomyces",NA
"e51cddf682a9fbdb31cd42a65f1c5a47","d__Bacteria","Actinobacteriota","Actinobacteria","Actinomycetales","Actinomycetaceae","Actinomyces",NA
"9e41c96482fe1b5f4aaaee6e8b1bc8fe","d__Bacteria","Cyanobacteria","Cyanobacteriia","Cyanobacteriales","Nostocaceae",NA,NA
"b856674a8f82efaaeb56d0acc4bf9956","d__Bacteria","Actinobacteriota","Actinobacteria","Streptosporangiales","Streptosporangiaceae","Thermopolyspora",NA
"3101c6b23bf06a8e9676f4e9c26610c1","d__Bacteria","Planctomycetota","Planctomycetes","Isosphaerales","Isosphaeraceae","uncultured",NA
"70697448626ca0a9f8d9aa965ea8eb87","d__Bacteria","Firmicutes","Clostridia","Peptostreptococcales-Tissierellales","Family_XI","Anaerococcus",NA
"7e016e51ba3e0972472f11144774e37b","Unassigned",NA,NA,NA,NA,NA,NA
"766c637a3c2ffb8ddbe734006fff76f9","d__Bacteria","Spirochaetota","Spirochaetia","Spirochaetales","Spirochaetaceae","Spirochaeta",NA
"68362558c73a6060411102af1e8523a9","d__Bacteria","Firmicutes","Bacilli","Bacillales","Bacillaceae",NA,NA
"38a86135b1bdc26e27ec1989b02e831e","d__Bacteria","Actinobacteriota","Actinobacteria","Micrococcales","Micrococcaceae",NA,NA
"5b18c9cbbbfbcafabc2a7fed9f4a5b60","d__Bacteria","Chloroflexi","KD4-96","KD4-96","KD4-96","KD4-96",NA
"b4dac572c3f6764045e8d99872aaf78f","d__Bacteria","Proteobacteria","Alphaproteobacteria","Rhizobiales","Xanthobacteraceae",NA,NA
"0ad860aecd02abd669b8b55fecc86bf7","d__Bacteria","WPS-2","WPS-2","WPS-2","WPS-2","WPS-2",NA
"ac6796c5606590f14ad6b094f9d2e813","d__Bacteria","Actinobacteriota","Actinobacteria","Actinomycetales","Actinomycetaceae","Actinomyces",NA
"fa9d4e9ddffaf17db5eadea0173f16b0","d__Bacteria","Firmicutes","Bacilli","Alicyclobacillales","Alicyclobacillaceae","Tumebacillus",NA
"e4f2f0d9e624b1ce6696a37a987fb92b","d__Bacteria","Proteobacteria","Alphaproteobacteria","Acetobacterales","Acetobacteraceae","Roseomonas",NA
"f5eb42041eb9ee40cf43b2a6809ca4dc","d__Bacteria","Proteobacteria","Alphaproteobacteria","Azospirillales","Azospirillaceae","Skermanella",NA
"ecf4dfee1f3d423fdb468242d8994a3c","Unassigned",NA,NA,NA,NA,NA,NA
"ac1b8e61bb1b37537060b0c4017746c7","d__Bacteria","Actinobacteriota","Actinobacteria","Corynebacteriales","Corynebacteriaceae","Corynebacterium",NA
"f9fc823420c88be8d45bcb2de4e5805e","d__Bacteria","Myxococcota","Myxococcia","Myxococcales","Myxococcaceae","Corallococcus",NA
"53f7a749b15fa6c80f94eaa986593e29","d__Bacteria","Bacteroidota","Bacteroidia","Bacteroidales","Prevotellaceae",NA,NA
"b18cfbbef26bb899451e1a78fbf0a24f","d__Bacteria","Proteobacteria","Gammaproteobacteria","Burkholderiales","Comamonadaceae",NA,NA
"3fa4a53c9d89512ce0c9e1912eb5f555","d__Bacteria","Proteobacteria","Alphaproteobacteria","Rhizobiales",NA,NA,NA
"c794215e127e37459ee7e1cdcda76309","d__Bacteria","Bacteroidota","Bacteroidia","Bacteroidales","Bacteroidetes_BD2-2","Bacteroidetes_BD2-2",NA
"ee302330a6bfa9a9fc3d948aee1d316f","d__Bacteria","Proteobacteria","Gammaproteobacteria","Enterobacterales",NA,NA,NA
"113d8b7db995f1c48ab0630f66a8858f","d__Bacteria","Firmicutes","Bacilli","Staphylococcales","Staphylococcaceae","Staphylococcus",NA
"1dd52f99eec53d09aba10e20836ab54e","d__Bacteria","Bacteroidota","Bacteroidia","Bacteroidales","Dysgonomonadaceae","Proteiniphilum",NA
"489165e021c9669b0bffc500d92c4464","d__Bacteria","Proteobacteria","Alphaproteobacteria","Acetobacterales","Acetobacteraceae",NA,NA
"4efa48b6966e7cfd876abff77556e32d","d__Bacteria","Proteobacteria","Alphaproteobacteria","Sphingomonadales","Sphingomonadaceae","Altererythrobacter",NA
"f4ae7fd0c8382bd78df2a87636b2ba2c","d__Bacteria","Cyanobacteria","Cyanobacteriia","Synechococcales","Cyanobiaceae","[Synechococcus]_spongiarum_group",NA
"a42a1f6e3beb7c855379e79d9a859ff5","d__Bacteria","Proteobacteria","Alphaproteobacteria","Rhodobacterales","Rhodobacteraceae",NA,NA
"2cfabdc708ad87b270239074b26a97c1","d__Bacteria","Proteobacteria","Gammaproteobacteria","Pseudomonadales","Pseudomonadaceae","Pseudomonas",NA
"30fd9d850d7c6092a1b333d5f96e9aed","d__Bacteria","Actinobacteriota","Acidimicrobiia","Microtrichales","Ilumatobacteraceae","uncultured",NA
"e72bd73998cecb3bb83104056f354b5c","d__Bacteria","Proteobacteria","Alphaproteobacteria","Micavibrionales",NA,NA,NA
"6419320a029dc41f49207369985f88a3","d__Bacteria","Firmicutes","Bacilli","Lactobacillales",NA,NA,NA
"c060e7afdd3b9abfc0dc0eda753b2a94","d__Bacteria","Actinobacteriota","Actinobacteria","Micrococcales","Dermacoccaceae","Kytococcus",NA
"a782dc108691eaa1d0787ed33eecd3eb","d__Bacteria","Firmicutes","Bacilli","Staphylococcales","Staphylococcaceae","Staphylococcus",NA
"ec161affc1b52de7c67fe676fcb871d7","d__Bacteria","Firmicutes","Clostridia","Peptostreptococcales-Tissierellales","Family_XI","W5053",NA
"f1042ed1d6feda094225c69fa520aadd","d__Bacteria","Proteobacteria","Alphaproteobacteria","Acetobacterales","Acetobacteraceae",NA,NA
"fef112b93a990340041da78e3b6096a1","d__Bacteria","Chloroflexi","Anaerolineae","Anaerolineales","Anaerolineaceae","uncultured",NA
"fef55578fc41d413c7d283b1074f9378","d__Bacteria","Proteobacteria","Gammaproteobacteria","Pseudomonadales","Moraxellaceae","Psychrobacter",NA
"af3477b206b66d0e2ea02db28596ce31","d__Bacteria","Firmicutes","Clostridia","Lachnospirales","Lachnospiraceae",NA,NA
"da2a88b91cabe007066f519f4d250873","d__Bacteria","Proteobacteria","Alphaproteobacteria","Rhodobacterales","Rhodobacteraceae",NA,NA
"795d7587a28ca698803806bdae74dec4","d__Bacteria","Actinobacteriota","Actinobacteria","Frankiales","Geodermatophilaceae",NA,NA
"c5308ab5f1833c36124b0b5ee2bfafcb","d__Bacteria","Deinococcota","Deinococci","Thermales","Thermaceae","Thermus",NA
"e71dbb050f13b8e2c07cc50a391c3413","d__Bacteria","Actinobacteriota","Actinobacteria","Streptomycetales","Streptomycetaceae","Streptomyces",NA
"343a359ff810f69a79819ffb04b381cd","d__Bacteria","Proteobacteria","Alphaproteobacteria","Sphingomonadales","Sphingomonadaceae",NA,NA
"76cf6424ed18fa8e86080793198d0c03","d__Bacteria","Verrucomicrobiota","Chlamydiae","Chlamydiales","Parachlamydiaceae",NA,NA
"1ae6cc8f46b8e08e674b98a915fe9ced","d__Bacteria","Actinobacteriota","Actinobacteria","Propionibacteriales","Propionibacteriaceae","Propioniferax",NA
"8c32675ef2f1138bdc2be43bd8d501a0","d__Bacteria","Proteobacteria","Alphaproteobacteria","Sphingomonadales","Sphingomonadaceae",NA,NA
"c2fadd5c34ea75624561d95385eb438f","d__Bacteria","Proteobacteria","Alphaproteobacteria","Rhizobiales","Rhizobiaceae",NA,NA
"fbe66b248245a4fcde10f223f9523a6a","d__Bacteria","Bacteroidota","Bacteroidia","Sphingobacteriales","Sphingobacteriaceae",NA,NA
"c05d05cf341f3a87f0ac22b316f24932","d__Bacteria","Actinobacteriota","Thermoleophilia","Solirubrobacterales","Solirubrobacteraceae",NA,NA
"ca0ad06adfc02fd8bad957b15a049f1a","d__Bacteria","Firmicutes","Clostridia","Oscillospirales","Ruminococcaceae","Faecalibacterium",NA
"0bf9ef8349653e9b53735b9cac794cae","d__Bacteria","Firmicutes","Bacilli","Bacillales","Bacillaceae",NA,NA
"70ffeb8bb46a6c1a54a6383b623c3014","d__Bacteria","Firmicutes","Clostridia","Lachnospirales","Lachnospiraceae",NA,NA
"743f7427f26f3b8618c4492ac33f6925","d__Bacteria","Firmicutes","Clostridia","Peptostreptococcales-Tissierellales","Peptostreptococcaceae","Peptostreptococcus",NA
"3e41f5dc7f50cace3a368a317086971f","d__Archaea","Crenarchaeota","Bathyarchaeia","Bathyarchaeia","Bathyarchaeia","Bathyarchaeia",NA
"02779d18eebe34ba4f3afd2e2ec7c3f5","d__Bacteria","Firmicutes","Bacilli","Bacillales","Bacillaceae","Ureibacillus",NA
"c159f22e6fe64865035331905efbbd9c","d__Bacteria","Actinobacteriota","Actinobacteria","Corynebacteriales","Corynebacteriaceae","Corynebacterium",NA
"1f0e3d3841978906a79da2d17ef64b97","d__Bacteria","Bacteroidota","Bacteroidia","Bacteroidales","Prevotellaceae","Prevotella",NA
"e4e56d1c83f43d91f04a934630a6cd72","d__Bacteria","Actinobacteriota","Actinobacteria","Bifidobacteriales","Bifidobacteriaceae","Gardnerella",NA
"13dd63ae43994cc8cf775c9bfb5cf6e3","d__Bacteria","Bacteroidota","Bacteroidia","Flavobacteriales","Flavobacteriaceae","NS5_marine_group",NA
"3fc13f966fdaa98ea1cf922ee15076d4","d__Bacteria","Deinococcota","Deinococci","Deinococcales","Deinococcaceae","Deinococcus",NA
"796b0a91e634cfb692dcd3e105880860","d__Bacteria","Actinobacteriota","Actinobacteria","Corynebacteriales","Mycobacteriaceae","Mycobacterium",NA
"71b2d0c41a2058b9fc6018ebf87232a4","d__Bacteria","Firmicutes","Clostridia","Clostridiales","Clostridiaceae","Clostridium_sensu_stricto_13",NA
"b598a8a96cd629b546726d2b7e71e5d2","d__Bacteria","Actinobacteriota","Actinobacteria","Kineosporiales","Kineosporiaceae",NA,NA
"585296166c3bfdc471ee87f9f07e42a4","d__Bacteria","Proteobacteria","Gammaproteobacteria","Burkholderiales","Neisseriaceae","Neisseria",NA
"009e5b1560db86d9bbcdc135efc72844","d__Bacteria","Firmicutes","Bacilli","Bacillales","Planococcaceae","Kurthia",NA
"a60dda55c2ba78154b89f6104a9e883e","d__Bacteria","Proteobacteria","Alphaproteobacteria","Rhizobiales","Beijerinckiaceae","Roseiarcus",NA
"fd48c45227452c30b267bf05f895cec4","d__Bacteria",NA,NA,NA,NA,NA,NA
"bc94764bfc3e8797c88c2550e38d5114","d__Bacteria","Proteobacteria","Gammaproteobacteria","Pseudomonadales","Moraxellaceae","Acinetobacter",NA
"a2bd26d18e61ac10354cf6c01058b6cc","d__Bacteria","WPS-2","WPS-2","WPS-2","WPS-2","WPS-2",NA
"bc57809856fa7833f3f6bd17810a2ed5","d__Bacteria","Actinobacteriota","Actinobacteria","Corynebacteriales","Dietziaceae","Dietzia",NA
"0476fae9750df2870bb3095a9d5306a3","d__Bacteria","Cyanobacteria","Cyanobacteriia","Cyanobacteriales","Chroococcidiopsaceae","Chroococcidiopsis_SAG_2023",NA
"bdabe4a4cd928f1951a8faf6576a1503","d__Bacteria","Proteobacteria","Gammaproteobacteria","Xanthomonadales","Xanthomonadaceae",NA,NA
"041f0e81308df00471ce8e5538e7b696","d__Bacteria","Firmicutes","Clostridia","Lachnospirales","Lachnospiraceae","[Eubacterium]_fissicatena_group",NA
"58b1bd32eedb958b0345864e7d8befe8","d__Bacteria","Firmicutes","Bacilli","Lactobacillales","Lactobacillaceae","Lentilactobacillus",NA
"7ffc3c55cb1be56f95910dd6238c4198","d__Bacteria","Actinobacteriota","Thermoleophilia","Solirubrobacterales","67-14","67-14",NA
"12fcbe3b09802bb07cd46f63bc84f0ec","d__Bacteria","Elusimicrobiota","Rs-M47","Rs-M47","Rs-M47","Rs-M47",NA
"e4f1dae9c3badfd2f75b3e3552da5db8","d__Bacteria","Firmicutes","Clostridia",NA,NA,NA,NA
"35f46cf17d3eaff54579dc99042ce60a","d__Bacteria","Firmicutes","Bacilli","Lactobacillales","Lactobacillaceae","Lactobacillus",NA
"0154e5488e47cfba68ff5e43a38a0029","d__Bacteria","Planctomycetota","OM190","OM190","OM190","OM190",NA
"5a425fd3a06637158871caa62bfa8691","d__Bacteria","Dependentiae","Babeliae","Babeliales",NA,NA,NA
"27c249e001adeaecfd2e9319bd442181","d__Bacteria","Desulfobacterota","Desulfobacteria","Desulfobacterales","Desulfosarcinaceae","SEEP-SRB1",NA
"1889aaae2441e5a8ebadd15f826dca98","d__Bacteria",NA,NA,NA,NA,NA,NA
"59a0bb4e6a06bfd681a94d33bf6e136f","d__Bacteria","Proteobacteria","Alphaproteobacteria","Rhizobiales","Hyphomicrobiaceae",NA,NA
"cbecdd93d87cd549d6737ce0631ae832","d__Bacteria","Firmicutes","Bacilli","Alicyclobacillales","Alicyclobacillaceae","Tumebacillus",NA
"d91808644613d73486b75a6a95fdb6d7","d__Bacteria","Proteobacteria","Alphaproteobacteria","Rhizobiales","Beijerinckiaceae","Methylobacterium-Methylorubrum",NA
"e381423db82dd7946fdadde1f52a472d","d__Bacteria","Patescibacteria","Saccharimonadia","Saccharimonadales","Saccharimonadaceae","TM7a",NA
"f60da911cba304dbd8902dd4b0d87063","d__Bacteria","Firmicutes","Clostridia","Clostridiales","Oxobacteraceae","Oxobacter",NA
"60e4319f9b9d6d545f15443759cdf143","d__Bacteria","Chloroflexi","Anaerolineae","SJA-15","SJA-15","SJA-15",NA
"014102ae5742ec90307bfc725a046ce6","d__Bacteria","Proteobacteria","Alphaproteobacteria","Rhizobiales","Xanthobacteraceae",NA,NA
"b78487235bfda105beb1910db7e83823","d__Bacteria","Actinobacteriota","Actinobacteria","Actinomycetales","Actinomycetaceae","Actinomyces",NA
"9491f07c335a1c82155f86932047ce2c","d__Bacteria","Firmicutes","Bacilli","Bacillales","Planococcaceae",NA,NA
"8f961fd35db5ccd019f02997f8263dc1","d__Bacteria","Actinobacteriota","Actinobacteria","Corynebacteriales","Corynebacteriaceae","Corynebacterium",NA
"ae1d3448e0792e8b1832dcd322e59382","d__Bacteria","Campylobacterota","Campylobacteria","Campylobacterales","Sulfurovaceae","Sulfurovum",NA
"620db4a89de438e891fa31b220a5695d","d__Bacteria","Actinobacteriota","Actinobacteria","Propionibacteriales","Propionibacteriaceae","Friedmanniella",NA
"7d3355dd492006a3fcdb472ae40df2d1","d__Bacteria","Planctomycetota","Planctomycetes","Isosphaerales","Isosphaeraceae",NA,NA
"4bfb4b2ab72dda9d334e39caf8bba4a8","d__Bacteria","Cyanobacteria","Cyanobacteriia","Chloroplast","Chloroplast","Chloroplast",NA
"e14f54054876c29f60ad34516b80d8fa","d__Bacteria","Actinobacteriota","Actinobacteria","Corynebacteriales","Corynebacteriaceae",NA,NA
"96692c6855d4aacb9bbfb9ccdce73e92","d__Bacteria","Actinobacteriota","Actinobacteria","Micrococcales","Micrococcaceae","Micrococcus",NA
"53acb983b690299e6692b35e3834be67","d__Bacteria","Actinobacteriota","Actinobacteria","Actinomycetales","Actinomycetaceae","Actinomyces",NA
"25c1d728da7e16a886146cd4dcf8677f","d__Bacteria","Verrucomicrobiota","Verrucomicrobiae","Chthoniobacterales","Xiphinematobacteraceae","Candidatus_Xiphinematobacter",NA
"ed88d0006490b8d979e50abf1e27488c","d__Bacteria","Desulfobacterota","Desulfobacteria","Desulfobacterales","Desulfosarcinaceae",NA,NA
"104eb59e85c32e0f79fc7c4f707786ed","d__Bacteria","Actinobacteriota","Thermoleophilia","Gaiellales","uncultured","uncultured",NA
"ad0058c975287b4833fb89eaab259c69","d__Bacteria","Planctomycetota","Planctomycetes","Isosphaerales","Isosphaeraceae",NA,NA
"e4d937a4c72a7e164b4a6bc478247cd2","d__Bacteria","Firmicutes","Negativicutes","Veillonellales-Selenomonadales","Veillonellaceae","Megasphaera",NA
"be5b195f4b2fe598edf27f2f36eb4726","d__Bacteria","Dependentiae","Babeliae","Babeliales","Vermiphilaceae","Vermiphilaceae",NA
"68474aecd21207667de5562941ca05cb","d__Bacteria","Proteobacteria","Alphaproteobacteria","Caulobacterales","Caulobacteraceae",NA,NA
"18ad3fd4187627437919362edc042e7f","d__Bacteria","Bacteroidota","Bacteroidia","Bacteroidales","Bacteroidaceae","Bacteroides",NA
"5ef8c3bdaaefdc7355953b8b8275285f","d__Bacteria","Proteobacteria","Gammaproteobacteria","Pseudomonadales","Pseudomonadaceae","Pseudomonas",NA
"1d0553764972c00ac2701444beeaafff","d__Bacteria","Actinobacteriota","Actinobacteria","Actinomycetales","Actinomycetaceae","Varibaculum",NA
"c311521f2d690a733ef01f01433d383d","d__Bacteria","Cyanobacteria","Cyanobacteriia","Cyanobacteriales","Coleofasciculaceae","Coleofasciculus_PCC-7420",NA
"76733ef4931a3781ffc1876ecf0ea5e4","d__Bacteria","Firmicutes","Bacilli","Staphylococcales","Gemellaceae","Gemella",NA
"4e1279a09d4a5bbe5342a46dd7f964a8","d__Bacteria","Firmicutes","Bacilli","Lactobacillales","Streptococcaceae","Streptococcus",NA
"ed46441e47fc87a048612161f95d9b61","d__Bacteria","Campylobacterota","Campylobacteria","Campylobacterales","Campylobacteraceae","Campylobacter",NA
"6ff544947574db14ede06e30d50abb86","d__Bacteria","Bacteroidota","Bacteroidia","Chitinophagales","Chitinophagaceae",NA,NA
"7b8d121e5dca5d2ae80dde9a8ff1a122","d__Bacteria","Actinobacteriota","Actinobacteria","Frankiales","Geodermatophilaceae","Blastococcus",NA
"35c781df9df4b8e7787bf1a7c09cc7d0","d__Bacteria","Dependentiae","Babeliae","Babeliales",NA,NA,NA
"614d43a164a5e65822c0bf58ab79b667","d__Bacteria","Firmicutes","Bacilli","Staphylococcales","Staphylococcaceae","Staphylococcus",NA
"1cdbe3c10033222d08d1c223680bce9d","d__Bacteria","Firmicutes",NA,NA,NA,NA,NA
"62e1d04fdbcf1b8a4d199d7471aaf38c","d__Bacteria","Proteobacteria","Gammaproteobacteria","Burkholderiales","Burkholderiaceae","Burkholderia-Caballeronia-Paraburkholderia",NA
"ebf8d45e01666859a7ed5974a9e93eed","d__Bacteria","Proteobacteria","Gammaproteobacteria",NA,NA,NA,NA
"2f12caf7263d4952538fe610f764281f","d__Bacteria","Planctomycetota","Planctomycetes","Isosphaerales","Isosphaeraceae",NA,NA
"20026b1ca743a2553fdcd40ef28be027","d__Bacteria","Myxococcota","Polyangia","Polyangiales","BIrii41","BIrii41",NA
"6a58005319b10e80f9766f86fe126025","d__Bacteria","Chloroflexi","Gitt-GS-136","Gitt-GS-136","Gitt-GS-136","Gitt-GS-136",NA
"f3fbf0cb85a29d5151d3b4ce9094b053","d__Bacteria","Chloroflexi","KD4-96","KD4-96","KD4-96","KD4-96",NA
"bc39c25cbe048acb2b7da77322ad4c0b","d__Bacteria","Proteobacteria","Alphaproteobacteria","Rhizobiales","Beijerinckiaceae","Psychroglaciecola",NA
"20d0017c7533a11dc3470fcb1f0770b8","d__Bacteria","Planctomycetota","BD7-11","BD7-11","BD7-11","BD7-11",NA
"b80ea25f5b3adf9243e3b1998e2a5483","d__Bacteria","Proteobacteria","Alphaproteobacteria","Acetobacterales","Acetobacteraceae",NA,NA
"6eec7036254a93829153a65c940830b1","d__Bacteria","Firmicutes","Bacilli","Erysipelotrichales","Erysipelatoclostridiaceae","Catenibacterium",NA
"310f69e30825bf4c1dffbe5ee1323366","d__Bacteria","Cyanobacteria","Cyanobacteriia","Chloroplast","Chloroplast","Chloroplast",NA
"6eda4b1ff5d6b56987be3b3dcf3a0c99","d__Bacteria","Patescibacteria","Gracilibacteria",NA,NA,NA,NA
"975c4599e5464fdcd957011f57cc4cb5","d__Bacteria","Actinobacteriota","Thermoleophilia","Solirubrobacterales","Solirubrobacteraceae","Patulibacter",NA
"138e588246780d1e8bcefc4f9b4ee972","d__Bacteria","Proteobacteria","Gammaproteobacteria","Pseudomonadales","Moraxellaceae","Acinetobacter",NA
"c2112d32e12d803b6de2f983f2589bf8","d__Bacteria","Firmicutes","Bacilli","Bacillales","Bacillaceae",NA,NA
"a0b923412a7cff1eed5846410711e991","d__Bacteria","Firmicutes","Bacilli","Bacillales","Bacillaceae","Bacillus",NA
"18bdf67a3baa9bcadc2ecacabd2edea0","d__Bacteria","Actinobacteriota","Actinobacteria","Micromonosporales","Micromonosporaceae",NA,NA
"b55dfa82ce25c86485dfb163b786206d","d__Bacteria","Proteobacteria","Gammaproteobacteria","Burkholderiales","Burkholderiaceae","Burkholderia-Caballeronia-Paraburkholderia",NA
"2206005dffc2b54be6f533920ff63dea","d__Bacteria","Firmicutes","Bacilli","Lactobacillales","Streptococcaceae","Streptococcus",NA
"7074e802b86bd7d4d81102e29dcdb030","d__Bacteria","Verrucomicrobiota","Verrucomicrobiae","Opitutales","Puniceicoccaceae","Verruc-01",NA
"672616bc86e66cb6b4e610083603d7cf","d__Bacteria","Proteobacteria","Gammaproteobacteria","Xanthomonadales","Xanthomonadaceae","Pseudoxanthomonas",NA
"fc844ca74e2c3688f758ac845ba57731","d__Bacteria","Actinobacteriota","Actinobacteria","Frankiales","Geodermatophilaceae","Blastococcus",NA
"2cab7c4f22e53707ba64fff013fefef3","d__Bacteria","Actinobacteriota","Actinobacteria","Micrococcales","Micrococcaceae","Nesterenkonia",NA
"5aa06bab2f116621961232a11a5107f5","d__Bacteria","Patescibacteria","Saccharimonadia","Saccharimonadales","Saccharimonadaceae","TM7a",NA
"23846134f121bfce6087c04db7686265","d__Bacteria","Proteobacteria","Gammaproteobacteria","Pseudomonadales","Cellvibrionaceae","Cellvibrionaceae",NA
"2608737b629e12d5af632150350097e8","d__Bacteria","Proteobacteria","Gammaproteobacteria","Pseudomonadales","Cellvibrionaceae",NA,NA
"4572c2fb877f6d08eb2449fa37ffd1f5","d__Bacteria","Firmicutes","Bacilli","Staphylococcales","Staphylococcaceae","Staphylococcus",NA
"d7e4370680334adb8e3f6d0cf99d65c0","d__Bacteria","Proteobacteria","Alphaproteobacteria","Rhodobacterales","Rhodobacteraceae",NA,NA
"066bbd59ccbae2526fea87481d527b9f","d__Bacteria","Proteobacteria","Gammaproteobacteria","Burkholderiales","Neisseriaceae","Alysiella",NA
"80614f4331488137c4a331217e5c8ac6","d__Bacteria","Campylobacterota","Campylobacteria","Campylobacterales","Sulfurovaceae","Sulfurovum",NA
"7b4a9768dd90d7cba99441de03e6f81d","d__Bacteria","Actinobacteriota","Actinobacteria","Actinomycetales","Actinomycetaceae","Actinomyces",NA
"1ea3cc4948bbb8b1ad860ebb34eb346c","d__Bacteria","Proteobacteria","Alphaproteobacteria","Sphingomonadales","Sphingomonadaceae",NA,NA
"eb18b507cbdd91be3e521c00e1a2474d","d__Bacteria","Actinobacteriota","Acidimicrobiia",NA,NA,NA,NA
"024e41b2135db71d7b1d0d500961273a","d__Bacteria","Proteobacteria","Alphaproteobacteria","Rhodobacterales","Rhodobacteraceae","Paracoccus",NA
"30c54fb5dcf6c7c862c2abe2c01a2578","d__Bacteria","Proteobacteria","Gammaproteobacteria","Burkholderiales","Comamonadaceae",NA,NA
"fb83bb935daa6a2e90c2e156460828d9","d__Bacteria","Firmicutes","Clostridia","Lachnospirales","Lachnospiraceae","Howardella",NA
"5d0b53d8b12387c479a12c5d4c5976d5","d__Bacteria","Firmicutes","Bacilli","Lactobacillales","Streptococcaceae","Streptococcus",NA
"2c9cb05b4b9bc323acd7694a2d1cb2a3","d__Bacteria","Gemmatimonadota","Gemmatimonadetes","Gemmatimonadales","Gemmatimonadaceae","uncultured",NA
"2635e1c12264e66a32385c20705ae0eb","d__Bacteria","Firmicutes","Clostridia","Peptostreptococcales-Tissierellales","Family_XI","Peptoniphilus",NA
"0942b7c9481c1bc2988ed746a94b0dbe","d__Bacteria","Firmicutes","Bacilli","Bacillales","Bacillaceae","Bacillus",NA
"babdfef165cd7f804263b9ea690a7da8","d__Bacteria","Proteobacteria","Gammaproteobacteria","Enterobacterales",NA,NA,NA
"f8c91c4994bdcb452bed16510d2176a1","d__Bacteria","Cyanobacteria","Cyanobacteriia","Chloroplast","Chloroplast","Chloroplast",NA
"4eba4f5c5408a262ba0c4708b23c018e","d__Bacteria","Firmicutes","Bacilli","Bacillales","Planococcaceae","Sporosarcina",NA
"11a04b26da849027840863c2774a721f","d__Bacteria","Actinobacteriota","Actinobacteria","Corynebacteriales","Corynebacteriaceae","Corynebacterium",NA
"d01959e308784ec9a2576967a1af0899","d__Bacteria","Firmicutes","Clostridia","Lachnospirales","Lachnospiraceae","Butyrivibrio",NA
"def5e0f74a338debee80a3268f63913b","d__Bacteria","Proteobacteria","Gammaproteobacteria","Xanthomonadales","Xanthomonadaceae",NA,NA
"5e237c66c877a44490578bfc4c405c1e","d__Bacteria","Firmicutes","Bacilli","Lactobacillales","Streptococcaceae","Streptococcus",NA
"8e50168ba3541aa462f581f5769580c7","d__Bacteria","Firmicutes","Desulfitobacteriia","Desulfitobacteriales","Desulfitobacteriaceae","Desulfosporosinus",NA
"7b7d0f3016ef497992a39384d2a0e84f","d__Bacteria","Firmicutes","Clostridia","Peptostreptococcales-Tissierellales","Peptostreptococcaceae",NA,NA
"9b8853ecc39e8b3f4c7ad92c50695411","d__Bacteria","Proteobacteria","Alphaproteobacteria","Sphingomonadales","Sphingomonadaceae",NA,NA
"41a96bb92127c5ec03d978567891b902","d__Bacteria","Proteobacteria","Gammaproteobacteria","Pseudomonadales","Moraxellaceae","Enhydrobacter",NA
"3f9ba988f350c3d18797070474f5002b","d__Bacteria","Bacteroidota","Bacteroidia","Flavobacteriales","Flavobacteriaceae",NA,NA
"f29497ff81dbd16b02f9ad255183d8e4","d__Bacteria","Actinobacteriota","Actinobacteria","Actinomycetales","Actinomycetaceae","Trueperella",NA
"5406a5a38a09bf1aaa2e383d2af0faaf","d__Bacteria","Planctomycetota","Planctomycetes","Isosphaerales","Isosphaeraceae",NA,NA
"9737eed7042edff7803716d9cd592967","d__Bacteria","Bacteroidota","Bacteroidia","Flavobacteriales","Flavobacteriaceae",NA,NA
"5ba3f48867221240131ce1f12d2f0e70","d__Bacteria","Bacteroidota","Bacteroidia","Bacteroidales",NA,NA,NA
"f61ed65216d6600ee6e4bfb2d4a697ba","d__Bacteria","Bacteroidota","Bacteroidia","Flavobacteriales","Flavobacteriaceae","NS5_marine_group",NA
"8dfbb66426f38ad98f4bd6789a7ff383","d__Bacteria","Campylobacterota","Campylobacteria","Campylobacterales","Arcobacteraceae","uncultured",NA
"27289f7abcc23da7cad651d4e1ccb642","d__Bacteria","Actinobacteriota","Actinobacteria","Micrococcales","Micrococcaceae","Nesterenkonia",NA
"142a9a553406cd3c3689cfa39ee1ea65","d__Bacteria","Bacteroidota","Bacteroidia","Bacteroidales","Prevotellaceae",NA,NA
"20971f35e12cbbbca6a7b49c513a3235","d__Bacteria","Proteobacteria","Gammaproteobacteria","Chromatiales","Chromatiaceae",NA,NA
"b9b05e01fc3bdcd3f80abb067eaaa45b","d__Bacteria","Firmicutes","Bacilli","Lactobacillales","Lactobacillaceae","Lactobacillus",NA
"33ebc32d40abe326b103d1fcfc5660c0","d__Bacteria","Actinobacteriota","Actinobacteria","Corynebacteriales","Nocardiaceae","Nocardia",NA
"fa12e54eb710e1f7a152c089f232f1cf","d__Bacteria","Actinobacteriota","Actinobacteria","Micrococcales","Intrasporangiaceae","Arsenicicoccus",NA
"047dd8e1743899a9dc1d23f67a2f5876","d__Bacteria","Patescibacteria","Saccharimonadia","Saccharimonadales","Saccharimonadaceae",NA,NA
"8c0040a50a453a60530dab7ebd0b56f0","d__Bacteria","Bacteroidota","Bacteroidia","Chitinophagales","Chitinophagaceae","Chitinophaga",NA
"ff56b9706f885bc1a435ee268e8b5607","d__Bacteria","Fusobacteriota","Fusobacteriia","Fusobacteriales","Leptotrichiaceae","Leptotrichia",NA
"d9de55dfe77119165cc3591514dde11e","d__Bacteria","Bacteroidota","Bacteroidia","Bacteroidales","Prevotellaceae","Prevotella_7",NA
"4af5209148895189d99a39d6bb1496ba","d__Bacteria","Proteobacteria","Alphaproteobacteria","Rhizobiales","Hyphomicrobiaceae","Hyphomicrobium",NA
"2d292824c7bef9e35bed063dc6239d8f","d__Bacteria","Actinobacteriota","Thermoleophilia","Solirubrobacterales","Solirubrobacteraceae","Solirubrobacter",NA
"bf4f3ff2152d1a19c81025862617cd97","d__Bacteria","Desulfobacterota",NA,NA,NA,NA,NA
"9f6109071700aa46df8f64954e058507","d__Bacteria","Actinobacteriota","Actinobacteria","Propionibacteriales","Nocardioidaceae","Marmoricola",NA
"13064c96e9f9e298be54d552cae9cdac","d__Bacteria","Firmicutes","Bacilli","Lactobacillales","Lactobacillaceae","Liquorilactobacillus",NA
"9aaab1ea19ee7b486793da4cf5c677fd","d__Bacteria","Proteobacteria","Gammaproteobacteria","Enterobacterales",NA,NA,NA
"5482400bd3a512a7aa2da858522c752e","d__Bacteria","Actinobacteriota","Actinobacteria","Bifidobacteriales","Bifidobacteriaceae",NA,NA
"18574c33c44f983da04f6ffc7fdd32f1","d__Bacteria","Proteobacteria","Gammaproteobacteria","Pseudomonadales","Halieaceae",NA,NA
"08070592203825d147b3665daa5a0d40","d__Bacteria","Firmicutes","Negativicutes","Veillonellales-Selenomonadales","Veillonellaceae","Dialister",NA
"59de3243fd23a60b0bdf90552fefc2f0","d__Bacteria","Actinobacteriota","Actinobacteria","Actinomycetales","Actinomycetaceae","Flaviflexus",NA
"a9afb8cde5f09aa3631a74bc70edb1f5","d__Bacteria","Proteobacteria","Alphaproteobacteria","Rhizobiales","Beijerinckiaceae","Methylobacterium-Methylorubrum",NA
"adec8fa8b1c00fc4529f5ecb4dc5bf0a","d__Bacteria","Firmicutes","Bacilli","Lactobacillales","Streptococcaceae","Lactococcus",NA
"535c2322d42453451374116c621a866d","d__Bacteria","Firmicutes","Clostridia","Oscillospirales","Ruminococcaceae","Faecalibacterium",NA
"32102c477cc1da86086cd2a352c0d0a5","d__Bacteria","Actinobacteriota","Actinobacteria","Micromonosporales","Micromonosporaceae","Dactylosporangium",NA
"b5efa724353b98af07890c895ffd47ac","d__Bacteria","Proteobacteria","Alphaproteobacteria","Rhodobacterales","Rhodobacteraceae",NA,NA
"75c4471d2b3cd21a576e4f3650fa203a","d__Bacteria","Firmicutes","Clostridia","Lachnospirales","Lachnospiraceae",NA,NA
"528f2a80aee0ba5cf2fe070cf2127d51","d__Bacteria","Proteobacteria","Alphaproteobacteria","SAR11_clade","Clade_I",NA,NA
"47277bcd9aa53115505de0f7a246980d","d__Bacteria","Proteobacteria","Gammaproteobacteria","Burkholderiales","Comamonadaceae",NA,NA
"2cfb0c4564cbaac0f7060ae286476434","d__Bacteria","Acidobacteriota","Vicinamibacteria","Vicinamibacterales","uncultured","uncultured",NA
"2325e76ace173ef04636034fe017f42b","d__Bacteria","Firmicutes","Negativicutes","Veillonellales-Selenomonadales","Veillonellaceae","Megasphaera",NA
"451f19d329a96b37292a06c152f5ee88","d__Bacteria","Proteobacteria","Alphaproteobacteria","Sphingomonadales","Sphingomonadaceae",NA,NA
"ba38be1ef3a53efab2a7cb2bfd332448","d__Bacteria","Actinobacteriota","Actinobacteria","Propionibacteriales","Nocardioidaceae","Nocardioides",NA
"f33064b3fcda2964ca51df243d2374b1","d__Bacteria","Proteobacteria","Alphaproteobacteria","Rhizobiales","Xanthobacteraceae","Rhodopseudomonas",NA
"b8a7272598dd38f61bbcc566ddd5950e","d__Bacteria","Firmicutes","Negativicutes","Veillonellales-Selenomonadales","Veillonellaceae","Megasphaera",NA
"f6f4b2d980cf393da239fea24b252ca4","d__Bacteria","Bacteroidota","Bacteroidia","Bacteroidales",NA,NA,NA
"2d0d043128e96a7de161f3e6864994c3","d__Bacteria","Proteobacteria","Gammaproteobacteria","Burkholderiales","Chromobacteriaceae","Crenobacter",NA
"52e28df505b6f549b7ba0be5bb0621f7","d__Bacteria","Proteobacteria","Gammaproteobacteria","Burkholderiales","Comamonadaceae",NA,NA
"d5170d95f4f06637576591315019bc70","d__Bacteria","Firmicutes","Clostridia","Lachnospirales","Lachnospiraceae","Lachnoanaerobaculum",NA
"c5b647639e2951fb93d908d94e595a3e","d__Bacteria","Firmicutes","Bacilli","Bacillales","Planococcaceae","Sporosarcina",NA
"80b21c8aab15dfeb81c45d3b7f5205ab","d__Bacteria","Actinobacteriota","Actinobacteria","Micromonosporales","Micromonosporaceae",NA,NA
"68a5e1804e81accac5eb6cf1800938c3","d__Bacteria","Firmicutes","Bacilli","Staphylococcales","Staphylococcaceae","Staphylococcus",NA
"a1121e2dc192fcabe2ef5b531d09226e","d__Bacteria","Campylobacterota","Campylobacteria","Campylobacterales","Sulfurimonadaceae","Sulfurimonas",NA
"761766820397d1bb50418f64bb2f5a33","d__Bacteria","Firmicutes","Bacilli","Staphylococcales","Staphylococcaceae","Staphylococcus",NA
"7c8c93513317b5d4266c17bd4958b3e0","d__Bacteria","Firmicutes","Bacilli","Lactobacillales","Streptococcaceae","Streptococcus",NA
"9e7f7187bfda8d0c966ccf704587d3bb","d__Bacteria","Proteobacteria","Alphaproteobacteria","Defluviicoccales","Defluviicoccaceae","Defluviicoccus",NA
"ec044c46ca617bd9ed77775c014a30d6","d__Bacteria","Proteobacteria","Alphaproteobacteria","Defluviicoccales","Defluviicoccaceae","Defluviicoccus",NA
"385460b822b382a8ff115bf6c5a34936","d__Bacteria","Patescibacteria","Saccharimonadia","Saccharimonadales","LWQ8","LWQ8",NA
"1ea07e70dde6cb3dd1693195f1200d7c","d__Bacteria","Bacteroidota","Bacteroidia","Flavobacteriales","Weeksellaceae",NA,NA
"464224a77c1a7a324260fc59499025a7","Unassigned",NA,NA,NA,NA,NA,NA
"49f5ecd2b3d6e4eb9e12114314dc3014","d__Bacteria","Firmicutes","Clostridia","Clostridiales","Clostridiaceae","Clostridium_sensu_stricto_18",NA
"870acf780f1b900383831b1255837e26","d__Bacteria","Chloroflexi","Anaerolineae","Anaerolineales","Anaerolineaceae","uncultured",NA
"299bc66ff2a9c14cb2442109fa557763","d__Bacteria","NB1-j","NB1-j","NB1-j","NB1-j","NB1-j",NA
"8a2451ee1924a61344b5d8b0f33abf8d","d__Bacteria","SAR324_clade(Marine_group_B)","SAR324_clade(Marine_group_B)","SAR324_clade(Marine_group_B)","SAR324_clade(Marine_group_B)","SAR324_clade(Marine_group_B)",NA
"41ec268d01645ecc9a2ff4ff5a22b338","d__Bacteria","Firmicutes","Negativicutes","Acidaminococcales","Acidaminococcaceae","Phascolarctobacterium",NA
"6e73785ee1aa810aecf9fd27b8237b4c","d__Bacteria","Bacteroidota","Bacteroidia","Bacteroidales","Prevotellaceae",NA,NA
"a318e5292a21ded2041b3f20d220b77c","d__Bacteria","Firmicutes","Clostridia","Lachnospirales","Lachnospiraceae",NA,NA
"01390f53326ded6c1668ccf0478fdb09","d__Bacteria","Proteobacteria","Gammaproteobacteria","Diplorickettsiales","Diplorickettsiaceae","uncultured",NA
"7dc1f499d3de5d750eda89f6a7eb2cfe","d__Bacteria","Proteobacteria","Alphaproteobacteria","Rhodobacterales","Rhodobacteraceae","Amaricoccus",NA
"fc6961ab927765c4e438adeceb27abc2","d__Bacteria","Actinobacteriota","Actinobacteria","Propionibacteriales","Nocardioidaceae","Nocardioides",NA
"897f551533de2491ffd5170963161452","d__Bacteria","Actinobacteriota","Actinobacteria","Actinomycetales","Actinomycetaceae","Mobiluncus",NA
"a29ed87b6d0f59f2a53b36e359b5f22d","d__Bacteria","Firmicutes","Clostridia","Peptostreptococcales-Tissierellales","Peptostreptococcaceae",NA,NA
"3e545f82bacb9bdc3d6440b8980988f3","d__Bacteria","Actinobacteriota","Actinobacteria","Pseudonocardiales","Pseudonocardiaceae","Pseudonocardia",NA
"64f5307add05ad22e40a3f6e2b52572c","d__Bacteria",NA,NA,NA,NA,NA,NA
"15f9edbf8cc3b764fa46ebe62166bbb5","d__Bacteria","Firmicutes","Clostridia","Peptostreptococcales-Tissierellales","Peptostreptococcaceae",NA,NA
"5b5a1153b14ac8cb4b4e762153ffaba5","d__Bacteria","Patescibacteria","Saccharimonadia","Saccharimonadales",NA,NA,NA
"84e2d6f8a69d5e7d08e7da6462375e8f","d__Bacteria","Actinobacteriota","Actinobacteria","Actinomycetales","Actinomycetaceae","Actinomyces",NA
"77b75b28d6f0fd5831b76ce8487e915e","d__Bacteria","Actinobacteriota","Actinobacteria","Micrococcales","Microbacteriaceae","Leucobacter",NA
"e481691560b7d7511d9d935f9241f6b0","d__Bacteria","Firmicutes","Bacilli","Lactobacillales","Aerococcaceae","Eremococcus",NA
"98c68821f1518cca740327e4ce61eaae","d__Bacteria","Proteobacteria","Gammaproteobacteria","Pseudomonadales","Moraxellaceae","Moraxella",NA
"4b4c7e7e80a76bf3a6fb5ceee1e736e4","d__Bacteria","Chloroflexi","Chloroflexia","Thermomicrobiales","JG30-KF-CM45","JG30-KF-CM45",NA
"7883ecfa1dbc452feaf24b660f8e24cf","d__Bacteria","Bacteroidota","Bacteroidia",NA,NA,NA,NA
"105bb26a6964cfc8cc18d55069b61c10","d__Bacteria","Planctomycetota","Planctomycetes","Isosphaerales","Isosphaeraceae","Paludisphaera",NA
"f9327037cf868f473799f9877cafef58","d__Bacteria","Proteobacteria","Alphaproteobacteria","Sphingomonadales","Sphingomonadaceae","Sandaracinobacter",NA
"09e3becc5f4c80255e74c83c5ed3cb7d","d__Bacteria","Bacteroidota","Bacteroidia","Bacteroidales","Tannerellaceae","Parabacteroides",NA
"f8a3d8d3ed2d8290c49875d494619708","d__Bacteria",NA,NA,NA,NA,NA,NA
"8f2256c9da1cd815e0dd3db04eca954d","d__Bacteria","Desulfobacterota","Desulfobulbia","Desulfobulbales","Desulfocapsaceae",NA,NA
"4b3174348acadcb1c7b5e6188f76a5e8","d__Bacteria","Actinobacteriota","Actinobacteria","Actinomycetales","Actinomycetaceae","Actinomyces",NA
"2b98483328e77dee52b70ce91edcc92e","d__Bacteria","Proteobacteria","Alphaproteobacteria","Rhizobiales","Rhizobiales_Incertae_Sedis","Alsobacter",NA
"39819ad5e42fdf721a077408eeb39e23","d__Bacteria","Cyanobacteria","Cyanobacteriia","Chloroplast","Chloroplast","Chloroplast",NA
"6985bc66998784f37e776adf3a63ea21","d__Bacteria","Proteobacteria","Alphaproteobacteria","Rhizobiales","Xanthobacteraceae",NA,NA
"760e9c5b90ce3989248a275b6a37406e","d__Bacteria","Bacteroidota","Bacteroidia","Bacteroidales","Prevotellaceae",NA,NA
"11a1ec9454972a308ca54b88a972f99a","d__Bacteria","Patescibacteria","Saccharimonadia","Saccharimonadales",NA,NA,NA
"b9ec30cc9de6ebd24dce91c6faeb81f6","d__Bacteria","Patescibacteria","Saccharimonadia","Saccharimonadales","Saccharimonadaceae","TM7a",NA
"e7e6a33d8440e985115e1d3178ffebc7","d__Bacteria","Proteobacteria","Alphaproteobacteria","Rhodobacterales","Rhodobacteraceae","Rubellimicrobium",NA
"9558b4724680664cfeca128151b54aa7","d__Bacteria",NA,NA,NA,NA,NA,NA
"c6f8a92c32a1a1918e790c0ea9fc8692","d__Bacteria","Desulfobacterota","Desulfobulbia","Desulfobulbales","Desulfocapsaceae","uncultured",NA
"e52587afd81457775227f4169641ed68","d__Bacteria","Proteobacteria","Gammaproteobacteria","Pseudomonadales","Cellvibrionaceae","Agaribacterium",NA
"03dce5a6640ac6f8eadcd3a96b60aeca","d__Bacteria","Proteobacteria","Gammaproteobacteria","Burkholderiales","Comamonadaceae","Corticibacter",NA
"d7bc0627180a30b93ca676343dcbd170","d__Bacteria","Firmicutes","Clostridia","Peptococcales","Peptococcaceae","Peptococcus",NA
"b3ecd1c279c8fabcfdfe8c6d87d93f1b","d__Bacteria","Actinobacteriota","Acidimicrobiia","Microtrichales","Ilumatobacteraceae","uncultured",NA
"377f2ab028406b02799d718645e49615","d__Bacteria","Firmicutes","Bacilli","Lactobacillales","Aerococcaceae","Eremococcus",NA
"66df24d4776c892996bdbe6ee78bf38b","d__Bacteria","Proteobacteria","Alphaproteobacteria","Rhizobiales","Rhizobiaceae",NA,NA
"cd0da9304eca47fd8550084db86896b9","d__Bacteria","Proteobacteria","Gammaproteobacteria","Pseudomonadales","Saccharospirillaceae","Thalassolituus",NA
"c21eb65bd47aeb06b10b32b0c7381424","d__Bacteria","Proteobacteria","Alphaproteobacteria","Tistrellales","Geminicoccaceae","Candidatus_Alysiosphaera",NA
"55a3c02d9a6b3a03d99f464b43ae554a","d__Bacteria","Proteobacteria","Gammaproteobacteria","Enterobacterales","Enterobacteriaceae",NA,NA
"01f1bfab8075b48ed7a618026e4deef5","d__Bacteria","Bacteroidota","Bacteroidia","Sphingobacteriales","Sphingobacteriaceae","Sphingobacterium",NA
"21d636fc4ed010a4cf2e2f48afbd0c26","d__Bacteria","Cyanobacteria","Cyanobacteriia","Chloroplast","Chloroplast","Chloroplast",NA
"2094a007e1d194d1ec1570481c51546a","d__Bacteria","Firmicutes","Bacilli","Lactobacillales","Lactobacillaceae","Lactobacillus",NA
"fb885451de4258befd2289c52efef87c","d__Bacteria","Actinobacteriota","Thermoleophilia","Solirubrobacterales","67-14","67-14",NA
"5b94ca5ccc66407da5a78f66d64e8a5a","d__Bacteria","Proteobacteria","Gammaproteobacteria","Pseudomonadales","Pseudohongiellaceae","Pseudohongiella",NA
"98c4fba7c2b6321d2091e4a459b0b19e","d__Bacteria","Actinobacteriota","Thermoleophilia","Solirubrobacterales","Solirubrobacteraceae","Conexibacter",NA
"f7e514f14bf7f75635c6588a76af75ea","d__Bacteria","Firmicutes","Bacilli","Paenibacillales","Paenibacillaceae","Paenibacillus",NA
"0d7adcad7651000e62f49f9395107c32","d__Bacteria","Bacteroidota","Ignavibacteria","SJA-28","SJA-28","SJA-28",NA
"fa2d4eb62c7d109c54d9b6e42cf51e86","d__Bacteria","Actinobacteriota","Actinobacteria","Actinomycetales","Actinomycetaceae","Actinomyces",NA
"b6d322f69a06cf65269f244785490261","d__Bacteria","Actinobacteriota","Acidimicrobiia","Microtrichales","Iamiaceae","Iamia",NA
"cc773527af77f9b8bea86beff3c33b18","d__Bacteria","Patescibacteria","Saccharimonadia","Saccharimonadales","LWQ8","LWQ8",NA
"28efee21d2951ed1ecf3d8d38bc9178d","d__Bacteria","Verrucomicrobiota","Chlamydiae","Chlamydiales","Parachlamydiaceae",NA,NA
"d9cdd79d41cc36547c28a55059c36657","d__Bacteria","Proteobacteria","Gammaproteobacteria","Burkholderiales","Oxalobacteraceae","Massilia",NA
"24c58d622c63c7f5e44ca301e9173006","d__Bacteria","Actinobacteriota","Actinobacteria","Actinomycetales","Actinomycetaceae","Actinomyces",NA
"70d56bf3239d9a4b4bd1c677ea0d7b0e","d__Bacteria","Proteobacteria","Gammaproteobacteria",NA,NA,NA,NA
"f642909f59dd4ae715f064fee9258eca","d__Bacteria","Actinobacteriota","Actinobacteria","Micrococcales","Dermabacteraceae",NA,NA
"25e2b81dad3620e3a7b42675f06dd42e","d__Bacteria","Actinobacteriota","Actinobacteria","Micrococcales","Brevibacteriaceae","Brevibacterium",NA
"e40a55d183b2753a53390b903293a539","d__Bacteria","Proteobacteria","Gammaproteobacteria","Burkholderiales","Alcaligenaceae","Alcaligenes",NA
"20fc50960a9921a2aaa822948c43a6af","d__Bacteria","Bacteroidota","Bacteroidia","Bacteroidales","Prevotellaceae","Alloprevotella",NA
"38429cc4c00ec7678c2e5e72cd1927ca","d__Bacteria","Proteobacteria","Gammaproteobacteria","Burkholderiales","SC-I-84","SC-I-84",NA
"1dd5e4baddbb6e453032b900d88757e2","d__Bacteria","Actinobacteriota","Actinobacteria","Micrococcales","Brevibacteriaceae","Brevibacterium",NA
"5d434caed5be62b4424da5657374608d","d__Bacteria","Proteobacteria","Gammaproteobacteria","Burkholderiales","Oxalobacteraceae",NA,NA
"ea2a5c90c655ba0090370cca388055d8","d__Bacteria","Bacteroidota","Bacteroidia","Cytophagales","uncultured","uncultured",NA
"dcd0b868f90ca9ea8e1837d5dea1ff69","d__Bacteria","Proteobacteria","Alphaproteobacteria",NA,NA,NA,NA
"d371aba6cbaf34a132df3346356d9329","d__Bacteria","Latescibacterota","Latescibacteria","Latescibacterales","Latescibacteraceae","Latescibacteraceae",NA
"44a29913abb5a2bf8439f7317cbe84f5","d__Bacteria","Firmicutes","Clostridia","Oscillospirales","Ruminococcaceae","Ruminococcus",NA
"533c95f7beb9d66d1aaf2307b3995adc","d__Bacteria","Actinobacteriota","Actinobacteria","Micrococcales","Micrococcaceae","Kocuria",NA
"47f228b436a611abcab60c72fc25c44a","d__Bacteria","Actinobacteriota","Actinobacteria",NA,NA,NA,NA
"0b8ea2baee8f4bc7897bcdeed9a70c77","d__Bacteria","Cyanobacteria","Cyanobacteriia","Chloroplast","Chloroplast","Chloroplast",NA
"53cd1bf797dd8396682dbe51f7074b97","d__Bacteria","Proteobacteria","Gammaproteobacteria","Xanthomonadales","Xanthomonadaceae",NA,NA
"5174f271fdabc660645bea03e7460761","d__Bacteria","Firmicutes","Negativicutes","Veillonellales-Selenomonadales","Veillonellaceae","Veillonella",NA
"deda8d6757704e1fb47c72405947645d","d__Bacteria","Firmicutes","Clostridia","Oscillospirales","Oscillospiraceae","UCG-002",NA
"de7bd6a348ca64129f132c8b340693c6","d__Bacteria","Firmicutes","Bacilli","Lactobacillales",NA,NA,NA
"4946bc536737130b30a4b8aab3efc638","d__Bacteria","Bacteroidota","Bacteroidia","Bacteroidales","Bacteroidetes_BD2-2","Bacteroidetes_BD2-2",NA
"3af6d70640de8b93efc2ccb10e802613","d__Bacteria","Proteobacteria","Alphaproteobacteria","Rhizobiales","Devosiaceae",NA,NA
"a1059aaf02d828f4ea250b3ca497c988","d__Bacteria","Firmicutes","Bacilli","Lactobacillales","Carnobacteriaceae","Dolosigranulum",NA
"08f9b00e7066cc98521f0a0f42e65da5","d__Bacteria","Proteobacteria","Gammaproteobacteria","Pseudomonadales","Moraxellaceae","Psychrobacter",NA
"c25b43b36df8bd26e6bc9b740fed29ea","d__Bacteria","Proteobacteria","Alphaproteobacteria","Rhizobiales","Rhizobiaceae","Aureimonas",NA
"636ea7f9acbe6ac4a6d87b434d8f3e24","d__Bacteria","Actinobacteriota","Actinobacteria",NA,NA,NA,NA
"9328754ae0dd73bafd960ae7a38354fc","d__Bacteria","Proteobacteria","Gammaproteobacteria","Enterobacterales",NA,NA,NA
"29c29b8a19782caacb19c2d59dd9461f","d__Archaea","Euryarchaeota","Methanobacteria","Methanobacteriales","Methanobacteriaceae","Methanobrevibacter",NA
"dfede30d6e9ca75e6ff74adb2a549b88","d__Bacteria",NA,NA,NA,NA,NA,NA
"6c08d7de9db540bf2aace98e7091fd94","d__Bacteria","Spirochaetota","Spirochaetia","Spirochaetales","Spirochaetaceae","Sediminispirochaeta",NA
"b2f4629582a7b3464e8c288e446f13ab","d__Bacteria","Proteobacteria","Alphaproteobacteria","Rhizobiales","Rhizobiaceae","Mesorhizobium",NA
"b905e7e9db0866c9543b3420c5a0c328","d__Bacteria","Proteobacteria","Alphaproteobacteria","Rhizobiales","Rhizobiaceae","Aureimonas",NA
"5679e29dcfdae0962009c1d2eeefefcf","d__Bacteria","Bacteroidota","Bacteroidia","Sphingobacteriales","Sphingobacteriaceae","Sphingobacterium",NA
"2487fd879cb2b01cbd5a5a0558fd9235","d__Bacteria","Firmicutes","Bacilli","Paenibacillales","Paenibacillaceae","Thermobacillus",NA
"01aff5c95038e2076e01c84ef55586b0","d__Bacteria","Firmicutes","Bacilli","Staphylococcales","Gemellaceae","Gemella",NA
"6c03e196122f75bf6c66f14d8633c26a","d__Bacteria","Proteobacteria","Alphaproteobacteria","Sphingomonadales","Sphingomonadaceae","Sphingomonas",NA
"14fc600f50795d865a1e2e1e870f83d6","d__Bacteria","Patescibacteria","Saccharimonadia","Saccharimonadales","Saccharimonadaceae","TM7a",NA
"3289751c09fe3852b0a39e83fcb77af0","d__Bacteria","Firmicutes","Clostridia","Peptostreptococcales-Tissierellales","Family_XI","Peptoniphilus",NA
"e34467b47ca4bfe8afdba0ff4f4dc53d","d__Bacteria","Actinobacteriota","Acidimicrobiia","Microtrichales","Ilumatobacteraceae",NA,NA
"68a4879ec0d6ea919d482c3f5ffc5f7f","d__Bacteria","Firmicutes","Clostridia","Clostridiales","Clostridiaceae","Clostridium_sensu_stricto_1",NA
"01e113891a16bf845bb5bfebc3dd4a1a","d__Bacteria","Actinobacteriota","Actinobacteria","Micrococcales","Microbacteriaceae",NA,NA
"a7d5ea58a241077477e05c0f7bb98325","d__Bacteria","Proteobacteria","Alphaproteobacteria","Rhodobacterales","Rhodobacteraceae","Paracoccus",NA
"7f94f2e45caa9d8d085731d5bf53e4c1","d__Bacteria","Verrucomicrobiota","Verrucomicrobiae","Verrucomicrobiales","Rubritaleaceae","Luteolibacter",NA
"483b00f8f28e3d663fafddf6a20189ff","d__Bacteria","Firmicutes","Bacilli","Lactobacillales","Streptococcaceae","Streptococcus",NA
"a5559c4bc9f6e8be6d3dfb4c2e205e93","d__Bacteria","Bdellovibrionota","Bdellovibrionia","Bacteriovoracales","Bacteriovoracaceae","Peredibacter",NA
"744568464450a603af4bc0d0eb48d274","d__Bacteria","Proteobacteria","Alphaproteobacteria",NA,NA,NA,NA
"39889fff6cdfff3eb0023970c1953e90","d__Eukaryota","Mollusca","Bivalvia","Ostreoida","Ostreoida","Ostreoida",NA
"a2479c76cdcabdcc26f784060e0ba243","d__Bacteria","Firmicutes","Bacilli","Lactobacillales","Streptococcaceae","Streptococcus",NA
"e078bce884dc9cb58f55e26ebdf713fb","d__Bacteria","Actinobacteriota","Actinobacteria","Pseudonocardiales","Pseudonocardiaceae","Saccharopolyspora",NA
"21312b165faeec53612d695a7472a8f4","d__Bacteria","Firmicutes","Bacilli","Bacillales","Bacillaceae",NA,NA
"5535f95ce7eddb5d5aaf886ac6824cf8","d__Bacteria","Proteobacteria","Alphaproteobacteria","Rhizobiales","Xanthobacteraceae",NA,NA
"5808a73a612b7cf50915a564dbe5169f","d__Bacteria","Firmicutes",NA,NA,NA,NA,NA
"25b1ed6017fee72d24f524d88732201c","d__Bacteria","Chloroflexi","Chloroflexia","Thermomicrobiales","JG30-KF-CM45","JG30-KF-CM45",NA
"be899bae39a0d0e3db47de1643fce234","d__Bacteria","Actinobacteriota","Actinobacteria","Propionibacteriales","Nocardioidaceae","Nocardioides",NA
"2644f32ccfe55cf1a5b0892be3d8afd4","d__Bacteria","Proteobacteria","Alphaproteobacteria","Rhizobiales","Labraceae","Labrys",NA
"f363440860b30632d2b00383f9b7a25c","d__Bacteria","Proteobacteria","Alphaproteobacteria","Sphingomonadales","Sphingomonadaceae",NA,NA
"31998e30ef6c8de2edf227db81ad2984","d__Bacteria","Chloroflexi","JG30-KF-CM66","JG30-KF-CM66","JG30-KF-CM66","JG30-KF-CM66",NA
"5f214c93bf3a17891d40cc1015b470b9","d__Bacteria","Actinobacteriota","Actinobacteria","Frankiales","Geodermatophilaceae","Geodermatophilus",NA
"8a219a43e2dd684fab73dbab60728e28","d__Bacteria","Verrucomicrobiota","Verrucomicrobiae","Chthoniobacterales","Terrimicrobiaceae","Terrimicrobium",NA
"b38656389dc728e1c1bbccbcffa85c98","d__Bacteria","Actinobacteriota","Acidimicrobiia","Microtrichales","Microtrichaceae","Sva0996_marine_group",NA
"f562e53a4de6ba0fe366e9220fc389da","d__Bacteria","Bacteroidota","Bacteroidia","Bacteroidales","Prevotellaceae","Prevotella_9",NA
"9ce3d830cea1f409d831b0ddb5cda022","d__Bacteria","Firmicutes","Bacilli","Paenibacillales","Paenibacillaceae","Ammoniphilus",NA
"27cc5e3d6218a92505bd1e05f536be84","d__Bacteria","Cyanobacteria","Cyanobacteriia","Chloroplast","Chloroplast","Chloroplast",NA
"46997914abb80439229538fdec447993","d__Bacteria","Patescibacteria","Saccharimonadia","Saccharimonadales",NA,NA,NA
"f4641aab48d27e0f5d606e32a5a154a0","d__Bacteria","Firmicutes","Bacilli","Lactobacillales","Lactobacillaceae","Lacticaseibacillus",NA
"387e1f756c653a5745f812c84c7148d4","d__Bacteria","Deferrisomatota","Defferrisomatia","Defferrisomatales","Defferrisomataceae","Deferrisoma",NA
"5b2449d8541082ebadc60f93429c60fc","d__Bacteria","Bacteroidota","Bacteroidia","Bacteroidales","Prevotellaceae",NA,NA
"bdf3f4620b97fdb7c81a9e19a94b1b4f","d__Bacteria",NA,NA,NA,NA,NA,NA
"ccc7e292f43aeee772cf015e025f0ddf","d__Bacteria","Proteobacteria","Gammaproteobacteria","Burkholderiales","Alcaligenaceae","Alcaligenes",NA
"d717397eaa67fb5b133e3eadd67400af","d__Bacteria","Proteobacteria","Alphaproteobacteria","Rickettsiales","Mitochondria","Mitochondria",NA
"0917d9364a7fdaebc2e660e59fd72960","d__Bacteria","Proteobacteria","Gammaproteobacteria","Burkholderiales","Comamonadaceae","Acidovorax",NA
"d04e4c1e9fafb8ebf3349e18b2229f40","d__Bacteria","Firmicutes","Clostridia","Clostridiales","Caloramatoraceae","Fonticella",NA
"2c333074f9facfb764f4ad9521bab72c","d__Bacteria","Proteobacteria","Alphaproteobacteria","Rhizobiales","Beijerinckiaceae","Bosea",NA
"587bb3e3e672d3a4d0c3a56034778074","d__Bacteria","Proteobacteria","Gammaproteobacteria","Burkholderiales","Methylophilaceae","Methylotenera",NA
"a251c1c8df1c47de365d4437f2fce5dc","d__Bacteria","Actinobacteriota","Acidimicrobiia","IMCC26256","IMCC26256","IMCC26256",NA
"2d0688e4c2aed719d47ccba9804e9cf8","d__Bacteria","Firmicutes","Clostridia","Lachnospirales","Lachnospiraceae",NA,NA
"622412126b9dc8e8572a509683d6ea8d","d__Bacteria","Firmicutes","Bacilli","Bacillales","Planococcaceae",NA,NA
"88b9ae1a96b7fd78b4f66a65cf4640a6","d__Bacteria","Firmicutes","Bacilli","Bacillales","Bacillaceae","Oceanobacillus",NA
"a57159dcd86a4b3bac72169bd77568da","d__Bacteria","Desulfobacterota","Desulfobacteria","Desulfobacterales","Desulfosarcinaceae",NA,NA
"0bec3dee2f97a49d12dd07fd3b5a302e","d__Bacteria","Proteobacteria","Alphaproteobacteria","Rhodobacterales","Rhodobacteraceae","Amaricoccus",NA
"fbc442e8cdcf92ebfd741c7dff2e86a9","d__Bacteria","Proteobacteria","Alphaproteobacteria","Sphingomonadales","Sphingomonadaceae",NA,NA
"85bfd919345f9f13fb1deb77201b69c0","d__Bacteria","Myxococcota","Polyangia","Haliangiales","Haliangiaceae","Haliangium",NA
"e0214d4ce04024ddd4518e1fa148e5a5","d__Bacteria","Actinobacteriota","Actinobacteria","Micrococcales","Micrococcaceae","Rothia",NA
"b22de138a86a0eaf74315f57b2e70e57","d__Bacteria","Actinobacteriota","Actinobacteria","Actinomycetales","Actinomycetaceae","Actinomyces",NA
"697b1cb911db5af0a2ec499cbaeac6c0","d__Bacteria","Proteobacteria","Alphaproteobacteria","Rhizobiales","Devosiaceae",NA,NA
"5a34372d4d40bab55fb4c689cd1bbb27","d__Bacteria","Bacteroidota","Bacteroidia","Bacteroidales","Prevotellaceae","Prevotella",NA
"7f1637823045aa906ba0c7cb2f16a587","d__Bacteria","Proteobacteria","Alphaproteobacteria","Acetobacterales","Acetobacteraceae","Craurococcus-Caldovatus",NA
"933ea4cd552c53e1bb550c84950a8101","d__Bacteria","Actinobacteriota","Actinobacteria","Actinomycetales","Actinomycetaceae","Actinomyces",NA
"5c8dcbc20d7f7eedb93151bb8c8447f2","d__Bacteria","Actinobacteriota","Actinobacteria","Micrococcales","Micrococcaceae",NA,NA
"bec855f4c0233788616be0dc6c6275e6","d__Bacteria","Firmicutes","Clostridia","Peptostreptococcales-Tissierellales","Family_XI","Anaerococcus",NA
"5ee7a59ad61529624a670e1e45c5301b","d__Bacteria","Firmicutes","Bacilli","Staphylococcales","Staphylococcaceae","Staphylococcus",NA
"ccb0dc2c47fe7f70ae88664062da547b","d__Bacteria","Firmicutes","Bacilli","Staphylococcales","Staphylococcaceae","Staphylococcus",NA
"5dfccf4280df054812e82487616e6534","d__Bacteria","Proteobacteria","Alphaproteobacteria","Elsterales","uncultured","uncultured",NA
"9f0c76642590bd9c0b5135e7f5785cbb","d__Bacteria","Firmicutes","Bacilli","Paenibacillales","Paenibacillaceae","Paenibacillus",NA
"2f7fcb6f5f2eb7bcf15d527032110c57","d__Bacteria","Actinobacteriota","Thermoleophilia","Gaiellales",NA,NA,NA
"dcf371bf60fa6f8475a737c6160696c6","d__Bacteria","Actinobacteriota","Thermoleophilia","Gaiellales","uncultured","uncultured",NA
"2f8c2033578af2f797a1361444bd2792","d__Bacteria","Proteobacteria","Gammaproteobacteria","Milano-WF1B-44","Milano-WF1B-44","Milano-WF1B-44",NA
"b94c2b4ae9a20f9aa4d4ea0debfa933f","d__Bacteria","Bacteroidota","Bacteroidia","Flavobacteriales","Weeksellaceae","Chryseobacterium",NA
"00eb9b1f74f9d6f8d2a42221a7c5fffb","d__Bacteria","Proteobacteria","Alphaproteobacteria","Defluviicoccales","Defluviicoccaceae","Defluviicoccus",NA
"ff992b593aa52e94e9984b520ffe597b","d__Bacteria","Actinobacteriota","Actinobacteria","Corynebacteriales","Corynebacteriaceae","Corynebacterium",NA
"73828c0a91bc988a43d505d2a76cfefc","d__Bacteria","Firmicutes","Bacilli","Paenibacillales","Paenibacillaceae","Paenibacillus",NA
"db8784feef4e5774b6b91630e6e2aef1","d__Bacteria","Planctomycetota","Planctomycetes","Isosphaerales","Isosphaeraceae",NA,NA
"b79f06eafe92aeeb1eefc598a68add34","d__Bacteria",NA,NA,NA,NA,NA,NA
"92697a619de572e6ce9b7f16611d2f59","d__Bacteria",NA,NA,NA,NA,NA,NA
"4de5331023f39d56c80bb7431e370005","d__Bacteria","Firmicutes","Clostridia","Peptostreptococcales-Tissierellales","Family_XI","Anaerococcus",NA
"c95cc8e07eb6f8e329e6337f9957929a","d__Bacteria","Firmicutes","Bacilli","Lactobacillales","Lactobacillaceae",NA,NA
"1cc0e22ded12c0497072e424cbeaa343","d__Bacteria","Desulfobacterota","Desulfobacteria","Desulfobacterales","Desulfosarcinaceae","Sva0081_sediment_group",NA
"2adca47be0b3b8e8e0c585bb293f8bf0","d__Bacteria","Actinobacteriota","Actinobacteria","Propionibacteriales","Nocardioidaceae","Nocardioides",NA
"66aa90761638155f5ca39c5bc6109147","d__Bacteria","Actinobacteriota","Actinobacteria","Streptosporangiales","Streptosporangiaceae",NA,NA
"82600273df5df5c5a174f7bef1a373a3","d__Bacteria","Bacteroidota","Bacteroidia","Flavobacteriales","Weeksellaceae","Chryseobacterium",NA
"05166a1821ffa8460d8b010a85cffb73","d__Bacteria","Firmicutes","Clostridia","Peptostreptococcales-Tissierellales","Family_XI","Parvimonas",NA
"10ab089de3cf0e3d4bee56c606247c57","d__Bacteria","Proteobacteria","Gammaproteobacteria","Enterobacterales","Enterobacteriaceae","Escherichia-Shigella",NA
"ecb9f041d5f7192d11d3f0270faf051c","d__Bacteria","Proteobacteria","Gammaproteobacteria",NA,NA,NA,NA
"83edb3b22b820c8f000a86c73875985c","d__Bacteria","Actinobacteriota","Actinobacteria",NA,NA,NA,NA
"dac7e0619783278d2962524bc14284e1","d__Bacteria","Actinobacteriota","Actinobacteria","Pseudonocardiales","Pseudonocardiaceae","Pseudonocardia",NA
"fbf1288456c921daaeb97cbcc9fbe887","d__Bacteria","Actinobacteriota","Actinobacteria","Actinomycetales","Actinomycetaceae","Actinomyces",NA
"611165fd548a230814a5667d62b9c127","d__Bacteria","Firmicutes","Bacilli","Bacillales",NA,NA,NA
"2a05889711439a2085bba11c6c63dfd2","d__Bacteria","Proteobacteria","Gammaproteobacteria","Burkholderiales","Comamonadaceae",NA,NA
"6f4569f5de4a219b775a8f08fab459dc","d__Bacteria","Bacteroidota","Bacteroidia","Cytophagales","Cyclobacteriaceae","Algoriphagus",NA
"e639b302af71bbce36e61afa1feb1c0f","d__Bacteria","Firmicutes","Bacilli","Lactobacillales","Lactobacillaceae","Weissella",NA
"07fc622ea36a06865698db315f0e7713","d__Bacteria","Actinobacteriota","Actinobacteria","Corynebacteriales","Corynebacteriaceae","Corynebacterium",NA
"4c871927c26510b03d649e506aa41d95","d__Bacteria","Bacteroidota","Bacteroidia","Bacteroidales","Bacteroidetes_BD2-2","Bacteroidetes_BD2-2",NA
"28797cf8955d2087af0ed4be9a145da7","d__Bacteria","Campylobacterota","Campylobacteria","Campylobacterales","Sulfurimonadaceae","Sulfurimonas",NA
"da1b2c249a3884c201653928e941be07","d__Bacteria","Firmicutes","Bacilli","Bacillales","Bacillaceae",NA,NA
"2798ffe021938e5df194679f19dcfdaa","d__Bacteria",NA,NA,NA,NA,NA,NA
"f8b51e916ce8fc56d01799d39b58c8fa","d__Bacteria","Actinobacteriota","Actinobacteria","Micrococcales","Cellulomonadaceae",NA,NA
"83fc4dccb2573ee35684402e06987f9a","d__Bacteria","Firmicutes","Bacilli","Staphylococcales","Staphylococcaceae","Staphylococcus",NA
"b429b9a18c970a1d3081feba8130bec8","d__Bacteria","Planctomycetota","Planctomycetes","Isosphaerales","Isosphaeraceae","Aquisphaera",NA
"b9aba6f4bc6fd1e9a84f2558acb731c8","d__Bacteria","Proteobacteria","Gammaproteobacteria","Enterobacterales",NA,NA,NA
"d64881200c482c991828b8eb19e19078","d__Bacteria","Proteobacteria","Alphaproteobacteria","Rickettsiales","Mitochondria","Mitochondria",NA
"903103611d93fe66bbd209f66842dd85","d__Bacteria","Firmicutes","Clostridia","Lachnospirales","Lachnospiraceae","Tyzzerella",NA
"0ebdb596a4069e78a5879225644f3300","d__Bacteria","Firmicutes","Clostridia","Peptostreptococcales-Tissierellales","Family_XI","Anaerococcus",NA
"84d63a19a6f9811c726003c41c25a792","d__Bacteria","Verrucomicrobiota","Verrucomicrobiae","Verrucomicrobiales","Akkermansiaceae","Akkermansia",NA
"ee41d64838b46dac5c68a3560ef834f6","d__Bacteria","Chloroflexi","KD4-96","KD4-96","KD4-96","KD4-96",NA
"70846014941dd1db71fa6af08f00e75d","d__Bacteria","Bacteroidota","Bacteroidia","Bacteroidales","Prevotellaceae",NA,NA
"82a5fd339c75380a91f4b9329daf4e6e","d__Bacteria","Proteobacteria","Gammaproteobacteria","Burkholderiales","Neisseriaceae","Neisseria",NA
"7bec0637c01cabae015eb8340a447670","d__Bacteria","Firmicutes","Bacilli","Bacillales","Planococcaceae","Sporosarcina",NA
"dc3f08d13244ee277d0ec91046179ec5","d__Bacteria","Firmicutes","Clostridia","Oscillospirales","Ruminococcaceae","Candidatus_Soleaferrea",NA
"20d3e869fed6398f8cbf96dca69015b5","d__Bacteria","Planctomycetota","Planctomycetes","Isosphaerales","Isosphaeraceae","uncultured",NA
"2f7239b7e18075f05b2390de38891432","d__Bacteria","Bacteroidota","Bacteroidia","Sphingobacteriales","Sphingobacteriaceae","Pedobacter",NA
"253e1775c99d83bbecff7d8735f5d21e","d__Bacteria","Proteobacteria","Alphaproteobacteria","Rhodobacterales","Rhodobacteraceae","Paracoccus",NA
"fe4a04d8cb4b224a33b1c44e5e819611","d__Bacteria","Proteobacteria","Alphaproteobacteria","Acetobacterales","Acetobacteraceae",NA,NA
"d304079e4e44e097424bf6ff0437b4fb","d__Bacteria","Proteobacteria","Alphaproteobacteria","Rhizobiales","Beijerinckiaceae",NA,NA
"7cbbcc167cc5fb977efd2960529c5a10","d__Bacteria","Planctomycetota",NA,NA,NA,NA,NA
"05c38fb4f689e71b7dc55b7fb15d6165","d__Bacteria","Proteobacteria","Alphaproteobacteria","Rhodobacterales","Rhodobacteraceae",NA,NA
"7185de57d96ef3bdaeefd39064bd8330","d__Bacteria","Firmicutes","Clostridia","Peptostreptococcales-Tissierellales","Family_XI","Anaerococcus",NA
"0727a8ef443dc00c519ab63cbaae278f","d__Bacteria","Firmicutes","Bacilli","Lactobacillales","Listeriaceae","Listeria",NA
"26f6b9891dfe078f05342785218d23a5","d__Bacteria","Firmicutes","Bacilli","Bacillales","Bacillaceae",NA,NA
"a0d70471e14ea0be58bd1546ac9db497","d__Bacteria","Firmicutes","Bacilli","Bacillales","Sporolactobacillaceae","Pullulanibacillus",NA
"b1d2b72a8c5a11c6668302e74da43ab5","d__Bacteria","Proteobacteria","Gammaproteobacteria","Pseudomonadales","Pseudomonadaceae","Pseudomonas",NA
"419a090df40ec2bbdd0be4a3b26aef01","d__Bacteria","Proteobacteria","Alphaproteobacteria","Rhodobacterales","Rhodobacteraceae",NA,NA
"eef2dec64fcab06df28c83e6b9eccabe","d__Bacteria","Proteobacteria","Gammaproteobacteria","Pseudomonadales","Halieaceae",NA,NA
"6f1f115c17af32ccba4512a42c9a08c6","d__Bacteria","Actinobacteriota","Actinobacteria","Corynebacteriales","Corynebacteriaceae","Corynebacterium",NA
"cb4b00ffa7c66d1e16ecfbba52e1e19c","d__Bacteria","Chloroflexi","Anaerolineae","SBR1031","SBR1031","SBR1031",NA
"6f0c6b4649509e0d7fa6bae26358af43","d__Bacteria","Bacteroidota","Bacteroidia","Bacteroidetes_VC2.1_Bac22","Bacteroidetes_VC2.1_Bac22","Bacteroidetes_VC2.1_Bac22",NA
"54f61b1aa0ebf731c33b1e2cf818140d","d__Bacteria","Actinobacteriota","Actinobacteria","Propionibacteriales","Propionibacteriaceae","Propioniferax",NA
"825fc400399e3ab85a79046232fc7252","d__Bacteria","Actinobacteriota","Actinobacteria","Kineosporiales","Kineosporiaceae","Quadrisphaera",NA
"b9d3a8a99e3b904051997a388e517fc9","d__Bacteria","Actinobacteriota","Thermoleophilia","Gaiellales","Gaiellaceae","Gaiella",NA
"1542331bd988772242ff62d138379aca","d__Bacteria","Firmicutes","Clostridia","Peptostreptococcales-Tissierellales","Family_XI","Helcococcus",NA
"c4f0beb4a4aed571b89e1df92679c70b","d__Bacteria","Proteobacteria","Alphaproteobacteria","Rhodobacterales","Rhodobacteraceae",NA,NA
"c2c2f2be0875e8cd2fb99a77c7d683ef","d__Bacteria","Actinobacteriota","Actinobacteria","Micrococcales","Micrococcaceae",NA,NA
"ab8242d74a8918e4ae9b1d7b5275ad81","d__Bacteria","Firmicutes","Clostridia","Peptostreptococcales-Tissierellales","Peptostreptococcaceae","Peptostreptococcus",NA
"8a13468af497768f6e4293ad5db79101","d__Bacteria","Bacteroidota","Bacteroidia","Flavobacteriales","Flavobacteriaceae","Flavobacterium",NA
"fbfe708bf8a020de268c1cb05941b2c8","d__Bacteria","Chloroflexi","Anaerolineae","RBG-13-54-9","RBG-13-54-9","RBG-13-54-9",NA
"7782b0045c8a62e2f5ef605b1ed5b999","d__Bacteria","Proteobacteria","Alphaproteobacteria","Defluviicoccales","Defluviicoccaceae","Defluviicoccus",NA
"254190747be89a234d0430fc88f32ddb","d__Bacteria","Actinobacteriota","Actinobacteria","Corynebacteriales","Corynebacteriaceae","Lawsonella",NA
"2241f39bd80b77c5a03e16e271c4e5e3","d__Bacteria","Actinobacteriota","Actinobacteria","Propionibacteriales","Nocardioidaceae","Marmoricola",NA
"76d38fb443d5bd4fcca9677a11758e3e","d__Bacteria","Firmicutes","Clostridia","Oscillospirales","Ethanoligenenaceae","Ethanoligenens",NA
"5eedabb9a210fc9e7e1e04c961524c07","d__Bacteria","Proteobacteria","Alphaproteobacteria","Rhizobiales","Rhizobiaceae",NA,NA
"eab4b0d34ee7df0d71cb3e7402e54066","d__Bacteria","Firmicutes","Bacilli","Lactobacillales","Carnobacteriaceae","Alloiococcus",NA
"80ff8364de781d2fdc037942d5702137","d__Bacteria","Firmicutes","Clostridia","Clostridiales","Clostridiaceae",NA,NA
"fce663cc04404ef63e78934597580613","d__Bacteria","Actinobacteriota","Actinobacteria","Frankiales","Acidothermaceae","Acidothermus",NA
"63a64228bf8b30050697c171b9664686","d__Bacteria","Bacteroidota","Bacteroidia",NA,NA,NA,NA
"5506ac03daf2799da3e959e9c169dd3f","d__Bacteria","Actinobacteriota","Actinobacteria","Corynebacteriales","Corynebacteriaceae","Corynebacterium",NA
"1ceb925b960afd99b9eb5d69904a40ca","d__Bacteria","Proteobacteria","Alphaproteobacteria","Rhodobacterales","Rhodobacteraceae",NA,NA
"7aec2b123b7102b9588dd6f7326c87cc","d__Bacteria","Firmicutes","Bacilli","Staphylococcales","Staphylococcaceae","Staphylococcus",NA
"b3ef6de983e63eef3e40ce2de1fd5b47","d__Bacteria","Proteobacteria","Gammaproteobacteria","Enterobacterales","Pasteurellaceae","Haemophilus",NA
"91bd2035eccc73345bc9584425d15691","d__Bacteria","Actinobacteriota","Actinobacteria","Propionibacteriales","Propionibacteriaceae",NA,NA
"ac7d258c41fa16af407a598e98add6a8","d__Bacteria","Bacteroidota","Bacteroidia","Bacteroidales","Prevotellaceae","Paraprevotella",NA
"77bdb8555cf2e2eb9be4efc2253781b5","d__Bacteria","Proteobacteria","Alphaproteobacteria","Acetobacterales","Acetobacteraceae",NA,NA
"440dc908c458b55922e7281fcecdcd53","d__Bacteria","Proteobacteria","Alphaproteobacteria","Rhizobiales","Hyphomicrobiaceae","Hyphomicrobium",NA
"5fa15ab03ba2748e9c0e27e9d4e54875","d__Bacteria",NA,NA,NA,NA,NA,NA
"ffeea31650df1e2f05523923e57cca5c","d__Bacteria","Actinobacteriota","Actinobacteria","Corynebacteriales","Corynebacteriaceae","Corynebacterium",NA
"b45c0da960ffb6338787a7874a8e82ef","d__Bacteria","Fusobacteriota","Fusobacteriia","Fusobacteriales","Fusobacteriaceae","Fusobacterium",NA
"10dab87ada77334fc1a3176a8e5cbee7","d__Bacteria","Planctomycetota","Planctomycetes","Isosphaerales","Isosphaeraceae","uncultured",NA
"a78db791b7698589624500cd2b6bb856","d__Bacteria","Firmicutes","Bacilli","Lactobacillales","Lactobacillaceae","Leuconostoc",NA
"ab7759a33bcb41fe8a6ba600e88ca147","d__Bacteria","Firmicutes","Bacilli","Lactobacillales","Lactobacillaceae","Limosilactobacillus",NA
"f6b001f6190141cc65391cda456d04c3","d__Bacteria","Gemmatimonadota","Gemmatimonadetes","Gemmatimonadales","Gemmatimonadaceae","uncultured",NA
"e8c2a3c27e9521f57d97a75bcf6d3c8d","d__Bacteria","Actinobacteriota","Thermoleophilia","Solirubrobacterales","67-14","67-14",NA
"c12db35d1eb7e56b34112edfb1f28214","d__Bacteria","Firmicutes","Bacilli","Lactobacillales","Lactobacillaceae","Lapidilactobacillus",NA
"07dd4c1160a2b904a32d7e6833dc9e06","d__Bacteria","Firmicutes","Bacilli","Staphylococcales","Staphylococcaceae","Staphylococcus",NA
"6d9b483f7ed621a6561d5250258dfc97","d__Bacteria","Desulfobacterota","Desulfuromonadia","Bradymonadales","Bradymonadales","Bradymonadales",NA
"18c80236ba73424bd0e1837c02e359d3","d__Bacteria","Actinobacteriota","Actinobacteria","Micrococcales","Intrasporangiaceae",NA,NA
"c6bacaac1b10095ae7b8780dbf6e94be","d__Bacteria","Proteobacteria","Alphaproteobacteria","Rhizobiales","Beijerinckiaceae","Microvirga",NA
"ad8bee30fb9e7d52bda9a45995a028e8","d__Bacteria","Firmicutes","Bacilli","Bacillales","Bacillaceae",NA,NA
"53b70c07b6612bb832fb3cb6e363a6f4","d__Bacteria","Proteobacteria","Alphaproteobacteria","Rhizobiales","Devosiaceae",NA,NA
"bb35269e27ebc4c8fed7747c3faa98fe","d__Bacteria","Firmicutes","Bacilli","Paenibacillales","Paenibacillaceae","Paenibacillus",NA
"cff23480195898a6d537670205600c4c","d__Bacteria","Proteobacteria","Alphaproteobacteria","Rhizobiales","Methyloligellaceae","uncultured",NA
"cc38dfda201ca8fffd60f549af066d7f","d__Bacteria","Proteobacteria","Alphaproteobacteria","Rhizobiales","Beijerinckiaceae","Methylocystis",NA
"27d10b32fb9796fcbdb79b66c0247e59","d__Bacteria","Firmicutes","Clostridia","Clostridiales","Caloramatoraceae",NA,NA
"8c04be71ec93bd9c49e715e7d69728b5","d__Bacteria","Proteobacteria","Gammaproteobacteria","Burkholderiales","Burkholderiaceae","Lautropia",NA
"40e913ca365266151d3717caf3c5e22e","d__Bacteria","Actinobacteriota","Actinobacteria","Micrococcales","Micrococcaceae","Micrococcus",NA
"03be4be3c722c0260f4c7f5073b4a928","d__Bacteria","Proteobacteria","Gammaproteobacteria","Piscirickettsiales","Piscirickettsiaceae","Candidatus_Endoecteinascidia",NA
"17b26dc71364c499172b55f19a90af52","d__Bacteria","Proteobacteria","Alphaproteobacteria","Acetobacterales","Acetobacteraceae","Roseomonas",NA
"f117efedc707432b93aeb024d7365791","d__Bacteria","Planctomycetota","BD7-11","BD7-11","BD7-11","BD7-11",NA
"4ea0065bb692a644bab90902eb496a91","d__Bacteria","Desulfobacterota","Desulfuromonadia","Desulfuromonadales","Sva1033","Sva1033",NA
"0ded0b97695ce1857d5256193822f3c9","d__Bacteria","Spirochaetota","Spirochaetia","Spirochaetales","Spirochaetaceae","uncultured",NA
"32099c9353360a8a582ea232347e37a9","d__Bacteria","Proteobacteria","Alphaproteobacteria","Reyranellales","Reyranellaceae","Reyranella",NA
"4a1e044c284562fb8f37650def86d270","d__Bacteria","Firmicutes","Clostridia","Lachnospirales","Lachnospiraceae",NA,NA
"6cb875dd9ce7943ea49baf51ef54ab5e","d__Bacteria","Gemmatimonadota","Gemmatimonadetes","Gemmatimonadales","Gemmatimonadaceae","uncultured",NA
"e17d5c54664df30f484ec99dfbcc1750","d__Bacteria","Proteobacteria","Gammaproteobacteria","Pseudomonadales","Nitrincolaceae","Neptunomonas",NA
"4ec4a9008fac92db821747ec09b05885","d__Bacteria","Proteobacteria","Gammaproteobacteria",NA,NA,NA,NA
"2755b4496026d9d5447ef0941ff139a6","d__Bacteria","Proteobacteria","Alphaproteobacteria","Acetobacterales","Acetobacteraceae",NA,NA
"83e574d017338ef0ad8f90763032db57","d__Bacteria","Actinobacteriota","Actinobacteria","Frankiales","Acidothermaceae","Acidothermus",NA
"9d044bcb11af9c5cbf6db96945fb5893","d__Bacteria","Proteobacteria","Alphaproteobacteria","Caulobacterales","Caulobacteraceae","Brevundimonas",NA
"755756224774fe289414c1c1986b09ad","d__Bacteria","Actinobacteriota","Thermoleophilia","uncultured","uncultured","uncultured",NA
"a8c0ed27005b5e21ab8765b6c79a2877","d__Bacteria","Firmicutes","Bacilli","Lactobacillales","Lactobacillaceae","Latilactobacillus",NA
"2689cd33a248b3e6e8b029be57c8d29b","d__Bacteria","Firmicutes","Clostridia","Lachnospirales","Lachnospiraceae","Oribacterium",NA
"f248236df9f159ed467195e73b37de17","d__Bacteria","Actinobacteriota","Actinobacteria","Streptomycetales","Streptomycetaceae",NA,NA
"7b9934116fe16963ddd1cbff0390aad3","d__Bacteria","Actinobacteriota","Thermoleophilia","Solirubrobacterales","67-14","67-14",NA
"99f6d7be1821a6710a35e2af39a7cf31","d__Bacteria","Actinobacteriota","Thermoleophilia","Gaiellales","uncultured","uncultured",NA
"19d834ea9a9635b6d3cef4f6e58e5c02","d__Bacteria","Myxococcota","Myxococcia","Myxococcales","Anaeromyxobacteraceae","Anaeromyxobacter",NA
"4ecd05353088d9ea5e0127fa655017b1","d__Bacteria","Proteobacteria","Alphaproteobacteria","Acetobacterales","Acetobacteraceae",NA,NA
"d955224950fc66559a88545dcb2a6a79","d__Bacteria","Proteobacteria","Alphaproteobacteria","Sphingomonadales","Sphingomonadaceae","Sphingoaurantiacus",NA
"b9807ddb56bb05838712421ccaa31cdf","d__Bacteria","Proteobacteria","Gammaproteobacteria","Burkholderiales","Burkholderiaceae","Limnobacter",NA
"8e65815ad1946f14c0db326d98ebb4b1","d__Bacteria","Proteobacteria","Gammaproteobacteria","Burkholderiales","Nitrosomonadaceae","mle1-7",NA
"3d4d76b7d11b36b3dd03aa0c9006e20a","d__Bacteria","Bacteroidota","Bacteroidia","Flavobacteriales","Flavobacteriaceae",NA,NA
"3603b84f1a6b0d2edec77b368969ca1a","d__Bacteria","Actinobacteriota","Actinobacteria","Micrococcales","Micrococcaceae",NA,NA
"c90d845393563295749300e255c17fcf","d__Bacteria","Chloroflexi","Anaerolineae","Anaerolineales","Anaerolineaceae","uncultured",NA
"dcd680438d31461f5225ce90d58a1cd2","d__Bacteria","Actinobacteriota","Acidimicrobiia","Actinomarinales","uncultured","uncultured",NA
"94bfa9a785c206fc7852cb693b8e11c2","d__Bacteria","Calditrichota","Calditrichia","Calditrichales","Calditrichaceae","Calorithrix",NA
"4caa55700b48a5e9d2e57d7bb74b2a18","d__Bacteria","Chloroflexi","Anaerolineae","Anaerolineales","Anaerolineaceae","uncultured",NA
"4e1ff2634a69f70093366fb58bccad6c","d__Bacteria","Verrucomicrobiota","Kiritimatiellae","WCHB1-41","WCHB1-41","WCHB1-41",NA
"d75419dc7f69ae8570a9b75a1e115954","d__Bacteria","Verrucomicrobiota","Verrucomicrobiae","Verrucomicrobiales","Rubritaleaceae","Roseibacillus",NA
"d3139651e1c735e18eed47c45aa26df8","d__Bacteria","Cyanobacteria","Cyanobacteriia","Chloroplast","Chloroplast","Chloroplast",NA
"ca2d572c3b86042d3b083a3e1a015c82","d__Bacteria","Bdellovibrionota","Bdellovibrionia","Bacteriovoracales","Bacteriovoracaceae","Peredibacter",NA
"177fdc7b942187294f5cae842e9391aa","d__Bacteria","Proteobacteria","Alphaproteobacteria","Rhodobacterales","Rhodobacteraceae","Rubellimicrobium",NA
"3a7b01903c2542d69888cea0a64fcd70","d__Bacteria","Bacteroidota","Bacteroidia","Bacteroidales","Prevotellaceae","Prevotella_7",NA
"79a8ba2afb24f4cc5980af73851bc3eb","d__Bacteria","Firmicutes","Bacilli","Lactobacillales","Streptococcaceae","Streptococcus",NA
"1b4bbdc603e2cbd32b87065b981d9c1b","d__Bacteria","Bacteroidota","Bacteroidia","Bacteroidales","Prevotellaceae","Prevotella",NA
"d3dacfebf69db0358ce203430d2c636d","d__Bacteria","Actinobacteriota","Actinobacteria","Micrococcales","Microbacteriaceae",NA,NA
"f4fcc32cede66b84e8025968e061e67f","d__Bacteria","Planctomycetota","Planctomycetes","Isosphaerales","Isosphaeraceae",NA,NA
"2363d264b2a1fc3afae031316b77ecd5","d__Bacteria","Actinobacteriota","Actinobacteria","Frankiales","Nakamurellaceae","Nakamurella",NA
"66efb93c4c49e04556f491822a166a10","d__Bacteria","Cyanobacteria","Cyanobacteriia","Cyanobacteriales","Chroococcidiopsaceae","uncultured",NA
"eff278ae51996a8abd20dabdfd21b788","d__Bacteria","Bacteroidota","Bacteroidia","Bacteroidales","Prevotellaceae",NA,NA
"ee6af463d02447c1143c3b2abbd91bdf","d__Bacteria","Synergistota","Synergistia","Synergistales","Synergistaceae","Fretibacterium",NA
"28d23ea19a9b48ad517db931b5f86972","d__Bacteria","Actinobacteriota","Actinobacteria","Actinomycetales","Actinomycetaceae","Actinomyces",NA
"54d98c183ff7423102961ddb8038a442","d__Bacteria","Myxococcota","Polyangia","Polyangiales","Sandaracinaceae","uncultured",NA
"232988007b7ea023129d08efe8471908","d__Bacteria","Proteobacteria","Alphaproteobacteria","Rhizobiales","Beijerinckiaceae",NA,NA
"51feceea0b4ddee8bbecfdefb0bd84b6","d__Bacteria","Actinobacteriota","Actinobacteria","Micrococcales","Microbacteriaceae",NA,NA
"d8b3c3105beac305799239d1d26f9643","d__Bacteria","Firmicutes","Bacilli","Lactobacillales","Aerococcaceae",NA,NA
"418c9bd43bae6da2c011bfa3ecf28fbb","d__Bacteria","Bacteroidota","Bacteroidia","Bacteroidales","Barnesiellaceae","uncultured",NA
"37bffbfdc0ecc3aca6821cb059e67b78","d__Bacteria","Proteobacteria","Gammaproteobacteria","Burkholderiales","Burkholderiaceae","Ralstonia",NA
"7e1cfc863a3a58c7ca5811f736ee54d5","d__Bacteria","Planctomycetota","Planctomycetes","Pirellulales","Pirellulaceae",NA,NA
"3bc2a75999c7e73d285b986acbe1da5b","d__Bacteria","Actinobacteriota","Actinobacteria","Frankiales","Acidothermaceae","Acidothermus",NA
"10d3ab260c151f2240aec638b0a83f05","d__Bacteria","Proteobacteria","Gammaproteobacteria","Burkholderiales","Comamonadaceae",NA,NA
"02451c1e977f9a8c8889d833434c8ba2","d__Bacteria","Proteobacteria","Gammaproteobacteria","Pseudomonadales","Moraxellaceae","Acinetobacter",NA
"69dbcbdf7546e45eb71e9317ff138475","d__Bacteria","Acidobacteriota","Acidobacteriae","Solibacterales","Solibacteraceae","Candidatus_Solibacter",NA
"45ff1460a9113d79b89bd12710e00b30","d__Bacteria","Firmicutes","Bacilli","Lactobacillales","Lactobacillaceae","Ligilactobacillus",NA
"22a0c517bebf8ede409953462b010287","d__Bacteria",NA,NA,NA,NA,NA,NA
"7feace8fd0ce932f02c4538944a2eec3","d__Bacteria","Actinobacteriota","Actinobacteria","Corynebacteriales","Corynebacteriaceae","Corynebacterium",NA
"04e47f0a90f59b723961e5bfc8d56ed1","d__Bacteria","Firmicutes","Bacilli","Lactobacillales","Streptococcaceae","Streptococcus",NA
"0fcf5c84e66a95dde5856eb52d4ddc04","d__Bacteria","Cyanobacteria","Cyanobacteriia","Chloroplast","Chloroplast","Chloroplast",NA
"6c422df4bfc5f4dd71747903e6225bd6","Unassigned",NA,NA,NA,NA,NA,NA
"0c96d259275a6fc2c69db594232c47ca","d__Bacteria","Proteobacteria","Alphaproteobacteria","Rhizobiales","Devosiaceae","Devosia",NA
"6a318374bfb9f18bbd0951a0d1a6017f","d__Bacteria","Actinobacteriota","Coriobacteriia","Coriobacteriales","Eggerthellaceae",NA,NA
"76ac501512341aef384081a04e528e77","d__Bacteria","Firmicutes","Clostridia","uncultured","uncultured","uncultured",NA
"74bc638ba22e391711028efad71b5e93","d__Bacteria","Gemmatimonadota","Gemmatimonadetes","Gemmatimonadales","Gemmatimonadaceae","Gemmatimonas",NA
"229ad07aa122de9e1a3fc79991304f84","d__Bacteria","Actinobacteriota","Thermoleophilia","Gaiellales",NA,NA,NA
"d2dc0b6ea422a5226d19153d6dbe1c43","d__Bacteria","Bacteroidota","Bacteroidia","Bacteroidales","Prevotellaceae","Prevotella",NA
"de1a776cb9a4bceedb75f459c623691a","d__Bacteria","Actinobacteriota","Actinobacteria","Bifidobacteriales","Bifidobacteriaceae","Bifidobacterium",NA
"746f3ab40cc04f2e0f3af6364248721a","d__Bacteria","Acidobacteriota","Subgroup_26","Subgroup_26","Subgroup_26","Subgroup_26",NA
"d0adee9c0b499a0ed5a86b04292d4223","d__Bacteria","Actinobacteriota","Coriobacteriia","Coriobacteriales","uncultured","uncultured",NA
"6aea2e5c4809a6ca2178c4daee2d4e56","d__Bacteria","Desulfobacterota","Desulfobacteria","Desulfobacterales","Desulfosarcinaceae",NA,NA
"6a785d999e6e91b81377751f395f42a4","d__Bacteria","Proteobacteria","Alphaproteobacteria","Rhizobiales","Hyphomicrobiaceae","Hyphomicrobium",NA
"f5ebc20c71fc574c3eb7dfcdc9eac9d6","d__Bacteria","Proteobacteria","Alphaproteobacteria","Rhizobiales","Xanthobacteraceae","Tardiphaga",NA
"6897ca403899dc81ab1a92e6e063ae0e","d__Bacteria","Proteobacteria","Alphaproteobacteria","Rhizobiales","Hyphomicrobiaceae","Hyphomicrobium",NA
"32f54a59f108434e91150942f11b4bd0","d__Bacteria","Proteobacteria","Alphaproteobacteria","Acetobacterales","Acetobacteraceae","Craurococcus-Caldovatus",NA
"dcfc9b89397b2ff27a04e9b057e8566b","d__Bacteria","Proteobacteria","Gammaproteobacteria","Burkholderiales","Alcaligenaceae","Verticiella",NA
"5724bda99a67e5eb11dfc6e93192c8f5","d__Bacteria","Firmicutes","Clostridia","Clostridiales","Clostridiaceae",NA,NA
"dccecb8e3cfa51665158fe693f093116","d__Bacteria","Firmicutes","Bacilli","Erysipelotrichales","Erysipelotrichaceae","Faecalibaculum",NA
"43f811d2339e64e7726987ef6026ff8c","d__Archaea","Euryarchaeota","Methanobacteria","Methanobacteriales","Methanobacteriaceae","Methanosphaera",NA
"3d6afde6617d38244e060413cf3689b3","d__Bacteria","Proteobacteria","Gammaproteobacteria","Legionellales","Legionellaceae","Legionella",NA
"4cde5709106e70a96d06eb515c04a780","d__Bacteria","Firmicutes","Bacilli","Bacillales","Bacillaceae","Bacillus",NA
"d1cf9ebab15b85fd8f4fe386ad9ac6af","d__Bacteria","Firmicutes","Bacilli","Staphylococcales","Staphylococcaceae","Staphylococcus",NA
"9726c84950a921569926f639909d9bab","d__Bacteria","Proteobacteria","Gammaproteobacteria","Pseudomonadales","Moraxellaceae","Acinetobacter",NA
"9edff1b843daa81614a975af5539b2a9","d__Bacteria","Firmicutes","Bacilli","Bacillales","Bacillaceae","Bacillus",NA
"aab47839e931fd435f192b9c704a6cad","d__Bacteria","Calditrichota","Calditrichia","Calditrichales","Calditrichaceae","Calditrichaceae",NA
"305da69d39926cfad4560db9df660927","d__Bacteria","Firmicutes","Bacilli","Lactobacillales","Lactobacillaceae","Lactobacillus",NA
"20490d3a2dfea1a0606a92c5d996c126","d__Bacteria","Actinobacteriota","Actinobacteria","Micrococcales","Microbacteriaceae","Microbacterium",NA
"34335ed5fac90c76b0b318117830fdd2","d__Bacteria","Actinobacteriota","Actinobacteria","Actinomycetales","Actinomycetaceae","Actinomyces",NA
"208392e41636063272e14198ac1377a4","d__Bacteria","Firmicutes","Clostridia","Eubacteriales","Eubacteriaceae","Eubacterium",NA
"430b75a128d358c90d1e6e6779a7a702","d__Bacteria","Firmicutes","Clostridia","Peptostreptococcales-Tissierellales","Peptostreptococcaceae","Terrisporobacter",NA
"bdeae3e0e3ec74815cd4676cfd36ce84","d__Bacteria","Firmicutes","Bacilli","Bacillales","Bacillaceae","Aeribacillus",NA
"5a85472cc65640f1b3246ed453ae54be","d__Bacteria","Actinobacteriota","Actinobacteria","Corynebacteriales","Corynebacteriaceae","Corynebacterium",NA
"ff0f19aa93129da7cd4a6fab3d581f33","d__Bacteria","Firmicutes","Bacilli","Bacillales","Bacillaceae","Bacillus",NA
"89b174cecb9a0c7fc113fc7c6f72026a","d__Bacteria","Proteobacteria","Alphaproteobacteria","Rhizobiales","Beijerinckiaceae","Methylobacterium-Methylorubrum",NA
"3ddc362f5cbfed8704efa3acbc6bbe4a","d__Bacteria","Actinobacteriota","Actinobacteria","Corynebacteriales","Corynebacteriaceae","Corynebacterium",NA
"70af8a24a01ab9a71ab48638a0769f77","d__Bacteria","Patescibacteria","Saccharimonadia","Saccharimonadales","Saccharimonadaceae","Candidatus_Saccharimonas",NA
"b0c875a9d1afefc97423bde8f66f6e74","d__Bacteria","Proteobacteria","Alphaproteobacteria","Caulobacterales","Caulobacteraceae","Brevundimonas",NA
"59c603f6d01cbef5a0ddf0d46afc1f9a","d__Bacteria","Proteobacteria","Gammaproteobacteria","Burkholderiales","Neisseriaceae","Neisseria",NA
"aa918c26c16100518374c98fb9c6810f","d__Bacteria","Firmicutes","Clostridia",NA,NA,NA,NA
"7d9168e3ca3aa17cdd4a732c0fd2418a","d__Bacteria","Firmicutes","Clostridia","Oscillospirales","Ruminococcaceae","Subdoligranulum",NA
"c4a0b31a964b6eebc2c8222eec1850ab","d__Bacteria",NA,NA,NA,NA,NA,NA
"56dd30b423002dff918f5c69ea68cbbe","d__Bacteria","WOR-1","WOR-1","WOR-1","WOR-1","WOR-1",NA
"d08c66216cd58254ddabf41d113e2b47","d__Bacteria","Actinobacteriota","Actinobacteria","Streptomycetales","Streptomycetaceae","Streptomyces",NA
"5cfbde94cb1c58943ff0a8cb9d1a2903","d__Bacteria","Actinobacteriota","Actinobacteria","Pseudonocardiales","Pseudonocardiaceae","Actinomycetospora",NA
"455585316aa5c7a0056912c006de1673","d__Bacteria","Actinobacteriota","Actinobacteria","Corynebacteriales","Corynebacteriaceae","Corynebacterium",NA
"69d9a8e983408b960f2f70e27db0ac0c","d__Bacteria","Firmicutes","Clostridia","Lachnospirales","Lachnospiraceae",NA,NA
"4dca97f55cee052afb7b10177d77666a","d__Bacteria","Actinobacteriota","Thermoleophilia","Gaiellales","uncultured","uncultured",NA
"38fdafb001a5ffd22b1ce4d23d5ac576","d__Bacteria","Acidobacteriota","Blastocatellia","Blastocatellales","Blastocatellaceae",NA,NA
"25e5c5dc750e26e53f68642fed65e1f9","d__Bacteria","Proteobacteria","Alphaproteobacteria","Rhizobiales","Beijerinckiaceae","Roseiarcus",NA
"6d19673e95b1f564577b4a310287bd0e","d__Bacteria","Acidobacteriota","Subgroup_5","Subgroup_5","Subgroup_5","Subgroup_5",NA
"0f825af9c56cd4b1e76a613e3012e6ad","d__Bacteria","Proteobacteria","Gammaproteobacteria","Enterobacterales","Pasteurellaceae","uncultured",NA
"8a8b699ad8835c53c914a513a59874a1","d__Bacteria","Actinobacteriota","Acidimicrobiia","IMCC26256","IMCC26256","IMCC26256",NA
"15338b3db9ba4b1b34bc673dc2bd9a60","d__Bacteria","Actinobacteriota","Actinobacteria","Corynebacteriales","Corynebacteriaceae","Corynebacterium",NA
"5560075fc92cff177d24a925083a2b69","d__Bacteria","Actinobacteriota","Actinobacteria","Micrococcales","Microbacteriaceae",NA,NA
"d9a468df2b9d09a06707e97fef8fca98","d__Bacteria","Proteobacteria","Alphaproteobacteria","Sphingomonadales","Sphingomonadaceae",NA,NA
"c8b4bba02459a4b323578c7c612b1662","d__Bacteria","Firmicutes","Negativicutes","Veillonellales-Selenomonadales","Veillonellaceae","Megasphaera",NA
"f9a846fcbe75231e92190b0e66365d90","d__Bacteria","Proteobacteria","Alphaproteobacteria",NA,NA,NA,NA
"87631d4911399f39362cc96ad848e5aa","d__Bacteria","Firmicutes","Clostridia","Peptostreptococcales-Tissierellales","Family_XI","Peptoniphilus",NA
"43d7a0f6f101bccc1321d1434b837421","d__Bacteria","Chloroflexi","Dehalococcoidia","S085","S085","S085",NA
"2379dc76fc884a1e83590d81b185592e","d__Bacteria","Firmicutes","Negativicutes","Veillonellales-Selenomonadales","Selenomonadaceae",NA,NA
"55cc22838e25eb3f160b4d73bd9531fc","d__Bacteria","Proteobacteria","Gammaproteobacteria","Thiotrichales","Thiotrichaceae","uncultured",NA
"6d6a1d864c21cbfe890f61f658ff86ea","d__Bacteria",NA,NA,NA,NA,NA,NA
"c692241c806dc9aa2bc27fb670e9a038","d__Bacteria","Bacteroidota","Bacteroidia","Bacteroidales",NA,NA,NA
"22e0e177408f033eaf61294ed583a3a7","d__Bacteria","Firmicutes","Clostridia","Peptostreptococcales-Tissierellales","Family_XI","Anaerococcus",NA
"93b6a20f52b9accc4bd868513a533cda","d__Bacteria","Firmicutes","Negativicutes","Veillonellales-Selenomonadales","Veillonellaceae","Negativicoccus",NA
"3fd58376f2c33530b7432b802e05d816","d__Bacteria","Firmicutes","Bacilli","Bacillales","Bacillaceae","Terribacillus",NA
"3abffe67aafbc367d7c80592f864bf09","d__Bacteria","Actinobacteriota","Actinobacteria","Micrococcales","Brevibacteriaceae","Brevibacterium",NA
"4879cd7445b30b1ff1e99f77af0ba1cf","d__Bacteria","Firmicutes","Clostridia","Peptostreptococcales-Tissierellales","Anaerovoracaceae",NA,NA
"e24e1dcebdd1f84da6608a8b63670d9a","d__Bacteria","Firmicutes","Bacilli","Lactobacillales",NA,NA,NA
"e448727118f486085b3c589e649ee893","d__Bacteria","Actinobacteriota","Thermoleophilia","Solirubrobacterales","67-14","67-14",NA
"0909d828d5e552d94542d0092dd7564c","d__Bacteria","Campylobacterota","Campylobacteria","Campylobacterales","Helicobacteraceae","Helicobacter",NA
"a8eaab7b9728cdd8738f5fc84a27bd6f","d__Bacteria","Myxococcota","Polyangia","Polyangiales","Sandaracinaceae","uncultured",NA
"7b98dc182b202853f559b1398ea2e92e","d__Bacteria","Firmicutes","Bacilli","Lactobacillales","Streptococcaceae","Streptococcus",NA
"9cb9f2e4045a8be14129d3d697d1bdfa","d__Bacteria","Firmicutes","Bacilli","Staphylococcales","Staphylococcaceae",NA,NA
"ff2e50afb4d020c7e228323b7fdd36b6","d__Bacteria","Actinobacteriota","Actinobacteria","Kineosporiales","Kineosporiaceae","Quadrisphaera",NA
"fd5e0ed48e97c7ce84b5d3d332bd8899","d__Bacteria","Firmicutes","Bacilli","Lactobacillales",NA,NA,NA
"e0e0f57f7411789cb8eb0fc758d5b684","d__Bacteria","Proteobacteria","Gammaproteobacteria","Burkholderiales","Neisseriaceae","uncultured",NA
"4d01022dcec36e9a2d9a29c8bd56f838","d__Bacteria","Firmicutes","Clostridia","Lachnospirales","Lachnospiraceae",NA,NA
"97299049260f301f3ffa438b9588e236","d__Bacteria","Firmicutes","Bacilli","Bacillales","Bacillaceae",NA,NA
"1c70b59085712402720a4a6a143a5516","d__Bacteria","Actinobacteriota","Acidimicrobiia","Microtrichales",NA,NA,NA
"c967556bc0382ac90b97f1f8bdfe2572","d__Bacteria","Bacteroidota","Bacteroidia","Bacteroidales","Prevotellaceae",NA,NA
"05850e3a14c9165866f9370c0b96e968","d__Bacteria","Firmicutes","Limnochordia","Limnochordales","Limnochordaceae","Limnochordaceae",NA
"a9a31c30c3eb8c604abc8db70bea780c","d__Bacteria","Actinobacteriota","Thermoleophilia","Solirubrobacterales","Solirubrobacteraceae","Parviterribacter",NA
"42342fcc6d020761304470335edbaa24","d__Bacteria","Proteobacteria","Gammaproteobacteria","Enterobacterales",NA,NA,NA
"2395b0f30591ae1d46f9d43d6a35b80a","d__Bacteria","Actinobacteriota","Actinobacteria","Micrococcales","Beutenbergiaceae",NA,NA
"5e48d6758f2cae52aa82acd24495d9c4","d__Bacteria","Latescibacterota","Latescibacterota","Latescibacterota","Latescibacterota","Latescibacterota",NA
"e08d3f9ec72eb8da58ee106010a97454","d__Bacteria","Proteobacteria","Alphaproteobacteria","Sphingomonadales","Sphingomonadaceae","Sphingobium",NA
"fff26145a539fa63734216dae722ca3b","d__Bacteria","Cyanobacteria","Cyanobacteriia","Chloroplast","Chloroplast","Chloroplast",NA
"6a5e6f2783413323509f5c4211587ec1","d__Bacteria","Actinobacteriota","Acidimicrobiia","IMCC26256","IMCC26256","IMCC26256",NA
"adcc387880a75376ab7904b8f138bf64","d__Bacteria","Actinobacteriota","Actinobacteria","Corynebacteriales","Corynebacteriaceae","Corynebacterium",NA
"26b69dfddb1969d2591d963bf0078d58","d__Bacteria","Latescibacterota","Latescibacteria","Latescibacterales","Latescibacteraceae","Latescibacteraceae",NA
"28149e4729f02e23be77739ed60fca22","d__Bacteria","Verrucomicrobiota","Lentisphaeria","Oligosphaerales","Lenti-02","Lenti-02",NA
"1d5197f5db69c21fc9928d1705fc769a","d__Eukaryota","Cercozoa","Ascetosporea","Haplosporida","Haplosporida","Haplosporida",NA
"8eec005d31895d588547763ecfc059aa","d__Bacteria","Actinobacteriota","Actinobacteria","Propionibacteriales","Propionibacteriaceae","Tessaracoccus",NA
"1b4f431b8a92fe2a3a0d5f86f55f3b04","d__Bacteria","Actinobacteriota","Actinobacteria",NA,NA,NA,NA
"ba2fafbf4476248b52bc6626345afc19","d__Bacteria","Firmicutes","Clostridia","Lachnospirales","Lachnospiraceae","[Ruminococcus]_torques_group",NA
"1ce6547e32b22598806bb4ac89a89776","d__Bacteria","Firmicutes","Bacilli","Lactobacillales","Carnobacteriaceae","Carnobacterium",NA
"4ae11fc6db7388e7c4189ceac04106cf","d__Bacteria","Firmicutes","Clostridia","Lachnospirales","Lachnospiraceae",NA,NA
"fdd5a32dc4d5255342de61fd4b6199d4","d__Bacteria","Proteobacteria","Gammaproteobacteria","Gammaproteobacteria_Incertae_Sedis","Unknown_Family","uncultured",NA
"c1cb3eea32a15c22012a0928acadeef1","d__Bacteria","Chloroflexi","TK10","TK10","TK10","TK10",NA
"c5a4de2c20a098928bcd053173f8b51e","d__Bacteria","Cloacimonadota","Cloacimonadia","Cloacimonadales","MSBL8","MSBL8",NA
"ac5d6a7ff9ee7ac9a449873a39c03173","d__Bacteria","Campylobacterota","Campylobacteria","Campylobacterales",NA,NA,NA
"195567a72bff5d54db24528efa3bfe69","d__Bacteria","Bacteroidota","Bacteroidia","Bacteroidales",NA,NA,NA
"92cee94d45afd5b07877ba7f1c4061fb","d__Bacteria","Actinobacteriota","Actinobacteria","Propionibacteriales","Nocardioidaceae",NA,NA
"26c42f942e56e24d5e7dcd4e977ee4a7","d__Bacteria","Fusobacteriota","Fusobacteriia","Fusobacteriales","Leptotrichiaceae","Leptotrichia",NA
"1fc727eb8b3fb494a09496cce276006d","d__Bacteria","Bacteroidota","Bacteroidia","Chitinophagales","Saprospiraceae","uncultured",NA
"a81f4c350a3cb740eb5aa2521c322030","d__Bacteria",NA,NA,NA,NA,NA,NA
"a70bcd61e7c874e4a6db141d1a99c0fb","d__Bacteria","Proteobacteria","Gammaproteobacteria","Gammaproteobacteria_Incertae_Sedis","Unknown_Family","uncultured",NA
"d6f4a2478f9602dafc6188a4fb9e0329","d__Bacteria","Verrucomicrobiota","Verrucomicrobiae","Chthoniobacterales","Chthoniobacteraceae","Chthoniobacter",NA
"30caac19ad6b8f67c0b0898bd8674022","d__Bacteria","Actinobacteriota","Thermoleophilia","Gaiellales",NA,NA,NA
"5515daefb7b13a1c90c47b8010fc2e76","d__Bacteria","Proteobacteria","Gammaproteobacteria","Burkholderiales","SC-I-84","SC-I-84",NA
"6f09d4b9bcdf388a8b8c35849ee2181b","d__Bacteria","Bacteroidota","Bacteroidia","Cytophagales","Hymenobacteraceae","Adhaeribacter",NA
"944c85867a4986cd63dfb8d290b0dc17","d__Bacteria","Firmicutes","Clostridia","Peptostreptococcales-Tissierellales","Family_XI","Peptoniphilus",NA
"5f280f733a3c4553df72a00025cffc31","d__Bacteria","Firmicutes","Clostridia","Lachnospirales","Lachnospiraceae",NA,NA
"d36680a80f2a364dcf49599d296d52a0","d__Bacteria","Actinobacteriota","Actinobacteria","Propionibacteriales","Propionibacteriaceae","Pseudopropionibacterium",NA
"be1b3a8051bdc8cda4aecbb27e44082f","d__Bacteria","Actinobacteriota","Actinobacteria","Corynebacteriales","Corynebacteriaceae","Corynebacterium",NA
"e9f936bc87cecc66d9a7e0e23d576d24","d__Bacteria","Proteobacteria","Alphaproteobacteria","Rhizobiales","D05-2","D05-2",NA
"68c61028a15f0080757698f4faf9e974","d__Bacteria","Proteobacteria","Alphaproteobacteria","Rhizobiales","Beijerinckiaceae","Microvirga",NA
"50e5fe94f5059b6fd7d9e3b1b8d97c6b","d__Bacteria","Firmicutes","Clostridia","Peptostreptococcales-Tissierellales","Family_XI","Finegoldia",NA
"6507f4615baa865656287b2a99eacb20","d__Bacteria","Firmicutes","Bacilli","Bacillales","Planococcaceae","Sporosarcina",NA
"e2ec01bac24e31d8bb989f82653dd3c2","d__Bacteria","Proteobacteria","Gammaproteobacteria","Pseudomonadales","Moraxellaceae","Acinetobacter",NA
"d43c5ff21c5eed24d5659494279bc59c","d__Bacteria","Proteobacteria","Gammaproteobacteria","Burkholderiales","Neisseriaceae","Neisseria",NA
"e095d44a796ce7dd67a475599737b78f","d__Bacteria","Cyanobacteria","Cyanobacteriia","Cyanobacteriales","Chroococcidiopsaceae","Chroococcidiopsis_SAG_2023",NA
"fc7f8617992b1f528d6b7898fde12548","d__Bacteria","Firmicutes","Clostridia","Oscillospirales","Oscillospiraceae",NA,NA
"d3c0cbde8af2bb78c01a670b76e934bb","d__Bacteria","Firmicutes","Clostridia","Peptostreptococcales-Tissierellales","Peptostreptococcaceae",NA,NA
"6152c365992057ef04ea9d3ee197d126","d__Bacteria","Campylobacterota","Campylobacteria","Campylobacterales","Sulfurimonadaceae","Sulfurimonas",NA
"6b5431d7753cad45b675cafbc631e13d","d__Bacteria","Zixibacteria","Zixibacteria","Zixibacteria","Zixibacteria","Zixibacteria",NA
"86087c139babea681e719c2cba9ae825","d__Bacteria","Proteobacteria","Gammaproteobacteria","Pseudomonadales","Nitrincolaceae","Corallomonas",NA
"bc3370104e3158ee07d778a75d1d59be","d__Bacteria","Firmicutes","Clostridia","Peptostreptococcales-Tissierellales","Family_XI","Helcococcus",NA
"95462f5dba6337b5d0add78177376236","d__Bacteria","Firmicutes","Bacilli","Staphylococcales","Staphylococcaceae","Staphylococcus",NA
"0f876fac7202f600955156bfb932ac7f","d__Bacteria","Actinobacteriota","Actinobacteria","Propionibacteriales","Nocardioidaceae",NA,NA
"c5bba504675b01ef834ea1487d5d4a82","d__Bacteria","Proteobacteria","Alphaproteobacteria","Rhizobiales","Beijerinckiaceae","Bosea",NA
"1292db42447ddf32f34b3cc5ba7057a4","d__Eukaryota","Platyhelminthes","Rhabditophora","Rhabdocoela","Kalyptorhynchia","Kalyptorhynchia",NA
"3d3fe37c41d8b47cee0df24b16a8f3e3","d__Bacteria",NA,NA,NA,NA,NA,NA
"0728074efaf16b106ff900938c86bd21","d__Bacteria","Bacteroidota","Bacteroidia","Bacteroidales","Bacteroidaceae","Bacteroides",NA
"128e8e74c230e98cd2e3d59933d959f7","d__Bacteria","Bacteroidota","Bacteroidia","Bacteroidales","Barnesiellaceae","Barnesiella",NA
"08e5f4afb81b88cfaeca31d9fca20b73","d__Bacteria","Firmicutes","Bacilli","Erysipelotrichales","Erysipelotrichaceae","Allobaculum",NA
"f57cb9c96aa6c76f5e6c3bcbe3ea95b1","d__Bacteria","Chloroflexi","Chloroflexia","Thermomicrobiales","JG30-KF-CM45","JG30-KF-CM45",NA
"601561a8e5938d54c987364f2a62f545","d__Bacteria","Actinobacteriota","Actinobacteria","Micrococcales","Dermabacteraceae","Brachybacterium",NA
"358ca50a757940378fec7cc8f29d2886","d__Bacteria","Firmicutes","Bacilli","Erysipelotrichales","Erysipelatoclostridiaceae","Erysipelotrichaceae_UCG-003",NA
"61caebda9c65dc9968d015f55eca3a75","d__Bacteria",NA,NA,NA,NA,NA,NA
"de189ee041dc0b5ab08c1bedb81f0530","d__Bacteria","Proteobacteria","Gammaproteobacteria","Enterobacterales","Vibrionaceae","Vibrio",NA
"c0b1eec91f811ed37109deb5509f2fbb","d__Bacteria","Proteobacteria","Alphaproteobacteria","Rhizobiales","Rhizobiaceae",NA,NA
"65367db324db30501e10f5f196257c95","d__Bacteria","Firmicutes","Bacilli","Lactobacillales","Enterococcaceae","Enterococcus",NA
"52ae2e47fa4322d221288971553f5bbc","d__Bacteria","Proteobacteria","Alphaproteobacteria","Rhizobiales","Rhizobiaceae",NA,NA
"1ae4f33cf8087e766a9a0481fe07f7be","d__Bacteria","Firmicutes","Clostridia","Clostridiales","Clostridiaceae","Clostridium_sensu_stricto_15",NA
"acfa520db89066040827a4ad28662a36","d__Bacteria",NA,NA,NA,NA,NA,NA
"dfe86ec716cc0c016e025f7e0287deba","d__Bacteria","Planctomycetota","Planctomycetes","Gemmatales","Gemmataceae","uncultured",NA
"523bfa3f451d2b5a9e57846c383fa779","d__Bacteria","Actinobacteriota","Actinobacteria","Micrococcales","Dermatophilaceae","Dermatophilaceae",NA
"e2a141369102d35dad0aff37553316ea","d__Bacteria","Proteobacteria","Alphaproteobacteria","Rhizobiales",NA,NA,NA
"5350304769d9cb39d58b723ccb77b119","d__Bacteria","Myxococcota","Myxococcia","Myxococcales","Myxococcaceae","uncultured",NA
"ce13966bf85404966d052f0c10fb1dac","d__Bacteria","Bdellovibrionota","Oligoflexia","0319-6G20","0319-6G20","0319-6G20",NA
"3624fc9fff5b3d5a30e274fc88b935ba","d__Bacteria","Actinobacteriota","Acidimicrobiia","Microtrichales","Ilumatobacteraceae","uncultured",NA
"c5a6ea855115af71ae64b730812b4ddd","d__Bacteria","Actinobacteriota","Actinobacteria","Kineosporiales","Kineosporiaceae","Quadrisphaera",NA
"a7100e82f870eb8aebef51aaead14d3e","d__Bacteria","Proteobacteria","Alphaproteobacteria","Rhizobiales","Xanthobacteraceae","Variibacter",NA
"5a276813bb1cf8b6f9b1a1cdbdb2d25f","d__Bacteria","Planctomycetota","Planctomycetes","Gemmatales","Gemmataceae","uncultured",NA
"05d6b7a186402db5bdbb4131b97f8e87","d__Bacteria","Proteobacteria","Gammaproteobacteria","Pseudomonadales","Moraxellaceae","Psychrobacter",NA
"8ae4aef0a9ad1882cfe167965881675e","d__Bacteria","Actinobacteriota","Acidimicrobiia","Actinomarinales","uncultured","uncultured",NA
"f16dc48e86166427c8f4a908633ba723","d__Bacteria","Firmicutes","Clostridia","Oscillospirales","Ruminococcaceae",NA,NA
"389112982aa2314d169fa92e11a4faa0","d__Bacteria","Firmicutes","Negativicutes","Veillonellales-Selenomonadales","Veillonellaceae","Veillonella",NA
"fc698ea5a5956188e7d0662d10d097de","d__Bacteria","Actinobacteriota","Thermoleophilia","Gaiellales",NA,NA,NA
"7237c6c155b28a4ca8e0021e90cf1f99","d__Bacteria","Bacteroidota","Bacteroidia","Sphingobacteriales","Sphingobacteriaceae",NA,NA
"cc31b777f30052d03cca6d82e6fe6a90","d__Bacteria","Actinobacteriota","Actinobacteria","Micrococcales","Microbacteriaceae",NA,NA
"67d8012d41c341c09e7c345b9ebf480a","d__Bacteria","Firmicutes","Bacilli","Staphylococcales","Staphylococcaceae","Staphylococcus",NA
"16adef045f4f1475fc4aa678955c25ec","d__Bacteria","Bacteroidota","Bacteroidia","Bacteroidales","Prevotellaceae","Prevotella_7",NA
"83a25ed05401ac1342788f69a4c324fd","d__Bacteria","Chloroflexi","Dehalococcoidia","SAR202_clade","SAR202_clade","SAR202_clade",NA
"1f9d0a313a687d93bf5bba04e04b5527","d__Bacteria","Firmicutes","Bacilli","Lactobacillales","Lactobacillaceae","Leuconostoc",NA
"1e1ba2c3583f5bca9b77f337a48c32ad","d__Bacteria","Proteobacteria","Gammaproteobacteria","Burkholderiales","Burkholderiaceae","Lautropia",NA
"5c3c32fbdf4b807bb927c13aeb60c6ab","d__Bacteria","Actinobacteriota","Coriobacteriia","Coriobacteriales","Atopobiaceae",NA,NA
"0fe1b29d41cd2ed3994d7503c172465c","d__Bacteria","Firmicutes","Clostridia","Peptostreptococcales-Tissierellales","Family_XI","Peptoniphilus",NA
"f1d89295ff6ba6d510dc305d7e1f2156","d__Bacteria","Firmicutes","Bacilli","Bacillales","Bacillaceae",NA,NA
"5a4eb7e67c374d7770f316b08c0d26a7","d__Bacteria","Proteobacteria","Alphaproteobacteria","Acetobacterales","Acetobacteraceae",NA,NA
"7c343eac52f1b1ff7647251d3c400cce","d__Bacteria","Actinobacteriota","Thermoleophilia","Solirubrobacterales","Solirubrobacteraceae","Conexibacter",NA
"cd581c08195a4ba89df0a69ee76edcb5","d__Bacteria","Firmicutes","Clostridia","Lachnospirales","Lachnospiraceae","Lachnospiraceae_ND3007_group",NA
"58443d03c80aa06f9da9b65d6a23d366","d__Bacteria","Firmicutes","Bacilli",NA,NA,NA,NA
"56b4f1e855de54fa319b0aadc4f6edb2","d__Bacteria","Proteobacteria","Gammaproteobacteria","Pseudomonadales","Moraxellaceae","Acinetobacter",NA
"3311d75be48a50d0eadfa542915e17e6","d__Bacteria","Actinobacteriota","Acidimicrobiia","Microtrichales","Microtrichaceae","uncultured",NA
"037bc93bd279406bc2461098e426eb04","d__Bacteria","Firmicutes","Negativicutes","Veillonellales-Selenomonadales","Selenomonadaceae","Anaerovibrio",NA
"f72a32b291d21104f905400622ce2417","d__Bacteria","Planctomycetota","Planctomycetes","Isosphaerales","Isosphaeraceae",NA,NA
"b20cdb223f3e1685f36e67a72300f8a2","d__Bacteria",NA,NA,NA,NA,NA,NA
"ce67939eb5f2837626da06dbe1f68396","d__Bacteria","Planctomycetota","Planctomycetes","Pirellulales","Pirellulaceae","uncultured",NA
"a2ea87ee51907dc99a5ed42bc5398edb","d__Bacteria","Actinobacteriota","Actinobacteria","Corynebacteriales","Corynebacteriaceae","Corynebacterium",NA
"55ce3ef1502b1c087cc100104b2f039b","d__Bacteria","Actinobacteriota","Actinobacteria","Actinomycetales","Actinomycetaceae","Actinomyces",NA
"c0ddea8a3b81b0b248bc93f8cf48e8c1","d__Bacteria","Gemmatimonadota","Gemmatimonadetes","Gemmatimonadales","Gemmatimonadaceae","uncultured",NA
"d45b605d37a862c937353b0b6b3c0915","d__Bacteria","Dependentiae","Babeliae","Babeliales",NA,NA,NA
"90933bdb63fc079e08fda9e5add2288f","d__Bacteria","Proteobacteria","Alphaproteobacteria","Rhodobacterales","Rhodobacteraceae",NA,NA
"664e091f2e9773781688497ffe12aac6","d__Bacteria","Proteobacteria","Gammaproteobacteria","Pseudomonadales","Pseudomonadaceae","Pseudomonas",NA
"72383a80ef1a02c5226e4b7543bf896e","d__Bacteria","Firmicutes","Bacilli","Bacillales","Planococcaceae","Sporosarcina",NA
"e8f50c98ba9f372d80eff9b01a1e0af1","d__Bacteria","Proteobacteria","Gammaproteobacteria","Burkholderiales","SC-I-84","SC-I-84",NA
"9773ccfda93496b5f074a8ce170f10ec","d__Bacteria","Proteobacteria","Alphaproteobacteria","Rhizobiales","Beijerinckiaceae","Microvirga",NA
"9be62f31ec809846f058a395a6de3363","d__Bacteria","Firmicutes","Bacilli","Bacillales",NA,NA,NA
"7d31df09fe9f64fc14bb7c9345d3db1c","d__Bacteria","Proteobacteria","Alphaproteobacteria","Rhizobiales","Beijerinckiaceae",NA,NA
"a20a85e1b5e20a742374e28de390e703","d__Bacteria","Firmicutes","Clostridia","Lachnospirales","Lachnospiraceae","Dorea",NA
"877d868bf6064a18ec7cfbc25be81bc4","d__Bacteria","Acidobacteriota","Acidobacteriae","Solibacterales","Solibacteraceae","Candidatus_Solibacter",NA
"1bf28d0819912dc3599bd38604d8664c","d__Bacteria","Actinobacteriota","Acidimicrobiia","Microtrichales","Microtrichaceae","uncultured",NA
"af6c1839f4ce4e5406b53c1aef013a47","d__Bacteria","Actinobacteriota","Actinobacteria","Micrococcales","Micrococcaceae","Kocuria",NA
"971eaf85636bae8a83f323c49080d8f0","d__Bacteria","Firmicutes","Bacilli","Paenibacillales","Paenibacillaceae","Paenibacillus",NA
"73d85d51b1929df021d86b65f5f39d4b","d__Bacteria","Bacteroidota","Bacteroidia","Flavobacteriales","Weeksellaceae","Chryseobacterium",NA
"7e0f49888dcc99c8ee658e12a38a141e","d__Bacteria","Proteobacteria","Gammaproteobacteria","Burkholderiales","Oxalobacteraceae","Massilia",NA
"edc4539699b28de3d9adcf2751aa714e","d__Bacteria","Firmicutes","Bacilli","Bacillales","Bacillaceae",NA,NA
"1ddeac3d9baaf260da44f0dfed72f491","d__Bacteria","Actinobacteriota","Actinobacteria","Corynebacteriales","Corynebacteriaceae","Corynebacterium",NA
"34f5058a6e120db75f2c94a48c494185","d__Bacteria","Bacteroidota","Ignavibacteria","Ignavibacteriales","Ignavibacteriaceae","Ignavibacterium",NA
"e0e3fde25c069c897bdb000d1589b213","d__Bacteria","Firmicutes","Bacilli","Erysipelotrichales","Erysipelotrichaceae","Turicibacter",NA
"3d7a6199df83c0e237b55c14d9508d49","d__Bacteria","Actinobacteriota","Actinobacteria","Micrococcales","Dermabacteraceae","Brachybacterium",NA
"66d2908dd5b749948f3b05e3e0a1118b","d__Bacteria","Planctomycetota","Phycisphaerae","Phycisphaerales","AKAU3564_sediment_group","AKAU3564_sediment_group",NA
"3568fb9a85b50531edab5a69dcf1d0f4","d__Bacteria","Firmicutes","Negativicutes","Veillonellales-Selenomonadales","Veillonellaceae","Negativicoccus",NA
"3d24b410d43bd062986fa48f4a8fbaa9","d__Bacteria","Actinobacteriota","Actinobacteria","Micrococcales","Micrococcaceae","Micrococcus",NA
"05e4a9aca3c3d52962be4ec72fb3baf5","d__Bacteria","Actinobacteriota","Actinobacteria","Frankiales","Sporichthyaceae","hgcI_clade",NA
"d4884579bc3136d59db384efe45c029c","d__Bacteria","Actinobacteriota","Actinobacteria","Micromonosporales","Micromonosporaceae",NA,NA
"1f173094b4c927d9779919349c929253","d__Bacteria","Chloroflexi","Chloroflexia","Thermomicrobiales","JG30-KF-CM45","JG30-KF-CM45",NA
"073461ed9f0107dda1891ed80bf87473","d__Bacteria","Actinobacteriota","Actinobacteria","Corynebacteriales","Corynebacteriaceae","Corynebacterium",NA
"2f6d3b882fc2e240edfe7821573f1ede","d__Bacteria","Proteobacteria","Gammaproteobacteria","Pseudomonadales","Endozoicomonadaceae","Endozoicomonas",NA
"6a7b0fe0e72a26cacbbf4426404565a8","d__Bacteria","Desulfobacterota","Desulfobulbia","Desulfobulbales","Desulfocapsaceae","Desulforhopalus",NA
"632cdb8f4daba6daeb6ff1e5e6429387","d__Bacteria","Actinobacteriota","Thermoleophilia","Solirubrobacterales","Solirubrobacteraceae",NA,NA
"fa0f3ca4070666c0d2938b10f9e2c0e6","d__Bacteria","Bdellovibrionota","Oligoflexia","0319-6G20","0319-6G20","0319-6G20",NA
"41c3cacfd7771e7fbd7cbe19fa3c11ce","d__Bacteria","Patescibacteria","Saccharimonadia","Saccharimonadales","LWQ8","LWQ8",NA
"84b26b7c20677712e802a55f21d81eed","d__Bacteria","Chloroflexi","Anaerolineae","Caldilineales","Caldilineaceae","uncultured",NA
"8ca64d39377125ac09bb1dd534a0c3ab","d__Bacteria","Actinobacteriota","Actinobacteria","Pseudonocardiales","Pseudonocardiaceae","Pseudonocardia",NA
"4d111871feed3d0bb88fbed1019eb87f","d__Bacteria","Acidobacteriota","Vicinamibacteria","Vicinamibacterales","Vicinamibacteraceae","Vicinamibacteraceae",NA
"3c32b34b987bf44a19c0c8979e361e35","d__Bacteria","Proteobacteria","Alphaproteobacteria","Rhizobiales","Xanthobacteraceae",NA,NA
"75966502d6e935e02c884f1086e3431e","d__Bacteria","Myxococcota","Polyangia","Haliangiales","Haliangiaceae","Haliangium",NA
"b5a07201ee59555fbd51b0e46a682a46","d__Bacteria","Firmicutes","Clostridia","Peptostreptococcales-Tissierellales","Family_XI","Anaerococcus",NA
"843a58651701d000a3b4052672d92b4e","d__Bacteria","Proteobacteria","Alphaproteobacteria","Rhizobiales","Rhizobiaceae",NA,NA
"c5cac2afa6f9b3bf2dbaee4f5bfdd0f0","d__Bacteria","Dependentiae","Babeliae","Babeliales",NA,NA,NA
"af35ae59526b891ee16529519bc2546c","d__Bacteria","Proteobacteria","Gammaproteobacteria","Burkholderiales","Oxalobacteraceae","Massilia",NA
"ef1799490683c0f7a04aabeaee01162d","d__Bacteria","Proteobacteria","Alphaproteobacteria","Rhizobiales","Beijerinckiaceae","Methylobacterium-Methylorubrum",NA
"83e1b3fc4ffe3b6d3fde8f970f89308c","d__Bacteria","Proteobacteria","Alphaproteobacteria","Sphingomonadales","Sphingomonadaceae",NA,NA
"c55b206a513126074f03a8546723aa90","d__Bacteria","Proteobacteria",NA,NA,NA,NA,NA
"d26dd24465548ba8ecc42f7905fccc46","d__Bacteria",NA,NA,NA,NA,NA,NA
"e3661c6b87c71c894d9df01c5d2453eb","d__Bacteria","Firmicutes","Clostridia","Oscillospirales","[Eubacterium]_coprostanoligenes_group","[Eubacterium]_coprostanoligenes_group",NA
"960a3737da97cd21ab684ca5421c0011","d__Bacteria","Firmicutes","Bacilli","Bacillales","Bacillaceae",NA,NA
"000727836ccaaf455494a5cf9d22e27a","d__Bacteria","Acidobacteriota","Blastocatellia","Blastocatellales","Blastocatellaceae","OLB17",NA
"1b095ac4570f7fd05175bde065f4eeec","d__Bacteria","Planctomycetota","Planctomycetes","Isosphaerales","Isosphaeraceae",NA,NA
"5e66a8a29af5df8150a8ac3fd0548bef","d__Bacteria","Actinobacteriota","Actinobacteria","Propionibacteriales","Propionibacteriaceae",NA,NA
"04a3ba0c69345aebbd1a53ba19708f71","d__Bacteria","Campylobacterota","Campylobacteria","Campylobacterales","Campylobacteraceae","Campylobacter",NA
"abf3416930599222fd34f8614559aea1","d__Bacteria","Campylobacterota","Campylobacteria","Campylobacterales","Arcobacteraceae",NA,NA
"478e920ce104e72b4a018e8cc127a754","d__Bacteria","Firmicutes","Bacilli","Staphylococcales","Staphylococcaceae","Staphylococcus",NA
"235f0ac782034f5f2fa131dc968f0835","d__Bacteria","Actinobacteriota","Thermoleophilia","Solirubrobacterales","Solirubrobacteraceae","Solirubrobacter",NA
"f49834e0ee5fa69cbb900392634b098b","d__Bacteria","Proteobacteria","Alphaproteobacteria","Sphingomonadales","Sphingomonadaceae","Sphingomonas",NA
"ba2f3aa6b42332fd5fe21a71e412547f","d__Bacteria","Margulisbacteria","Margulisbacteria","Margulisbacteria","Margulisbacteria","Margulisbacteria",NA
"70a8c0984eb8629e27662faefa19a68e","d__Bacteria","Firmicutes",NA,NA,NA,NA,NA
"42ee2d9969ad92f253952aaa6f765747","d__Bacteria","Firmicutes","Bacilli","Bacillales","Bacillaceae","Pseudogracilibacillus",NA
"7040d7bfd370a1a7d475dc154cdb00a1","d__Bacteria",NA,NA,NA,NA,NA,NA
"ef2ad3d5c131bf144f1b0b96d910b2aa","d__Bacteria","Actinobacteriota","Actinobacteria","Bifidobacteriales","Bifidobacteriaceae","Bifidobacterium",NA
"bcd1d4a2eee052e9a8eff2a8efff9d5f","d__Bacteria","Chloroflexi","Anaerolineae","uncultured","uncultured","uncultured",NA
"5aad284a7d21de3a25c14e6d89bbd3fa","d__Bacteria","Firmicutes","Clostridia","Lachnospirales","Lachnospiraceae",NA,NA
"1d037cd0cdd626c7806a0c1312943c72","d__Bacteria","Proteobacteria","Alphaproteobacteria","Caulobacterales","Caulobacteraceae",NA,NA
"d1a8492b225edd2c7ac1091d7f84edc7","d__Bacteria","Actinobacteriota","Actinobacteria","Micrococcales","Dermabacteraceae","Dermabacter",NA
"2d29b08d6bb283d2d547499fb7c6cd3a","d__Bacteria","Firmicutes","Bacilli","Staphylococcales","Staphylococcaceae","Staphylococcus",NA
"691a3af357b87ac57e1ae477d0c82f91","d__Bacteria","Patescibacteria","Saccharimonadia","Saccharimonadales",NA,NA,NA
"6d9fe78ee2f4b5b00d6321769c29f88e","d__Bacteria","Bacteroidota","Bacteroidia","Chitinophagales","Saprospiraceae",NA,NA
"231894b9c39faa6150881e0b75f9f011","d__Bacteria","Bacteroidota","Bacteroidia","Bacteroidales","Prolixibacteraceae","Roseimarinus",NA
"c85fc2901d159208e74636f5fb4d7408","d__Bacteria","Actinobacteriota","Actinobacteria",NA,NA,NA,NA
"850a99d9a64a1c4f21fba2de7dcf6f5c","d__Bacteria","Proteobacteria","Gammaproteobacteria","Burkholderiales","Comamonadaceae",NA,NA
"d4b9a71f79324f467af637590e8c2246","d__Bacteria","Proteobacteria","Alphaproteobacteria","Rhizobiales","Beijerinckiaceae","Methylobacterium-Methylorubrum",NA
"c953a6f06741feede5c928e2af9cdd3d","d__Bacteria","Proteobacteria","Alphaproteobacteria","Rhodobacterales","Rhodobacteraceae","Amaricoccus",NA
"ae5705bd443c434ffbe1004d338cbbc6","d__Bacteria","Proteobacteria","Gammaproteobacteria","Burkholderiales","Burkholderiaceae","Lautropia",NA
"bb258ef1a3bcfb6fb7c5f2d9b6ce9d56","d__Bacteria","Actinobacteriota","Actinobacteria","Propionibacteriales","Nocardioidaceae","Nocardioides",NA
"e0894c85cbea90a5e5d94a50f0c451ee","d__Bacteria","Firmicutes","Clostridia","Peptostreptococcales-Tissierellales","Family_XI","Anaerococcus",NA
"375ca968ff4470a0ac4c70dfba63ae73","d__Bacteria","Bacteroidota","Bacteroidia","Bacteroidales","Prevotellaceae",NA,NA
"7d917460808a7d66860335ce4a84185a","d__Bacteria","Firmicutes","Clostridia","Lachnospirales","Lachnospiraceae","Stomatobaculum",NA
"09aaec2a2bd6d67e0095d00dd6465b4c","d__Bacteria","Actinobacteriota","Actinobacteria","Streptosporangiales","Nocardiopsaceae","Nocardiopsis",NA
"4276753a85c4dc997f70df9da7502c21","d__Bacteria","Firmicutes","Clostridia","Peptostreptococcales-Tissierellales","Family_XI","Anaerococcus",NA
"f2df447e710557aa79d04ac714074ea2","d__Bacteria","Actinobacteriota","Thermoleophilia","Solirubrobacterales","67-14","67-14",NA
"a6cdcf46d9aa1c44add121bfebd783ca","d__Bacteria","Firmicutes","Bacilli","Staphylococcales","Staphylococcaceae","Staphylococcus",NA
"79765004f870bdae10c7d1212c93754e","d__Bacteria","Myxococcota","Polyangia",NA,NA,NA,NA
"5963dfd095cd8b8721f7d853102a2ee1","d__Bacteria","Firmicutes","Bacilli","Bacillales","Bacillaceae",NA,NA
"fa1c6241e112d95b085ca1127a5161a1","d__Bacteria",NA,NA,NA,NA,NA,NA
"f6f8dfce6b507e93a50ed011aa2202d0","d__Bacteria","Actinobacteriota","Actinobacteria","Micrococcales","Microbacteriaceae",NA,NA
"8c2cd460124760311202b4bfdebe9116","d__Bacteria","Proteobacteria","Alphaproteobacteria","Sphingomonadales","Sphingomonadaceae",NA,NA
"b53de02793cfaa3571e72bc9fffba146","d__Bacteria","Firmicutes","Bacilli","Lactobacillales","Carnobacteriaceae","Alloiococcus",NA
"1a9aac1512d25c41336edfffb00a0e33","d__Bacteria","Proteobacteria","Gammaproteobacteria","Xanthomonadales","Xanthomonadaceae",NA,NA
"bdababaea95c5e6eafcde12ff3e591cb","d__Bacteria","Proteobacteria","Alphaproteobacteria","Rhizobiales","Rhizobiales_Incertae_Sedis","Anderseniella",NA
"896f93182bf10e1d21dbca1eb553a5df","d__Bacteria","Actinobacteriota","Actinobacteria","Micrococcales","Microbacteriaceae",NA,NA
"681136be78296c93cd1364add432f093","Unassigned",NA,NA,NA,NA,NA,NA
"95e1bea97affe650db1e47945bde82ce","d__Bacteria","Actinobacteriota","Actinobacteria","Micrococcales","Brevibacteriaceae","Brevibacterium",NA
"bd0c7ec229a604fe98ecd1784e771bbc","d__Bacteria","Proteobacteria","Gammaproteobacteria","Pseudomonadales","OM182_clade","OM182_clade",NA
"fa8a0f32b14841d4e77884fcc90fca87","d__Bacteria","Campylobacterota","Campylobacteria","Campylobacterales","Campylobacteraceae","Campylobacter",NA
"9b68b36a082f76c77afc0f3a2b053e11","d__Bacteria","Actinobacteriota","Thermoleophilia","Solirubrobacterales","Solirubrobacteraceae","Solirubrobacter",NA
"9619c098ce1eb2080beffbd7b5d4794f","d__Bacteria","Bacteroidota","Bacteroidia","Cytophagales","Hymenobacteraceae","Pontibacter",NA
"0ea2c105ee8cbc7d0bfa36242960106d","d__Bacteria","Proteobacteria","Gammaproteobacteria","Xanthomonadales","Xanthomonadaceae",NA,NA
"dfd88b90d5b6b7f6b7c7bbc9aabaa7dc","d__Bacteria","Firmicutes","Bacilli","Lactobacillales","Streptococcaceae","Streptococcus",NA
"69bc540a50be54c9fb0524f0686ba5a4","d__Bacteria","Firmicutes","Bacilli","Lactobacillales","Lactobacillaceae","Lactobacillus",NA
"def5f9ecc978fe4aa70b573d5981fa9b","d__Bacteria","Firmicutes","Bacilli","Bacillales","Bacillaceae",NA,NA
"345045d43fc59a1c847f3deb194a53ee","d__Bacteria","Planctomycetota","Planctomycetes","Isosphaerales","Isosphaeraceae",NA,NA
"0af1681dc9d0decb2717a4284be7b777","d__Bacteria","Actinobacteriota","Actinobacteria","Actinomycetales","Actinomycetaceae","Actinomyces",NA
"af6c7d7d3bcaa533c4a7f5287ae14e62","d__Bacteria","Fusobacteriota","Fusobacteriia","Fusobacteriales","Fusobacteriaceae","Fusobacterium",NA
"e8d8daf2ab278c6b1383a994384437a2","d__Bacteria","Proteobacteria","Gammaproteobacteria","Burkholderiales","Comamonadaceae","Azohydromonas",NA
"cbbbff44bbea228fb2357d6e0b9ce11c","d__Bacteria","Firmicutes",NA,NA,NA,NA,NA
"f526049e64f662bc7123dfbdb61a26d6","d__Bacteria","Fusobacteriota","Fusobacteriia","Fusobacteriales","Leptotrichiaceae","Leptotrichia",NA
"a8576710e586d600d46b6581488b6ce8","d__Bacteria","Actinobacteriota","Actinobacteria","Actinomycetales","Actinomycetaceae","Actinomycetaceae",NA
"d0f3b292406a5db8aeef6729cc87c165","d__Bacteria","Proteobacteria","Alphaproteobacteria","Sphingomonadales","Sphingomonadaceae",NA,NA
"c26e31af5edb457de71ae33ac9146d6e","d__Bacteria","Proteobacteria","Alphaproteobacteria","Rhizobiales","Xanthobacteraceae",NA,NA
"321270428a7e42a873f45454563b3cf1","d__Bacteria","Proteobacteria","Alphaproteobacteria","Rhizobiales","Rhodomicrobiaceae","Rhodomicrobium",NA
"c50ec8fff96a7f3df43881e1c149a53d","d__Bacteria","Planctomycetota","Planctomycetes","Isosphaerales","Isosphaeraceae","uncultured",NA
"cbd49d9fb05cfe189816e5743b976bb1","d__Bacteria","Verrucomicrobiota","Chlamydiae","Chlamydiales","Parachlamydiaceae",NA,NA
"bd75d144af8dfba7f326847a241f9273","d__Bacteria","Firmicutes","Clostridia","Peptostreptococcales-Tissierellales","Family_XI","Anaerococcus",NA
"bbebfec8a8c629da087b9c003bfdb79b","d__Bacteria","Deinococcota","Deinococci","Deinococcales","Deinococcaceae","Deinococcus",NA
"8b48f2290556cb68edf20f34b71e8382","d__Bacteria","Actinobacteriota","Actinobacteria","Corynebacteriales","Corynebacteriaceae",NA,NA
"d45ade4218e216f5b37a69555f36763e","d__Bacteria","Proteobacteria","Gammaproteobacteria","Cardiobacteriales","Cardiobacteriaceae","Cardiobacterium",NA
"22496652e7ce69b74ec9019878226509","d__Bacteria","Patescibacteria","Saccharimonadia","Saccharimonadales",NA,NA,NA
"a70d58d10b88bccfbe537ad739eedae0","d__Bacteria","Proteobacteria","Gammaproteobacteria","Pseudomonadales","Halieaceae",NA,NA
"057e36f6cd2f1769b3cbe40b99b1b6be","d__Bacteria","Actinobacteriota","Acidimicrobiia","Microtrichales","Ilumatobacteraceae","Ilumatobacter",NA
"c3fcee864b7a38910e27f08a09fbd2dd","d__Bacteria","Planctomycetota","Planctomycetes","Gemmatales","Gemmataceae","uncultured",NA
"45782905b7d6163c89139f7f977a34c5","d__Bacteria","Actinobacteriota","Actinobacteria","Propionibacteriales","Nocardioidaceae","Marmoricola",NA
"fd6ddad5af05d63541df14dac9a8ba77","d__Bacteria","Patescibacteria","Gracilibacteria","Gracilibacteria","Gracilibacteria","Gracilibacteria",NA
"0dfdf3fb87f273e1e76a4e69e96a750f","d__Bacteria","Proteobacteria","Alphaproteobacteria","Sphingomonadales","Sphingomonadaceae",NA,NA
"9b5be38d83153630edd5fb244770e86b","d__Bacteria","Proteobacteria","Alphaproteobacteria","Rhizobiales","Beijerinckiaceae",NA,NA
"573acf1f88b7b6cda1fbd2e46434c746","d__Bacteria","Actinobacteriota","Actinobacteria","Corynebacteriales","Corynebacteriaceae","Corynebacterium",NA
"59ded65956131eb95082ac57b3738406","d__Bacteria","Firmicutes","Clostridia","Lachnospirales","Lachnospiraceae",NA,NA
"c431135906cbe17b7126c4ed409dc5b0","d__Bacteria","Actinobacteriota","Actinobacteria","Corynebacteriales","Corynebacteriaceae","Corynebacterium",NA
"93875d581a611c396c3c97d5bca615c1","d__Bacteria","Proteobacteria","Alphaproteobacteria","Rhodobacterales","Rhodobacteraceae",NA,NA
"5df84f506e3982ceebd78ea45b9bbfc4","d__Bacteria","Firmicutes","Clostridia","Lachnospirales","Lachnospiraceae","Fusicatenibacter",NA
"e333b43f41dc2b7228dc92df65281010","d__Bacteria","Proteobacteria","Alphaproteobacteria","Rhodobacterales","Rhodobacteraceae",NA,NA
"a33cbcaca92ec1df9622338fc587cee1","d__Bacteria","Firmicutes","Clostridia","Oscillospirales","[Eubacterium]_coprostanoligenes_group","[Eubacterium]_coprostanoligenes_group",NA
"0248afc50aab356f421d02abd711306f","d__Bacteria","Firmicutes","Clostridia","Clostridiales","Clostridiaceae","Clostridium_sensu_stricto_10",NA
"d1f044dd446fa8f1f733b7bfedbeaa34","d__Bacteria","Firmicutes","Bacilli","Lactobacillales","Aerococcaceae",NA,NA
"524bf56e7ee39cd45201b2f6acdf2056","d__Bacteria","Firmicutes","Bacilli","Bacillales","Marinococcaceae","Natribacillus",NA
"fe384b4da236f5e68566adce09162a9a","d__Bacteria","Chloroflexi","Anaerolineae",NA,NA,NA,NA
"bf3bf6f10ea123904f864447be8f4dea","d__Bacteria","Actinobacteriota","Actinobacteria","Corynebacteriales","Corynebacteriaceae","Corynebacterium",NA
"9c1be87de0aae07aba1277b6d273a335","d__Bacteria","Bacteroidota","Bacteroidia","Flavobacteriales","Flavobacteriaceae","uncultured",NA
"c1bf4591879198e1aa404a9ee5c559aa","d__Bacteria","Bacteroidota","Bacteroidia","Bacteroidales","Prevotellaceae","Alloprevotella",NA
"73e31a3d6af193499c535af128503f69","d__Bacteria","Bacteroidota","Bacteroidia","Bacteroidales","Prevotellaceae","Prevotella",NA
"0a948707a07054d1dafb67db84dd41db","d__Bacteria","Bacteroidota","Bacteroidia","Bacteroidales","Prevotellaceae",NA,NA
"2f8040e52029b29edc76ea10d81e17c1","d__Bacteria","Actinobacteriota","Actinobacteria","Frankiales","Geodermatophilaceae","Geodermatophilus",NA
"12b167c03a80df8d392388cb6f1c7d6c","d__Bacteria","Proteobacteria","Alphaproteobacteria","Azospirillales","Azospirillaceae","Skermanella",NA
"3b8379c0e73bed928501a77509086372","d__Bacteria","Desulfobacterota","Desulfobacteria","Desulfobacterales","Desulfosarcinaceae","Sva0081_sediment_group",NA
"ff464ba3501d408b916f531f86d983b3","d__Bacteria","Bacteroidota","Bacteroidia","Chitinophagales","Saprospiraceae","Lewinella",NA
"a5f1c03db7879859d1324581e9f30a3c","d__Bacteria",NA,NA,NA,NA,NA,NA
"bf14d03d45e680d19947f92c2ad99ca9","d__Bacteria","Patescibacteria","uncultured","uncultured","uncultured","uncultured",NA
"120d9ca33795fa332809681a4623de06","d__Bacteria","Firmicutes","Bacilli","Bacillales","Planococcaceae",NA,NA
"2bdecbed987cf95f5ff6ab313e422c2a","d__Bacteria","Planctomycetota","Planctomycetes","Isosphaerales","Isosphaeraceae",NA,NA
"5bf830b4591e21e1d2c460eff72ac4a3","d__Bacteria","Actinobacteriota",NA,NA,NA,NA,NA
"6bc1b83939090807e6c620066a3d3ab4","d__Bacteria","Actinobacteriota","Actinobacteria","Micrococcales","Microbacteriaceae",NA,NA
"a5a16b45904158a1a33924818864a7f8","d__Bacteria","Proteobacteria","Alphaproteobacteria","Sphingomonadales","Sphingomonadaceae","Sphingomonas",NA
"b79521c7db7b90f0bc67d4714c2b0190","d__Bacteria","Proteobacteria","Gammaproteobacteria","Burkholderiales","Alcaligenaceae",NA,NA
"81fbfae746ed4d99f7dfcd2ccf3b0462","d__Bacteria","Proteobacteria","Alphaproteobacteria","Rickettsiales","Mitochondria","Mitochondria",NA
"12802420da7dfc8fa5b4f86ab7583f45","d__Bacteria","Firmicutes","Bacilli","Bacillales",NA,NA,NA
"a981c0c851116c730cec1ab023a95fcd","d__Bacteria","Proteobacteria","Alphaproteobacteria","Rhizobiales","Rhizobiaceae",NA,NA
"5095f8b148fb74a8fc6cc97c0882b2b4","d__Bacteria","Desulfobacterota","Desulfobulbia","Desulfobulbales","Desulfocapsaceae","uncultured",NA
"9838ee6f982db0cf0774e4be4317fce2","d__Bacteria","Proteobacteria","Gammaproteobacteria","Gammaproteobacteria_Incertae_Sedis","Unknown_Family","uncultured",NA
"c6393269d3bdce78f92b148358419745","d__Bacteria","Actinobacteriota","Actinobacteria","Corynebacteriales","Corynebacteriaceae","Corynebacterium",NA
"06b23d5d80a9de8141983215776b1b00","d__Bacteria","Actinobacteriota","Actinobacteria","Micrococcales","Micrococcaceae","Micrococcus",NA
"9991a033fcd14b0d290fdf888ef0a763","d__Bacteria","Firmicutes","Bacilli","Lactobacillales","Aerococcaceae","Aerococcus",NA
"9cf99ef3959d4ae2db797793ebbde496","d__Bacteria","Chloroflexi","JG30-KF-CM66","JG30-KF-CM66","JG30-KF-CM66","JG30-KF-CM66",NA
"a367553b42525363c98e7ca6235c2a43","d__Bacteria","Proteobacteria","Gammaproteobacteria","Gammaproteobacteria_Incertae_Sedis","Unknown_Family","uncultured",NA
"fdf2b71797026825568286cef29714e5","d__Bacteria","Planctomycetota","vadinHA49","vadinHA49","vadinHA49","vadinHA49",NA
"8cfedd5ba16cc8170b6178e6e626c16e","d__Bacteria","Bacteroidota","Bacteroidia","Bacteroidales","Bacteroidaceae","Bacteroides",NA
"f3109121e5e026dbcfa8f3edff6d14d0","d__Bacteria","Firmicutes","Bacilli","Lactobacillales","Enterococcaceae","Enterococcus",NA
"10d1249b2f53cd97b01cb3a2752c9fbe","d__Bacteria","Actinobacteriota","Actinobacteria","Propionibacteriales","Nocardioidaceae","Nocardioides",NA
"056de0631de3ea056b9673297ac915d5","d__Bacteria","Proteobacteria","Alphaproteobacteria","Rhizobiales","Beijerinckiaceae","Roseiarcus",NA
"87ea51fecc8051c3ede6decd1a703d47","d__Bacteria","Bacteroidota","Bacteroidia","Bacteroidales","Porphyromonadaceae","Porphyromonas",NA
"e731c3fab57482cf9bdbd01ff7d614e1","d__Bacteria","Actinobacteriota","Actinobacteria","Corynebacteriales","Corynebacteriaceae",NA,NA
"687a4697d63ce5eb3aa1223c263eb66d","d__Bacteria","Bacteroidota","Bacteroidia","Bacteroidales","Prevotellaceae","Prevotella",NA
"5c54347a20c5c56debde3a06322555b1","d__Bacteria","Bacteroidota","Bacteroidia","Bacteroidales","Prevotellaceae",NA,NA
"dd2f747571059bf4a8a18d3437d38bdc","d__Bacteria",NA,NA,NA,NA,NA,NA
"3f1227c179b82b82acdddb1fee014e56","d__Bacteria","Proteobacteria","Alphaproteobacteria","Rhodobacterales","Rhodobacteraceae",NA,NA
"dbf7cba79ab28f49bf3a571852e8b641","d__Bacteria","Gemmatimonadota","Gemmatimonadetes","Gemmatimonadales","Gemmatimonadaceae","Gemmatimonas",NA
"32023e27c1b3457c0a0bfabba8d6e8d0","d__Bacteria","Proteobacteria","Alphaproteobacteria","Rhizobiales","Rhodomicrobiaceae","Rhodomicrobium",NA
"e353c90e31176f6238b0703cbe660fb4","d__Bacteria","Chloroflexi","Anaerolineae","Ardenticatenales","Ardenticatenaceae","uncultured",NA
"0b2fce7d4a9bd86587a4aa43e1d91528","d__Bacteria","Acidobacteriota","Vicinamibacteria","Subgroup_9","Subgroup_9","Subgroup_9",NA
"366c8857a78f177948c93792e5115f13","d__Bacteria","Proteobacteria","Alphaproteobacteria","Rhizobiales","Beijerinckiaceae",NA,NA
"30daba564f13267bfe917cc6c9287e26","d__Bacteria","Firmicutes","Clostridia","Oscillospirales","Oscillospiraceae","Oscillibacter",NA
"b6c6c3b904c9d37c9de8e8832a91a3b7","d__Bacteria","Firmicutes","Clostridia","Oscillospirales","Oscillospiraceae","UCG-005",NA
"172c4100dda64121ff8d0d391ff1504c","d__Bacteria","Proteobacteria","Alphaproteobacteria","Acetobacterales","Acetobacteraceae",NA,NA
"f8af34f89e1b9351e612fec1d701e4e1","d__Bacteria","Proteobacteria","Alphaproteobacteria","Acetobacterales","Acetobacteraceae","Craurococcus-Caldovatus",NA
"03d0de77b5f1b1bb34f60c3cc3cb93e6","d__Bacteria","Verrucomicrobiota","Verrucomicrobiae","Chthoniobacterales","Chthoniobacteraceae","Candidatus_Udaeobacter",NA
"f2e4818b22560a43ac19366d7c7c8411","d__Bacteria","Actinobacteriota","Actinobacteria","Micrococcales",NA,NA,NA
"fe711dc468406eea56c08815dd635d3d","d__Bacteria","Firmicutes","Bacilli","Alicyclobacillales","Alicyclobacillaceae","Alicyclobacillus",NA
"28ae7629e657d4d9c349e50e386920ad","d__Bacteria","Firmicutes","Bacilli","Paenibacillales","Paenibacillaceae","Paenibacillus",NA
"9084896ef8dd847e8eb9b4e4710a74e6","d__Bacteria","Patescibacteria","Saccharimonadia","Saccharimonadales","LWQ8","LWQ8",NA
"2976ef304ea058980d03aea14286332c","d__Bacteria","Proteobacteria","Alphaproteobacteria","Rhodobacterales","Rhodobacteraceae",NA,NA
"37f1409d3538a58c408b2fdb1758e998","d__Bacteria","Firmicutes","Bacilli","Bacillales","Planococcaceae",NA,NA
"77e61495419d070d07e3ef69f633915c","d__Bacteria","Firmicutes","Bacilli","Staphylococcales","Staphylococcaceae","Staphylococcus",NA
"03491bcdc9c5c6d986f6d7bdb18d6084","d__Bacteria","Actinobacteriota","Actinobacteria","Actinomycetales","Actinomycetaceae","Trueperella",NA
"92c332f7f6be2aa476ab719478d05fda","d__Bacteria","Zixibacteria","Zixibacteria","Zixibacteria","Zixibacteria","Zixibacteria",NA
"313b03d000ac0b9cd60829f89d371553","d__Bacteria","Bacteroidota","Bacteroidia","Cytophagales","Cyclobacteriaceae","uncultured",NA
"9bdbd69bab968e4dc888e9bbcfc6ebc2","d__Bacteria","Proteobacteria","Alphaproteobacteria","Rhodospirillales","Magnetospiraceae","Magnetovibrio",NA
"b3d715e15841983782ed0069ef1c6602","d__Bacteria","Firmicutes","Bacilli","Lactobacillales",NA,NA,NA
"c9fa918bd2db21e894fd50227993ccb8","d__Bacteria","Patescibacteria","Saccharimonadia","Saccharimonadales","Saccharimonadales","Saccharimonadales",NA
"10cb29041f2641d06991694c6fa40ef1","d__Bacteria","Desulfobacterota","Desulfuromonadia","Desulfuromonadales","Sva1033","Sva1033",NA
"a187f50c68201c8a974704b0ad9f49a1","d__Bacteria","Proteobacteria","Alphaproteobacteria","Sphingomonadales","Sphingomonadaceae",NA,NA
"ca3a73f2125240a0bbfc1f29485fa397","d__Bacteria","Proteobacteria","Alphaproteobacteria","Sphingomonadales","Sphingomonadaceae","Altererythrobacter",NA
"fd7c72d5a08bf143cba1c85ecb645580","d__Bacteria","Cyanobacteria","Cyanobacteriia","Cyanobacteriales","Chroococcidiopsaceae","Chroococcidiopsis_SAG_2023",NA
"7e750977c4121446d6275e36812b4ffe","d__Bacteria","Firmicutes","Bacilli","Lactobacillales","Streptococcaceae","Streptococcus",NA
"d14bd887341a07f088b07c7284867a0e","d__Bacteria","Bacteroidota","Bacteroidia","Bacteroidales","Bacteroidaceae","Bacteroides",NA
"09ae59eb38925f1a8add248ae714a580","d__Bacteria","Actinobacteriota","Actinobacteria","Bifidobacteriales","Bifidobacteriaceae",NA,NA
"b7e412a0b4f131401c8430246d982364","d__Bacteria","Firmicutes","Bacilli","Erysipelotrichales","Erysipelotrichaceae","Breznakia",NA
"cf35f64cf598f0bedc092bdaa635c750","d__Bacteria","Actinobacteriota","Acidimicrobiia","Actinomarinales","uncultured","uncultured",NA
"5648afddf721d2d9cd38789ed29a8f78","d__Bacteria","Proteobacteria","Alphaproteobacteria","Sphingomonadales","Sphingomonadaceae",NA,NA
"86508486041a58c9d95661729f857cf8","d__Bacteria","Proteobacteria","Alphaproteobacteria","Rhizobiales","Beijerinckiaceae","Methylobacterium-Methylorubrum",NA
"74202e4282bec205449b08cb192a2ea0","d__Bacteria","Actinobacteriota","Actinobacteria","Actinomycetales","Actinomycetaceae","Actinomyces",NA
"ec8908b84614ad51a62a8cb61c145c49","d__Bacteria","Dadabacteria","Dadabacteriia","Dadabacteriales","Dadabacteriales","Dadabacteriales",NA
"03e14483b63fd20b4d08c1e249d70515","d__Bacteria","Firmicutes","Clostridia","Oscillospirales",NA,NA,NA
"36f3ff67f7cba6de8801913fcd2d2449","d__Bacteria","Firmicutes","Clostridia","Peptostreptococcales-Tissierellales","Family_XI","Finegoldia",NA
"bbf7b49ef815506d355f79560758f460","d__Bacteria","Firmicutes","Clostridia","Peptostreptococcales-Tissierellales","Family_XI","Finegoldia",NA
"aeff8c73e48ef53fa004fb36b9457c0e","d__Bacteria","Proteobacteria","Gammaproteobacteria","Pseudomonadales","Pseudomonadaceae","Pseudomonas",NA
"94defaaafa97975f353e99bc898ec2bb","d__Bacteria",NA,NA,NA,NA,NA,NA
"ca882c825cc0633b111eaa3dd31859ca","d__Bacteria","Actinobacteriota","Actinobacteria","Frankiales","Frankiaceae","Jatrophihabitans",NA
"9bbc757069748d00458d0dac3dd2216d","d__Bacteria","Fusobacteriota","Fusobacteriia","Fusobacteriales","Leptotrichiaceae","Leptotrichia",NA
"3f0c8218d946c7386ff2c32ec438d8d3","d__Bacteria","Bacteroidota","Bacteroidia","Bacteroidales","Prevotellaceae","Prevotella",NA
"d269db33f4391780a01f9aa311027f9c","d__Bacteria","Actinobacteriota","Actinobacteria","Propionibacteriales","Propionibacteriaceae",NA,NA
"209b7e5a77b578243d2d2885c0aa3b3a","d__Bacteria","Proteobacteria","Gammaproteobacteria","Gammaproteobacteria_Incertae_Sedis","Unknown_Family","Acidibacter",NA
"ca8fd9cbc199583e5696ba08889d888c","d__Bacteria","Proteobacteria","Gammaproteobacteria","Enterobacterales",NA,NA,NA
"41b42e3029376703db0bd7bb6b439f32","d__Bacteria","Gemmatimonadota","Gemmatimonadetes","Gemmatimonadales","Gemmatimonadaceae","uncultured",NA
"b5c81a97c684a324da53b85aa4045829","d__Bacteria","Actinobacteriota","Actinobacteria","Pseudonocardiales","Pseudonocardiaceae","Pseudonocardia",NA
"d0543cb2d016f2ec9e7242ff4e0be2fd","d__Bacteria","Actinobacteriota","Rubrobacteria","Rubrobacterales","Rubrobacteriaceae","Rubrobacter",NA
"20390eda189292f4a7e6ad8a8ca7706c","d__Bacteria","Actinobacteriota","Acidimicrobiia","Microtrichales","Ilumatobacteraceae","uncultured",NA
"7e06028443753dff48466fbd4093490a","d__Bacteria","Proteobacteria","Gammaproteobacteria","Enterobacterales","Pasteurellaceae","Haemophilus",NA
"de70c31ba89f23219b30d6432718bc93","d__Bacteria","Actinobacteriota","Actinobacteria","Pseudonocardiales","Pseudonocardiaceae","Saccharopolyspora",NA
"d12b95cdefb3512b54549a9e610e6106","d__Bacteria","Cyanobacteria","Vampirivibrionia","Obscuribacterales","Obscuribacteraceae","Obscuribacteraceae",NA
"b300068dcf5773af63cd493223b44803","d__Bacteria","Firmicutes","Bacilli","Bacillales","Bacillaceae","Bacillus",NA
"b5772e4d7054974ebd3dea68c493a3ab","d__Bacteria",NA,NA,NA,NA,NA,NA
"efdbb32e9cb6e5f4104e7561e146430b","d__Bacteria","Verrucomicrobiota","Chlamydiae","Chlamydiales",NA,NA,NA
"6283e61ac963c56425d3699e259a3b1b","d__Bacteria","Firmicutes","Clostridia","Peptostreptococcales-Tissierellales","Family_XI","Anaerococcus",NA
"00799eb55fc5f465228fba8b27ebcd1c","d__Bacteria",NA,NA,NA,NA,NA,NA
"bc1f5b2e67086734b1417e1404421bb6","d__Bacteria","Bacteroidota","Bacteroidia","Sphingobacteriales","NS11-12_marine_group","NS11-12_marine_group",NA
"83d84ceb07316620a117ec4c25a9d1a8","d__Bacteria","Firmicutes","Bacilli","Paenibacillales","Paenibacillaceae","Ammoniibacillus",NA
"8491362490c003f179c6dc030d484c9e","d__Bacteria","Proteobacteria","Gammaproteobacteria","Gammaproteobacteria_Incertae_Sedis","Unknown_Family","Acidibacter",NA
"1f869adbd802fe40455813c04ca7a9bb","d__Bacteria","Proteobacteria","Alphaproteobacteria","Acetobacterales","Acetobacteraceae","Rubritepida",NA
"0db41f1055e2d272dc15ac2bb99a415d","d__Bacteria","Actinobacteriota","Actinobacteria","Actinomycetales","Actinomycetaceae","Actinomyces",NA
"af2a156159062db420c20ee96d1f5cee","d__Bacteria","Proteobacteria","Alphaproteobacteria","Rhizobiales","Devosiaceae","Devosia",NA
"9b7612d0adb04ac744026656ac5c3905","d__Bacteria","Bacteroidota","Bacteroidia","Flavobacteriales","Flavobacteriaceae","Myroides",NA
"0954e0ef37dde6e6bd3fb20d9a52cb49","d__Bacteria","Firmicutes","Clostridia","Lachnospirales","Lachnospiraceae",NA,NA
"c9b9980387c6fed5d73fd3a98e8f9e65","d__Bacteria",NA,NA,NA,NA,NA,NA
"72e0a7289d4b10e877290dec2bf946aa","d__Bacteria","Firmicutes","Bacilli","Lactobacillales","Enterococcaceae","Enterococcus",NA
"0e9b57456147535b800b138178e66ead","d__Bacteria","Acidobacteriota","Acidobacteriae","Acidobacteriales","uncultured","uncultured",NA
"3c6ade8f0a0737d6ebcb82efd4fb1334","d__Bacteria",NA,NA,NA,NA,NA,NA
"c7eb2a383f898868a305c2f21330dcb9","d__Bacteria","Actinobacteriota","Actinobacteria","Propionibacteriales","Propionibacteriaceae",NA,NA
"17299faddaacb00ab834a7c6a71c133d","d__Bacteria","Actinobacteriota","Acidimicrobiia","Microtrichales","Ilumatobacteraceae",NA,NA
"e5ac2f2c3a8a86ce18c808e781a83944","d__Bacteria","Actinobacteriota","Thermoleophilia","Solirubrobacterales","Solirubrobacteraceae","Solirubrobacter",NA
"fd0e399efe9158c7b10614e725db6cc2","d__Bacteria","Actinobacteriota","Actinobacteria","Propionibacteriales","Propionibacteriaceae",NA,NA
"a33be9366747ad2016de943979c757b4","d__Bacteria","Bacteroidota","Bacteroidia","Bacteroidales","Prevotellaceae",NA,NA
"fb6616fb51b2214fe2c38672ea06144b","d__Bacteria","Proteobacteria","Alphaproteobacteria","Sphingomonadales","Sphingomonadaceae","Sphingobium",NA
"6e185cdf6afef3bb4f83e5273fdc8ee7","d__Bacteria","Firmicutes","Clostridia","Peptostreptococcales-Tissierellales","Family_XI","W5053",NA
"3eca3b682df04e1523175d2dae8f6178","d__Bacteria","Proteobacteria","Gammaproteobacteria","Pseudomonadales","Saccharospirillaceae","Oleispira",NA
"a6abd407a19836561da3bfc1cda42d6f","d__Bacteria",NA,NA,NA,NA,NA,NA
"178ce8ba9cb4a89ae5d3419ea4a5eaf1","d__Bacteria","Firmicutes","Bacilli","Lactobacillales","Streptococcaceae","Streptococcus",NA
"94e7a83fa1a63c147792846902271fae","d__Bacteria","Firmicutes","Clostridia","Peptostreptococcales-Tissierellales","Family_XI","Anaerococcus",NA
"4076addede2e660314a511ad11f29375","d__Bacteria","Actinobacteriota","Actinobacteria","Bifidobacteriales","Bifidobacteriaceae",NA,NA
"eef943be780a4fd8105b0c637ff1e12e","d__Bacteria","Actinobacteriota","Acidimicrobiia","IMCC26256","IMCC26256","IMCC26256",NA
"da7a80e9d271495cea6b25502ca98ef5","d__Bacteria","Proteobacteria","Alphaproteobacteria","Rhodobacterales","Rhodobacteraceae",NA,NA
"eb7f613905e8e2408c951189f5adf458","d__Bacteria","Proteobacteria","Gammaproteobacteria","EV818SWSAP88","EV818SWSAP88","EV818SWSAP88",NA
"1f24a31f7ec1c8ac0bc5d7d2d316f3bf","d__Bacteria","Gemmatimonadota","Gemmatimonadetes","Gemmatimonadales","Gemmatimonadaceae","uncultured",NA
"6dbdbba97e3021fa9051e2b1b6db3ecc","d__Bacteria","Actinobacteriota","Actinobacteria","Actinomycetales","Actinomycetaceae","Actinomyces",NA
"0c67b916897a7ed6e53440a5ccbab376","d__Bacteria","Proteobacteria","Alphaproteobacteria",NA,NA,NA,NA
"cd01600aedc3ca3a7c1ce9ec66a8a475","d__Bacteria","Proteobacteria","Alphaproteobacteria","Acetobacterales","Acetobacteraceae",NA,NA
"00603f4f58725f49bcd5ba0dcb598aaf","d__Bacteria","Cyanobacteria","Cyanobacteriia","Chloroplast","Chloroplast","Chloroplast",NA
"da8ccf02096bfd6de7545fee47fbd2ab","d__Bacteria","Actinobacteriota","Actinobacteria","Micrococcales","Micrococcaceae","Rothia",NA
"c93df6889c483a4874664466eb8f3c8b","d__Bacteria","Chloroflexi","Chloroflexia","Thermomicrobiales","JG30-KF-CM45","JG30-KF-CM45",NA
"7755417b7ee643cd2b14a06fcbb74624","d__Bacteria","Proteobacteria","Alphaproteobacteria","Rhodospirillales","Magnetospiraceae","Magnetospira",NA
"cfa1da18f6e80d225e8404d36dfd7f06","d__Bacteria","Proteobacteria","Gammaproteobacteria","Xanthomonadales","Xanthomonadaceae","Stenotrophomonas",NA
"b090bbb64776ea118b5bb378a39300ce","d__Bacteria","Firmicutes","Bacilli","Thermoactinomycetales","Thermoactinomycetaceae","uncultured",NA
"b69e4bae956d3d6a476b339d083a1cb5","d__Bacteria","Proteobacteria","Gammaproteobacteria","Legionellales","Legionellaceae","Legionella",NA
"8f48b516fbb83ae8f17b54f4c449197d","d__Bacteria","Actinobacteriota","Actinobacteria","Actinomycetales","Actinomycetaceae","Actinomyces",NA
"deef8c39eec79a7adb6c45a00a99689b","d__Bacteria","Actinobacteriota","Coriobacteriia","Coriobacteriales","Atopobiaceae","Atopobium",NA
"f855a7670f238f7bf45202aecf3c5112","d__Bacteria","Proteobacteria","Alphaproteobacteria","Rhizobiales","Devosiaceae","Pelagibacterium",NA
"c8c2c75148b372c3744f29c464ede897","d__Bacteria","Firmicutes","Clostridia","Peptostreptococcales-Tissierellales","Anaerovoracaceae","Mogibacterium",NA
"d9172ade2b10aac3f966fc1207099e15","d__Bacteria","Firmicutes","Bacilli","Paenibacillales","Paenibacillaceae","Paenibacillus",NA
"298daa84fa00008ac334de383c88a2ed","d__Bacteria","Bacteroidota","Bacteroidia","Bacteroidales","Prevotellaceae",NA,NA
"00093187cc42ad5768dfeb02ade59100","d__Bacteria","Acidobacteriota","Vicinamibacteria","Vicinamibacterales","uncultured","uncultured",NA
"ab3036316f54eda1f2fe3c09731680a3","d__Bacteria","Firmicutes","Bacilli","Aneurinibacillales","Aneurinibacillaceae","Aneurinibacillus",NA
"1fd76c92616a18f90acde53a8ecf5df7","d__Bacteria","Bacteroidota","Bacteroidia","Flavobacteriales","Flavobacteriaceae","Capnocytophaga",NA
"40a275389ca4e4fd943dda42f371e504","d__Bacteria","Proteobacteria","Alphaproteobacteria","Rhizobiales","Beijerinckiaceae","Microvirga",NA
"703cd5a4c14898f5c4923ecf7e907c4a","d__Bacteria",NA,NA,NA,NA,NA,NA
"7ff80ccf7cb72ad4faeee0eafb5e6cfb","Unassigned",NA,NA,NA,NA,NA,NA
"9da1533d7f56f0b22e23b010b729dee5","d__Bacteria",NA,NA,NA,NA,NA,NA
"cc2fc2ada8e47a43f4eb901f0258b1d8","d__Bacteria","Proteobacteria","Alphaproteobacteria","Rhizobiales","Beijerinckiaceae","1174-901-12",NA
"baeb1b942e2f70ac5cf4e267b2c14486","d__Bacteria","Actinobacteriota","Thermoleophilia","Solirubrobacterales","Solirubrobacteraceae","Conexibacter",NA
"5bd5e3b1f6ab48446013dd0881cca97c","d__Bacteria","Planctomycetota","Planctomycetes","Gemmatales","Gemmataceae","uncultured",NA
"f6ddcccdf36147612fc74779490448f7","d__Bacteria","Firmicutes","Bacilli","Staphylococcales","Staphylococcaceae","Staphylococcus",NA
"81d1bda33dc94084e3902ab22f624811","d__Bacteria",NA,NA,NA,NA,NA,NA
"6a1e00f1ea107662f97c70eb664877dc","d__Bacteria","Actinobacteriota","Actinobacteria","Pseudonocardiales","Pseudonocardiaceae","Actinomycetospora",NA
"9f16513474cd8769137ddb8d05ec5c23","d__Bacteria","Patescibacteria","Saccharimonadia","Saccharimonadales",NA,NA,NA
"8e2c78b109e4150bec4e3aa14f18644e","d__Bacteria","Proteobacteria","Alphaproteobacteria","Rhizobiales","Xanthobacteraceae",NA,NA
"28ca461f1dfb2f4fb4d7f70378a08f17","d__Bacteria","Proteobacteria","Gammaproteobacteria","Burkholderiales","Oxalobacteraceae","Massilia",NA
"bd46fc4de0367cdbbfb27a06193120dd","d__Bacteria","Bacteroidota","Bacteroidia","Sphingobacteriales","Sphingobacteriaceae","Mucilaginibacter",NA
"d827ea5688fbf9463e1bdbc6386a749a","d__Bacteria","Firmicutes","Clostridia","Peptostreptococcales-Tissierellales","Family_XI","Anaerococcus",NA
"4678517a2dc231187b1d7e9f2a99cd88","d__Bacteria","Cyanobacteria","Cyanobacteriia","Chloroplast","Chloroplast","Chloroplast",NA
"bd40f0a3156e53f49b9fc70cea29fce1","d__Bacteria","Actinobacteriota","Acidimicrobiia","Actinomarinales","uncultured","uncultured",NA
"38d082f85352cb09f68656dd50ff6cc1","d__Bacteria","Firmicutes",NA,NA,NA,NA,NA
"2d634775af68454b408728238c5b0590","d__Bacteria","Firmicutes","Clostridia","Oscillospirales","Ruminococcaceae","Ruminococcus",NA
"f4ba14df62f78f5806d6b30ae67c27cc","d__Bacteria","Acidobacteriota","Blastocatellia","Blastocatellales","Blastocatellaceae",NA,NA
"e8e88a4578747ded7b7d95afb01b12bf","d__Bacteria","Firmicutes","Bacilli","Bacillales","Bacillaceae","Bacillus",NA
"144c2dbe1539e89727e4b37b27f786f4","d__Bacteria","Actinobacteriota","Acidimicrobiia",NA,NA,NA,NA
"80c87c328699dc8b34857e5c44d97f09","d__Bacteria","Firmicutes","Clostridia","Clostridiales","Clostridiaceae","Clostridium_sensu_stricto_1",NA
"fc2373dcdc3aed72fcfe41f87e1b1db5","d__Bacteria","Patescibacteria","uncultured","uncultured","uncultured","uncultured",NA
"1399efb5e511bcf498a87413d0289dac","d__Bacteria","Actinobacteriota","Actinobacteria","Propionibacteriales","Propionibacteriaceae","Friedmanniella",NA
"c34b06ab4b4adec740d16a6d15702512","d__Bacteria","Cyanobacteria","Cyanobacteriia","Chloroplast","Chloroplast","Chloroplast",NA
"362f142f9ae576782311b70b023cb08e","d__Bacteria","Proteobacteria","Alphaproteobacteria","Rhizobiales","Hyphomicrobiaceae",NA,NA
"19c6bd73c163c3d3c57b0b85d222fc68","d__Bacteria","Proteobacteria","Gammaproteobacteria","Xanthomonadales","Xanthomonadaceae","Stenotrophomonas",NA
"932753b46e406cdb55d2488480e3920c","d__Bacteria","Actinobacteriota","Coriobacteriia","Coriobacteriales","Eggerthellaceae","Slackia",NA
"591830ff90301fc84c2075867a61767a","d__Bacteria","Actinobacteriota","Actinobacteria","Micromonosporales","Micromonosporaceae",NA,NA
"fb18fea104d49d69900c089519bedbd1","d__Bacteria","Proteobacteria","Gammaproteobacteria","Burkholderiales","Comamonadaceae","Methylibium",NA
"357a0dd193910b37ea1c0d044df572ab","d__Bacteria","Actinobacteriota","Actinobacteria","Corynebacteriales","Mycobacteriaceae","Mycobacterium",NA
"cb28e44534e32924096bf09dfe4e8191","d__Bacteria","Proteobacteria","Gammaproteobacteria","Enterobacterales","Enterobacteriaceae",NA,NA
"ad8e17812db022b0e5de2315f55d713d","d__Bacteria","Actinobacteriota","Actinobacteria","Corynebacteriales","Corynebacteriaceae","Corynebacterium",NA
"66a42d9df1f9d77a66736eb9f2c4ba9d","Unassigned",NA,NA,NA,NA,NA,NA
"2b46587a1c80c7d04e1f60ab69ad2464","d__Bacteria","Proteobacteria","Alphaproteobacteria","Defluviicoccales","Defluviicoccaceae","Defluviicoccus",NA
"37d993b85a21d66d9d5d5120ce3a99ba","d__Bacteria","Proteobacteria","Gammaproteobacteria","Burkholderiales","Nitrosomonadaceae",NA,NA
"194e432242103d25112ac6bf9a96c8fa","d__Bacteria","Proteobacteria","Gammaproteobacteria","Pseudomonadales","Halieaceae",NA,NA
"35d029df14238a8bef0966405ecd1440","d__Bacteria","Proteobacteria","Alphaproteobacteria","Rhizobiales","Beijerinckiaceae","Microvirga",NA
"57a6238b5ecf97fd8d654c1236c8e79a","d__Bacteria","Actinobacteriota","Actinobacteria","Streptomycetales","Streptomycetaceae","Streptomyces",NA
"367595e8d94a10ae533ab251696f5419","d__Bacteria","Actinobacteriota","Thermoleophilia","Solirubrobacterales","Solirubrobacteraceae","Conexibacter",NA
"5dfe1c129692a4f796c5c0f70f916f35","d__Bacteria","Actinobacteriota","Acidimicrobiia","Microtrichales","Ilumatobacteraceae",NA,NA
"2a4a2908f648db4ae133d744461215c3","d__Bacteria",NA,NA,NA,NA,NA,NA
"f11a3fd1493b4d339cb603dd1a83b9d0","d__Bacteria","Actinobacteriota","Actinobacteria","Propionibacteriales","Nocardioidaceae","Nocardioides",NA
"51bdcdaea6ab23de12215d1bab17a2a9","d__Bacteria","Bacteroidota","Bacteroidia","Flavobacteriales",NA,NA,NA
"f17c32c7f67329f75e3ae59366395c68","d__Bacteria","Actinobacteriota","Actinobacteria","Corynebacteriales","Corynebacteriaceae","Corynebacterium",NA
"806f3b5b038bf06abfcd1127486dacd5","d__Bacteria","Proteobacteria","Gammaproteobacteria","Burkholderiales","Comamonadaceae",NA,NA
"6b5e9d23a268775a45ebca759bd302d0","d__Bacteria","Proteobacteria","Alphaproteobacteria","Acetobacterales","Acetobacteraceae",NA,NA
"8d3314aaab7fddc2b140248328eb0f7a","d__Bacteria","Proteobacteria","Gammaproteobacteria","Xanthomonadales","Rhodanobacteraceae","Dokdonella",NA
"b6082159e1e1c0108f0a155ae36144c9","d__Bacteria",NA,NA,NA,NA,NA,NA
"9ff6d23e7ecbaaedc9ae7838931d0209","d__Bacteria","Bdellovibrionota","Bdellovibrionia","Bacteriovoracales","Bacteriovoracaceae","Peredibacter",NA
"436471694e8f30ba40ad82e291d42bf3","d__Bacteria","Bdellovibrionota","Bdellovibrionia","Bdellovibrionales","Bdellovibrionaceae","Bdellovibrio",NA
"e1345b91ccc37b6f5541c67f025a0093","d__Bacteria","Proteobacteria","Alphaproteobacteria","Rhodobacterales","Rhodobacteraceae",NA,NA
"c715fb267cc03c926e80201ef5681040","d__Bacteria","Proteobacteria","Alphaproteobacteria","Rhizobiales","Rhodomicrobiaceae","Rhodomicrobium",NA
"75a9fec9bbc9c935441395f43ad3a147","d__Bacteria","Patescibacteria","Saccharimonadia","Saccharimonadales","LWQ8","LWQ8",NA
"21c394f0dc6cdd47d86355c7769e5cbe","d__Bacteria","Proteobacteria","Alphaproteobacteria","Rhizobiales","Beijerinckiaceae",NA,NA
"2fc46ed7494b0acbb088ec57d3423861","d__Bacteria","Actinobacteriota","Acidimicrobiia",NA,NA,NA,NA
"7e8d4649af091d048d1d9e5c58670b46","d__Bacteria","Cyanobacteria","Cyanobacteriia","Chloroplast","Chloroplast","Chloroplast",NA
"925026e078153a8f49d494438cbdc78f","d__Bacteria","Firmicutes","Negativicutes","Veillonellales-Selenomonadales","Veillonellaceae","Veillonella",NA
"9ba4acfec7ff1ff485b7e1de6df57163","d__Bacteria","Fusobacteriota","Fusobacteriia","Fusobacteriales","Fusobacteriaceae","Fusobacterium",NA
"8dcd1d80c94dc9da9ca773acf3ccb833","d__Bacteria","Firmicutes","Bacilli","Bacillales","Bacillaceae",NA,NA
"7aadbe4eccae0211ca7176ea3f90e69c","d__Bacteria","Proteobacteria","Gammaproteobacteria","Diplorickettsiales","Diplorickettsiaceae","Aquicella",NA
"d19d6d9bbef6a3d3f68db90ba6d3bde3","d__Bacteria","Firmicutes","Bacilli","Bacillales","Bacillaceae","Oceanobacillus",NA
"00e8a4898218399f169830456f693bbc","d__Bacteria","Dependentiae","Babeliae","Babeliales","Vermiphilaceae","Vermiphilaceae",NA
"41c2ac293121b38184bcddc5687d1790","d__Bacteria","Actinobacteriota","Actinobacteria","Corynebacteriales","Mycobacteriaceae","Mycobacterium",NA
"3c1808bcb3d9c212029fd10ebe3b2b4c","d__Bacteria","Bacteroidota","Bacteroidia","Bacteroidales","Prevotellaceae","Prevotella_7",NA
"300313135a324baa4b0c09052038d311","d__Bacteria","Bacteroidota","Bacteroidia","Bacteroidales","Prevotellaceae","Prevotella_7",NA
"44844e7ee0212c223f92867db379b675","d__Bacteria","Firmicutes","Bacilli","Lactobacillales","Lactobacillaceae","Weissella",NA
"d4491f23dc8620667064f3d07109b742","d__Bacteria","Firmicutes","Clostridia","Oscillospirales","Ruminococcaceae",NA,NA
"5d53bd975d3f8b933266570215011329","d__Bacteria","Actinobacteriota","Thermoleophilia","Solirubrobacterales","Solirubrobacteraceae","JCM_18997",NA
"c15edd00e4357e64320e701451767353","d__Bacteria","Verrucomicrobiota","Chlamydiae","Chlamydiales","Parachlamydiaceae",NA,NA
"fc3e355f70f4f52cef9f96945b2dcdee","d__Bacteria","Planctomycetota","Planctomycetes","Gemmatales","Gemmataceae","uncultured",NA
"5ed82a071f0e9c6047bcf98cc93f4819","d__Bacteria","Actinobacteriota","Actinobacteria","Propionibacteriales","Propionibacteriaceae","Microlunatus",NA
"0a1511eaf8b731f84a52b3e6e2efd32f","d__Bacteria","Patescibacteria","Saccharimonadia","Saccharimonadales",NA,NA,NA
"e952d3d933726d89d6066f24eed72467","d__Bacteria","Proteobacteria","Gammaproteobacteria","Pseudomonadales","Pseudomonadaceae","Pseudomonas",NA
"2b2949f3b936c5322705ed6e72b9e56f","d__Bacteria","Firmicutes","Bacilli","Staphylococcales","Staphylococcaceae","Staphylococcus",NA
"add459803c52f098a2996ba296bb0a87","d__Bacteria","Acidobacteriota","Acidobacteriae","Acidobacteriales","uncultured","uncultured",NA
"0924a21bddb3a3c84db9a726183b8c4b","d__Archaea","Crenarchaeota","Nitrososphaeria","Nitrososphaerales","Nitrososphaeraceae","Nitrososphaeraceae",NA
"c298da179b971cf5c6af6871f214ecc6","d__Bacteria","Proteobacteria","Gammaproteobacteria",NA,NA,NA,NA
"1957b5cb27308cdf1b2737b4bc759fff","d__Bacteria","Patescibacteria","Saccharimonadia","Saccharimonadales","LWQ8","LWQ8",NA
"558e0f9cad1103f361c7b5a63c6a29c7","d__Bacteria","Actinobacteriota","Acidimicrobiia","Microtrichales","Ilumatobacteraceae","CL500-29_marine_group",NA
"e2546584f1134f30fca2fd66fb2bd3d1","d__Bacteria","Firmicutes","Limnochordia","Limnochordales","Limnochordaceae","Limnochordaceae",NA
"4aa151dfbb2fd9f3d096bc0ca681b496","d__Bacteria","Actinobacteriota","Actinobacteria","Propionibacteriales","Nocardioidaceae","Nocardioides",NA
"e8db963c873b76bcb157c22fe90c9089","d__Bacteria","Proteobacteria","Gammaproteobacteria","Xanthomonadales","Xanthomonadaceae","Pseudoxanthomonas",NA
"cb5e7102005cd983e4b2e94f3eed3c28","d__Bacteria","Proteobacteria","Gammaproteobacteria","Enterobacterales","Pasteurellaceae","Haemophilus",NA
"d8de27f5828402840b9cd82a120ae0a7","d__Bacteria","Proteobacteria","Gammaproteobacteria","Gammaproteobacteria_Incertae_Sedis","Unknown_Family","uncultured",NA
"517a938a74e256dec88349ad0989b075","d__Bacteria","Myxococcota","Polyangia","Nannocystales","Nannocystaceae",NA,NA
"c1978a116fae0a391f65218e5e38836a","d__Bacteria","Firmicutes","Clostridia","Peptostreptococcales-Tissierellales","Family_XI","Murdochiella",NA
"c36e560eabbff8d01ab608fa5af2f277","d__Bacteria","Proteobacteria","Gammaproteobacteria","Pseudomonadales","Moraxellaceae","Acinetobacter",NA
"ad64a3c1a11e141eba24e26e590279a2","d__Bacteria","Firmicutes","Bacilli","Lactobacillales","Lactobacillaceae","Lactobacillus",NA
"5f406beb2fd800aa07dda2c4cc72579e","d__Bacteria","Bacteroidota","Bacteroidia","Bacteroidales","Dysgonomonadaceae","Proteiniphilum",NA
"8d03931afbeb5daf506904200d9fdf4a","d__Bacteria","Cyanobacteria","Cyanobacteriia","Cyanobacteriales","Microcystaceae","Chalicogloea_CCALA_975",NA
"590b85d5c34be37703d3bc4e65c0ab5f","d__Bacteria","Bacteroidota","Bacteroidia","Bacteroidales","Prevotellaceae","Alloprevotella",NA
"ff104862c4a5fcbe969f578dded92dbf","d__Bacteria","Firmicutes","Bacilli","Thermoactinomycetales","Thermoactinomycetaceae","Planifilum",NA
"0a6346635b0dfa4349200585ff94cd76","d__Bacteria","Proteobacteria","Gammaproteobacteria","Pseudomonadales","Moraxellaceae","Alkanindiges",NA
"b1454602f815a5d9a39671c1fb2f3656","d__Bacteria","Firmicutes","Bacilli","Thermoactinomycetales","Thermoactinomycetaceae","uncultured",NA
"154a97864f34f37cc405b91c3328a9c8","d__Bacteria",NA,NA,NA,NA,NA,NA
"9e1c25cb522f7c9c6104cf810f1d5620","d__Bacteria","Proteobacteria","Alphaproteobacteria",NA,NA,NA,NA
"7a155999bc4edd0b29668522225e094b","d__Bacteria","Actinobacteriota","Actinobacteria","Micrococcales","Microbacteriaceae","Microbacterium",NA
"7107c6feecce2ebf277db3ec27ea1cb8","d__Bacteria","Actinobacteriota","Thermoleophilia","Gaiellales","uncultured","uncultured",NA
"f3709a21ba15d989417ca1de2715b898","d__Bacteria","Proteobacteria","Alphaproteobacteria","Sphingomonadales","Sphingomonadaceae","Sphingomonas",NA
"1d6708f89d665706a85bde7dae841b31","d__Bacteria","Firmicutes","Clostridia","Oscillospirales","Ruminococcaceae",NA,NA
"f03cd8e3f75a8d12f940351e9475f370","d__Bacteria","Actinobacteriota","Coriobacteriia","Coriobacteriales","Atopobiaceae",NA,NA
"8ba77a608dc6987a5e993b80938d0883","d__Bacteria","Chloroflexi","Gitt-GS-136","Gitt-GS-136","Gitt-GS-136","Gitt-GS-136",NA
"5d1de71ea7ff5b792d0557c7b89a4007","d__Bacteria","Firmicutes","Clostridia","Lachnospirales","Lachnospiraceae","Oribacterium",NA
"2e1185a8d49f078c25d0d65a62344577","d__Bacteria","Actinobacteriota","Actinobacteria","Propionibacteriales","Propionibacteriaceae","Microlunatus",NA
"fffde997716bac18c29a238cb568c097","d__Bacteria","Proteobacteria","Alphaproteobacteria","Rhizobiales","Beijerinckiaceae",NA,NA
"aaa6845b1d8241db03f149dbf029c37e","d__Bacteria","Proteobacteria","Alphaproteobacteria","Rhizobiales","Xanthobacteraceae","Rhodoplanes",NA
"50abb7df34bf100314843ec731857963","d__Bacteria","Bacteroidota","Bacteroidia","Bacteroidales",NA,NA,NA
"95b17d43eb0353b84935aac88df9cd38","d__Bacteria","Firmicutes","Bacilli","Bacillales","Sporolactobacillaceae","Tuberibacillus",NA
"57f48896b5bd96ca29108e9227ffd1f8","d__Bacteria","Firmicutes","Negativicutes","Veillonellales-Selenomonadales","Veillonellaceae","Megasphaera",NA
"e4f6512e0618f9441d68f87368b7eaf8","d__Bacteria","Firmicutes","Clostridia","Lachnospirales","Lachnospiraceae","Oribacterium",NA
"702b066caf7d852669e3e31aff64d523","Unassigned",NA,NA,NA,NA,NA,NA
"372f80bcacda36c2677a054319e748e3","d__Bacteria","Firmicutes","Bacilli","Lactobacillales",NA,NA,NA
"6a6d380ce473ec83edb04d396ba36bc0","d__Bacteria","Firmicutes","Bacilli","Lactobacillales","Aerococcaceae","Aerococcus",NA
"914fe6e32465427754b2527a4aaac26c","d__Bacteria","Planctomycetota","Planctomycetes","Gemmatales","Gemmataceae",NA,NA
"7d63fe4262d659998d7cac200b24cbfc","d__Bacteria",NA,NA,NA,NA,NA,NA
"76798bc19547fe77f1d866cdc4f99172","d__Bacteria","Desulfobacterota","Desulfobulbia","Desulfobulbales","Desulfobulbaceae","Desulfobulbus",NA
"e4f771b5e3b53efc486dbf42a2b9bde0","d__Bacteria","Proteobacteria","Gammaproteobacteria",NA,NA,NA,NA
"5bd61596ff42d5faab530d24080713b2","d__Bacteria","Actinobacteriota","Actinobacteria","Propionibacteriales","Propionibacteriaceae",NA,NA
"5379ce371493d82456a92f44df0057b2","d__Bacteria","Actinobacteriota","Thermoleophilia","Gaiellales","Gaiellaceae","Gaiella",NA
"5c3652041263d238390e6cc5ac90f1b4","d__Bacteria","Actinobacteriota","Actinobacteria","Corynebacteriales","Mycobacteriaceae","Mycobacterium",NA
"e161d0b8498b56b44f6893c3b092e4c8","d__Bacteria","Actinobacteriota","Actinobacteria","Actinomycetales","Actinomycetaceae","Actinomyces",NA
"6495f2739044925b011293a5cb9051d6","d__Bacteria","Firmicutes","Negativicutes","Veillonellales-Selenomonadales","Veillonellaceae","Veillonella",NA
"bb34d22638bf87102d9e58b4dd5fccb2","d__Bacteria","Acidobacteriota","Vicinamibacteria","Vicinamibacterales","Vicinamibacteraceae","Vicinamibacteraceae",NA
"c43a236466ce83679ed01d09bb1bf404","d__Bacteria","Firmicutes","Bacilli","Staphylococcales","Staphylococcaceae","Staphylococcus",NA
"43739494510bbd062f950efe9241824b","d__Bacteria","Bacteroidota","Bacteroidia","Bacteroidales","Prevotellaceae","Prevotella_7",NA
"32053a043d0220cf38d25ac6ed49bd82","d__Bacteria","Bacteroidota","Bacteroidia","Sphingobacteriales","Sphingobacteriaceae","Sphingobacterium",NA
"b463ac1fac2cc4aff02c8006013ebaa6","d__Bacteria","Firmicutes","Clostridia","Thermincolales","Thermincolaceae","Thermincola",NA
"0c642b96414d8a8d5df41e74bec51829","d__Bacteria","Firmicutes","Bacilli","Bacillales","Bacillaceae",NA,NA
"0c111ddfcf30faba3261ce4fe27194c6","d__Bacteria","Actinobacteriota","Actinobacteria","Propionibacteriales","Propionibacteriaceae",NA,NA
"b0fd2b37728ac6d0cdb0ec7041addf6c","d__Bacteria","Proteobacteria","Gammaproteobacteria","Diplorickettsiales","Diplorickettsiaceae","Rickettsiella",NA
"2e9fba5b36cf4842ecb9490fca740ff8","d__Bacteria","Actinobacteriota","Actinobacteria","Bifidobacteriales","Bifidobacteriaceae","Gardnerella",NA
"a805d6d7eb26d7680e3a5698692482ae","d__Bacteria","Planctomycetota","Planctomycetes","Isosphaerales","Isosphaeraceae","Aquisphaera",NA
"cf51f4420b4e181b6bdbda928019e6fe","d__Bacteria","Firmicutes","Negativicutes","Veillonellales-Selenomonadales","uncultured","uncultured",NA
"9d83679421e74f1b43aae798eef483bb","d__Bacteria","Firmicutes","Bacilli","Erysipelotrichales","Erysipelotrichaceae","Holdemanella",NA
"e96015b17ce8ab9ece60f8963b7908e3","d__Bacteria","Chloroflexi","OLB14","OLB14","OLB14","OLB14",NA
"3a97dfaf7ab36cad3405264e3d184321","d__Bacteria","Desulfobacterota","Desulfobacteria","Desulfobacterales","Desulfosarcinaceae",NA,NA
"565f05cd963006bde6b5c1486e80d603","d__Bacteria","Zixibacteria","Zixibacteria","Zixibacteria","Zixibacteria","Zixibacteria",NA
"2a149bee7684453c22acb3267ec0b386","d__Bacteria","Actinobacteriota","Actinobacteria","Propionibacteriales","Nocardioidaceae","Nocardioides",NA
"e7951c79c9a6efc5e058d4518030e9e6","d__Bacteria","Bacteroidota","Bacteroidia","Sphingobacteriales","ST-12K33","ST-12K33",NA
"c85edb5988194d99c2a7cfef5698c7f8","d__Bacteria","Firmicutes","Clostridia","Peptostreptococcales-Tissierellales","Family_XI","Anaerococcus",NA
"3a74deeb34beb2aad132f495c9d54439","d__Bacteria","Proteobacteria","Gammaproteobacteria","Enterobacterales",NA,NA,NA
"2a09d0c6c0e7913b043bb54692533ace","d__Bacteria","Firmicutes","Negativicutes","Veillonellales-Selenomonadales","Veillonellaceae","Veillonella",NA
"325a03d1892fd697e8607e0c50a46083","d__Bacteria","Firmicutes","Negativicutes","Veillonellales-Selenomonadales","Veillonellaceae","Veillonella",NA
"96c38c8765ff70f065e5a9ee75ade6f1","d__Bacteria","Bacteroidota","Bacteroidia",NA,NA,NA,NA
"aff19ca17e52313e5cd8b9c2c8e19a62","d__Bacteria","Deinococcota","Deinococci","Deinococcales","Deinococcaceae","Deinococcus",NA
"01c424cd72543c0742f6b3503a8e30ff","d__Bacteria","Actinobacteriota","Actinobacteria","Micromonosporales","Micromonosporaceae","Luedemannella",NA
"78fa06e3155948db13f4297c5e88fb9d","d__Bacteria","Firmicutes","Bacilli","Bacillales","Bacillaceae","Bacillus",NA
"fde3e4591a71d0ec19e0b4474de72f7f","d__Bacteria","Cyanobacteria","Cyanobacteriia","Cyanobacteriales","Chroococcidiopsaceae",NA,NA
"cef50899ad0fe9f10b8c77766bcfb496","d__Bacteria","Firmicutes","Clostridia","Peptostreptococcales-Tissierellales","Peptostreptococcaceae","Peptostreptococcus",NA
"07e2ec76e6d9cba5fe2f0d85c9ca3798","d__Bacteria","Proteobacteria","Gammaproteobacteria","Pseudomonadales","Pseudomonadaceae","Pseudomonas",NA
"16a5f6ef605edddee2da9b131cd25e16","d__Bacteria","Firmicutes","Bacilli","Staphylococcales","Staphylococcaceae","Staphylococcus",NA
"4abc1c80c0710edf898a1672ca071183","d__Bacteria","Desulfobacterota","Desulfobacteria","Desulfobacterales","Desulfosarcinaceae","uncultured",NA
"746c382ecea03cf9e52f20816b00b4b6","d__Bacteria","Proteobacteria","Gammaproteobacteria","Enterobacterales","Alteromonadaceae",NA,NA
"2c06fab534fcfa1861c75667fae1b78d","d__Bacteria","Actinobacteriota","Coriobacteriia","Coriobacteriales","Atopobiaceae","Atopobium",NA
"f5fceeb9c7cdc67d2c9d197d8fda5d37","d__Bacteria","Bacteroidota","Bacteroidia","Flavobacteriales","Flavobacteriaceae","Capnocytophaga",NA
"a8652b03e0f751a5e24f82962f005b1d","d__Bacteria","Bacteroidota","Bacteroidia","Flavobacteriales","Flavobacteriaceae","Capnocytophaga",NA
"a9168159f92698bb16801c5617247ca8","d__Bacteria","Firmicutes",NA,NA,NA,NA,NA
"86bcfd02ea07358ab79f2e54091a51f0","d__Bacteria","Firmicutes","Bacilli","Lactobacillales",NA,NA,NA
"51643736f3bb9b05a698694300571d86","d__Bacteria",NA,NA,NA,NA,NA,NA
"6ace2c1f6e4ec003b5943a24abc29c7e","d__Bacteria","Proteobacteria","Gammaproteobacteria","Burkholderiales","Chromobacteriaceae","Vogesella",NA
"fdf4a293b50a81568a208776bf99f5c1","d__Bacteria","Proteobacteria","Alphaproteobacteria","Acetobacterales","Acetobacteraceae",NA,NA
"b7d8f90cc6d9db2f3ed2a3c2d831bd51","d__Bacteria","Proteobacteria","Gammaproteobacteria","Xanthomonadales","Rhodanobacteraceae",NA,NA
"6f8fd24f348253e18bfc629e89d29c6d","d__Bacteria","Proteobacteria","Alphaproteobacteria","Rhizobiales","Beijerinckiaceae","Microvirga",NA
"cae4be798dbe0694013e6e3f6c5c3279","d__Bacteria","Firmicutes","Bacilli","Paenibacillales","Paenibacillaceae",NA,NA
"91c06419276bda621e0ea40b3fa50212","d__Bacteria","Patescibacteria",NA,NA,NA,NA,NA
"67f32d3ac21f0a419abb89217d4afc72","d__Bacteria","Proteobacteria","Alphaproteobacteria","Rickettsiales","Rickettsiaceae","uncultured",NA
"aaa3a9791bf53b1a4d43f1a4b898da3f","d__Bacteria","Proteobacteria","Alphaproteobacteria","Rhizobiales","Beijerinckiaceae","Roseiarcus",NA
"9598c1f6b10b3d019b6440ab0a7e1c02","d__Bacteria","Firmicutes","Bacilli","Bacillales","Planococcaceae",NA,NA
"7987a99cf14f9576b5f52ad28b48a600","d__Bacteria","Patescibacteria","Saccharimonadia","Saccharimonadales",NA,NA,NA
"70b2609addb123685c95b72bc5daf535","d__Bacteria","Cyanobacteria","Cyanobacteriia","Chloroplast","Chloroplast","Chloroplast",NA
"56a5ab08f2d7b5765f290d00f5441b75","d__Bacteria","Chloroflexi","Anaerolineae","Caldilineales","Caldilineaceae","uncultured",NA
"8cb23ebe6026d0e84649104c8b98d7f5","d__Bacteria","Patescibacteria",NA,NA,NA,NA,NA
"53fa2d4538b8e43588aa4883a98d8e7f","d__Bacteria","Proteobacteria","Gammaproteobacteria","Burkholderiales","Neisseriaceae","Neisseria",NA
"a6c73213dc8cf31d5d9b0618391169bb","d__Bacteria","Actinobacteriota","Actinobacteria","Micrococcales","Promicromonosporaceae",NA,NA
"884dd0f1e630c8d9abe88060964b79d9","d__Bacteria","Verrucomicrobiota","Verrucomicrobiae","Chthoniobacterales","Terrimicrobiaceae","Terrimicrobium",NA
"7a95275de5afd25971f6b47600fdbe02","d__Bacteria","Actinobacteriota","Actinobacteria","Actinomycetales","Actinomycetaceae","Actinomyces",NA
"70c31c91756bcdde6a5ebb60abd52ce2","d__Bacteria","Actinobacteriota","Actinobacteria","Micrococcales","Micrococcaceae","Rothia",NA
"ba5a58fa3b75e9bdfd93a295e00adc38","d__Bacteria","Bacteroidota","Bacteroidia","Bacteroidales","Prevotellaceae",NA,NA
"dff5c5301b6d045b9ab14dc204776457","d__Bacteria","Proteobacteria","Gammaproteobacteria","Burkholderiales","Oxalobacteraceae",NA,NA
"520e3f2dc0f5c7a15a0b151901995f23","d__Bacteria","Actinobacteriota","Actinobacteria","Frankiales","Geodermatophilaceae",NA,NA
"ab7602f4ba3585979df8b0575e66fe5a","d__Bacteria","Actinobacteriota","Actinobacteria","Frankiales","Acidothermaceae","Acidothermus",NA
"89ce8591578c463cb7f22609b0d370f7","d__Bacteria","Proteobacteria","Alphaproteobacteria","Sphingomonadales","Sphingomonadaceae",NA,NA
"e1096156850c3d50134ed5e19c7a9824","d__Bacteria","Firmicutes","Clostridia","Lachnospirales","Lachnospiraceae","Shuttleworthia",NA
"b37969adbcdef7ddb87c64c0699860bb","d__Bacteria","Proteobacteria","Alphaproteobacteria","Caulobacterales","Caulobacteraceae","Brevundimonas",NA
"e462eabd9576f8925375647e122061b0","d__Bacteria","Firmicutes","Bacilli","Staphylococcales","Staphylococcaceae",NA,NA
"2afd5e00876e28ea9c1de98d775c3493","d__Bacteria","Campylobacterota","Campylobacteria","Campylobacterales","Arcobacteraceae",NA,NA
"d9868431b5339d2e14f7e223047ef6f9","d__Bacteria","Actinobacteriota","Actinobacteria","Streptomycetales","Streptomycetaceae",NA,NA
"9aeabe8b186fe0eed8359efe9406de88","d__Bacteria","Actinobacteriota","Actinobacteria","Corynebacteriales","Corynebacteriaceae","Corynebacterium",NA
"fe7dc0237510b994d241e6473f00c1c4","d__Bacteria","Bacteroidota","Bacteroidia","Flavobacteriales","Flavobacteriaceae","Flavobacterium",NA
"1e4789628367acb28b259f873c589d8a","d__Bacteria","Firmicutes","Incertae_Sedis","Incertae_Sedis","Incertae_Sedis","Gelria",NA
"782ee2609bbf506495bc9873aa97afd2","d__Bacteria","Verrucomicrobiota","Kiritimatiellae","Kiritimatiellales","Kiritimatiellaceae","R76-B128",NA
"8357fb6165dd0723dd5bce6865ed9da9","d__Bacteria","Desulfobacterota","Desulfuromonadia","Desulfuromonadales","Geopsychrobacteraceae","Desulfuromusa",NA
"56b291a66dab821a664236f25bd54fb1","d__Bacteria","Fermentibacterota","Fermentibacteria","Fermentibacterales","Fermentibacteraceae","Fermentibacteraceae",NA
"319f754279d36c170fbf2dc1dc08f8ef","d__Bacteria","Proteobacteria","Alphaproteobacteria","Rickettsiales","Mitochondria","Mitochondria",NA
"1ecc754e11bfa372983c0af8ca3c3dd9","d__Bacteria","Actinobacteriota","Actinobacteria","Bifidobacteriales","Bifidobacteriaceae","Alloscardovia",NA
"dd6b43c9548607f9123c86d51bb24fda","d__Bacteria","Desulfobacterota","Desulfobacteria","Desulfobacterales","Desulfosarcinaceae","SEEP-SRB1",NA
"eb6a0f89245505d7b82231c3ec78f0b2","d__Bacteria","Actinobacteriota","Actinobacteria","Micrococcales","Microbacteriaceae",NA,NA
"e1acfc7b8fdfc9466f998d200eabeee2","d__Bacteria","Proteobacteria","Gammaproteobacteria","Pseudomonadales","Moraxellaceae","Acinetobacter",NA
"146c19cbe166215a4da0c88cb9708277","d__Bacteria","Actinobacteriota","Actinobacteria","Actinomycetales","Actinomycetaceae","Actinomyces",NA
"c2b297f83378e4bb1f55fecf061903b4","d__Bacteria","Actinobacteriota","Actinobacteria","Corynebacteriales","Corynebacteriaceae","Corynebacterium",NA
"d7ba68480ad8d667f9863439128d44b6","d__Bacteria","Actinobacteriota","Actinobacteria","Frankiales","Geodermatophilaceae","Modestobacter",NA
"507a3a0a3c06a17415020116d62fecae","d__Bacteria","Firmicutes","Clostridia","Peptostreptococcales-Tissierellales","Family_XI","Peptoniphilus",NA
"b07d0806575fdc9fcaa3d11b7bbfcdfc","d__Bacteria","Firmicutes","Bacilli","Lactobacillales","Streptococcaceae","Streptococcus",NA
"e56eaa61a51368a63fdc50326e8dc26c","d__Bacteria","Firmicutes","Clostridia","Peptostreptococcales-Tissierellales","Family_XI","Anaerococcus",NA
"334ca0f78121eacebaf7f2dec4c4e243","d__Bacteria","Actinobacteriota","Actinobacteria","Kineosporiales","Kineosporiaceae",NA,NA
"9d8c7fae6dad8d3b5d4f4aecad0ce645","d__Bacteria","NB1-j","NB1-j","NB1-j","NB1-j","NB1-j",NA
"c7a5860694ab8fb6d873baa2cdfe9086","d__Bacteria","Proteobacteria","Alphaproteobacteria","Rhizobiales","Devosiaceae",NA,NA
"f67e40e2c3a40201d5eb128c876c9428","d__Bacteria","Proteobacteria","Alphaproteobacteria","Caulobacterales","Caulobacteraceae","Brevundimonas",NA
"6da3498e976435eb07d55e63d2d6fb48","d__Bacteria","Spirochaetota","Spirochaetia","Spirochaetales","Spirochaetaceae","Sphaerochaeta",NA
"cf03b14f389c04d3e24c02a62c72d151","d__Bacteria","Firmicutes","Clostridia","Oscillospirales","Ruminococcaceae","Ruminococcus",NA
"2751f5b0ef61f249e4bdf7758bd0427f","d__Bacteria","Actinobacteriota","Coriobacteriia","Coriobacteriales","Eggerthellaceae","Enterorhabdus",NA
"7658ad9d0e297831902453f76d4cb050","d__Bacteria","Proteobacteria","Alphaproteobacteria","Rhizobiales","Rhizobiaceae",NA,NA
"859a3524f517f0df95077f3babd0e34c","d__Bacteria","Firmicutes","Bacilli","Staphylococcales","Staphylococcaceae","Staphylococcus",NA
"4806cb61fd8a1f53671abb8ef193b014","d__Bacteria","Proteobacteria","Gammaproteobacteria","Pseudomonadales","Endozoicomonadaceae","Endozoicomonas",NA
"1f18a614e309b6bf5e5e0e9da9ab2919","d__Bacteria","Bacteroidota","Bacteroidia","Flavobacteriales","Flavobacteriaceae","NS5_marine_group",NA
"28d2ee2872deb44673281c984cbb3015","d__Bacteria","Firmicutes","Bacilli","Lactobacillales","Enterococcaceae","Tetragenococcus",NA
"8caf7a2b06b0a9ec88002d7c834b590c","d__Bacteria","Bacteroidota","Bacteroidia","Flavobacteriales","Weeksellaceae","Bergeyella",NA
"394205729df7a20222a6c1712c7b1681","d__Bacteria","Bacteroidota","Bacteroidia","Bacteroidales","Prevotellaceae","Prevotella_7",NA
"9e9cf538de0b785c048b3abaf3bd00ac","d__Bacteria","Firmicutes","Bacilli","Lactobacillales",NA,NA,NA
"8c8a42714048a1b7d2a8554fbb2ceab6","d__Bacteria","Firmicutes","Bacilli","Lactobacillales","Listeriaceae","Listeria",NA
"a06f6d9604d7b3a9d534d8a50c980a53","d__Bacteria",NA,NA,NA,NA,NA,NA
"5b5031b0a6f6d61a624fcc16c1e8a46b","d__Bacteria","Firmicutes","Clostridia","Lachnospirales","Lachnospiraceae",NA,NA
"e8556f2ee367e4b232881591cc7b6a68","d__Bacteria","Verrucomicrobiota","Chlamydiae","Chlamydiales",NA,NA,NA
"1c668c19702fde794bbfb74c2e3fed1b","d__Bacteria","Firmicutes","Clostridia","Peptococcales","Peptococcaceae","Peptococcus",NA
"1a55634d6c431c7d5f3647934c599701","d__Bacteria","Actinobacteriota","Acidimicrobiia",NA,NA,NA,NA
"dc8a792060500e66213ff3855e136a5c","d__Bacteria","Verrucomicrobiota","Verrucomicrobiae","Chthoniobacterales","Chthoniobacteraceae","Candidatus_Udaeobacter",NA
"d88305ae23126fe6b3825102499dd095","d__Bacteria","Firmicutes","Bacilli","Staphylococcales","Staphylococcaceae","Staphylococcus",NA
"02d0f562aa1ceed13ff1cab2abc80f71","d__Bacteria","Firmicutes","Thermoanaerobacteria","Thermoanaerobacterales","Thermoanaerobacteraceae","Brockia",NA
"edd533fad8ea2f01470c00edbfc4d9d0","d__Bacteria","Bacteroidota","Bacteroidia","Bacteroidales","Prevotellaceae","Prevotella_7",NA
"577ac2be8e1508206d18f6266bafef40","d__Bacteria","Actinobacteriota","Actinobacteria","Actinomycetales","Actinomycetaceae","Actinomyces",NA
"2f54683d290fc7e4ee12289845f45759","d__Bacteria","Firmicutes","Bacilli","Bacillales","Bacillaceae","Bacillus",NA
"96411f9715097ed44b018feb0b8c036c","d__Bacteria","Planctomycetota","Planctomycetes","Isosphaerales","Isosphaeraceae","uncultured",NA
"0e0478c3f21696917f94f2a3ce876385","d__Bacteria","Firmicutes","Bacilli","Lactobacillales","Aerococcaceae","Facklamia",NA
"2a188e6b344a143375ae1e6193ebb610","d__Bacteria","Firmicutes","Bacilli","Erysipelotrichales","Erysipelotrichaceae","Holdemanella",NA
"2080832fc171efabe21a603ea2ba22c7","d__Bacteria","Proteobacteria","Alphaproteobacteria","Rhizobiales","Rhizobiaceae",NA,NA
"5df08abec055f9b5b93d548682c0f584","d__Bacteria","Firmicutes","Clostridia","Peptostreptococcales-Tissierellales","Family_XI","Anaerococcus",NA
"255fc01ca6d7dd7a8485834ee3acefdb","d__Bacteria","Proteobacteria","Gammaproteobacteria","Gammaproteobacteria_Incertae_Sedis","Unknown_Family",NA,NA
"64f2691606e027ddd23432bccc7cdbcb","d__Bacteria","Proteobacteria","Alphaproteobacteria","Rhizobiales","Devosiaceae",NA,NA
"f1551bfaca2cc6b4e874eab636290ae9","d__Bacteria","Planctomycetota","Planctomycetes","Pirellulales","Pirellulaceae",NA,NA
"1159ff4ca5ebc24ffa9ad88edc5ff63b","d__Bacteria","Firmicutes","Clostridia","Lachnospirales","Lachnospiraceae",NA,NA
"4907175b9329547aafd160c4d920663b","d__Bacteria","Proteobacteria","Alphaproteobacteria","Rhodobacterales","Rhodobacteraceae","Paracoccus",NA
"db1a4ec617d8490ed076dce127cb9e2d","Unassigned",NA,NA,NA,NA,NA,NA
"345d810f278dd6dcacbfa832c60ce2f8","d__Bacteria","Proteobacteria","Gammaproteobacteria","Diplorickettsiales","Diplorickettsiaceae","uncultured",NA
"d2fb3482310e0251d1621f5c18b14d03","d__Bacteria","Firmicutes","Clostridia",NA,NA,NA,NA
"845ff94b56ff9880dc9b1d6737f71c9c","d__Bacteria","Actinobacteriota","Actinobacteria","Corynebacteriales","Mycobacteriaceae","Mycobacterium",NA
"63ae0145e5193abf87c7a069b2bc6f2c","d__Bacteria","Actinobacteriota","Actinobacteria","Micrococcales","Dermabacteraceae","Brachybacterium",NA
"b81fffd87a9556fee394df9870108240","d__Bacteria","Proteobacteria","Gammaproteobacteria","Pseudomonadales","Moraxellaceae","Acinetobacter",NA
"9c2579d914fbf7b7bee802ba7b95d177","d__Bacteria","Firmicutes","Bacilli","Lactobacillales","Enterococcaceae","Enterococcus",NA
"e17cfce96b54bfcb8ee85cb866aa56c4","d__Bacteria","Firmicutes","Clostridia","Oscillospirales","Hungateiclostridiaceae",NA,NA
"24925ce484695f0b48696850ddc7e6a5","d__Bacteria","Cyanobacteria","Cyanobacteriia","Chloroplast","Chloroplast","Chloroplast",NA
"2a4e932fdb40a841d85461937fc872a0","d__Bacteria","Actinobacteriota","Actinobacteria","Propionibacteriales","Propionibacteriaceae",NA,NA
"7549127a6e8b0e7be0569553c87817f6","d__Bacteria","Firmicutes","Bacilli","Staphylococcales","Staphylococcaceae","Staphylococcus",NA
"7dec25611a630a9bc556c82147004783","d__Bacteria","Proteobacteria","Gammaproteobacteria","Gammaproteobacteria_Incertae_Sedis","Unknown_Family","uncultured",NA
"9be4cc2c301ba4582aa288d15006fdd7","d__Bacteria","Proteobacteria","Gammaproteobacteria","Ectothiorhodospirales","Ectothiorhodospiraceae","Thiogranum",NA
"2af228b6345c55e16713701d513608db","d__Bacteria","Chloroflexi","Anaerolineae","uncultured","uncultured","uncultured",NA
"fdfc561ab26ee04bc649c12064e13cf7","d__Bacteria","Proteobacteria","Alphaproteobacteria",NA,NA,NA,NA
"8fcc7ce9f69074285d845a71388645ca","d__Bacteria","Cyanobacteria","Cyanobacteriia","Chloroplast","Chloroplast","Chloroplast",NA
"ef311d12b16eef508e3427a6a43a8b3a","d__Bacteria","Firmicutes","Bacilli","Lactobacillales",NA,NA,NA
"4fbed790558439a44ad0864851cec50c","d__Bacteria","Actinobacteriota","Actinobacteria","Micrococcales","Micrococcaceae",NA,NA
"5ca28f8a71b296d23b3a28fddb469346","d__Bacteria","Proteobacteria","Gammaproteobacteria","Xanthomonadales","Xanthomonadaceae",NA,NA
"1e45b01b40fe1967e7ed4c3b5e9c8f53","d__Bacteria","Actinobacteriota","Actinobacteria","Micrococcales","Brevibacteriaceae","Brevibacterium",NA
"09e9ab7ad7c01d141bf5b4cc93060d52","d__Bacteria","Firmicutes","Bacilli","Bacillales","Bacillaceae","Bacillus",NA
"13871f5d9f2e05d3da0a19ded0e5e7d2","d__Bacteria","Firmicutes","Bacilli","Thermoactinomycetales","Thermoactinomycetaceae","Risungbinella",NA
"743aff7b267f2f0b9f8fcf1275c62739","d__Bacteria","Firmicutes","Clostridia","Peptostreptococcales-Tissierellales","Family_XI","Anaerococcus",NA
"b9143dd8a87adfdba873d41d2b6e149d","d__Bacteria","Actinobacteriota","Actinobacteria","Propionibacteriales","Propionibacteriaceae","Friedmanniella",NA
"8267d129ca1f0545079e9cd00b761e14","d__Bacteria","Bacteroidota","Bacteroidia","Bacteroidales","Bacteroidaceae","Bacteroides",NA
"81c6605d29873f21c742d4c0fbe55698","d__Bacteria","Firmicutes","Bacilli","Bacillales","Bacillaceae",NA,NA
"5cd742013a3d974cda2baa5cede1ef09","d__Bacteria","Proteobacteria","Alphaproteobacteria","Rhodobacterales","Rhodobacteraceae",NA,NA
"738659926a02377f21b6833acc134367","d__Bacteria","Actinobacteriota","Acidimicrobiia","Microtrichales","Microtrichaceae","Sva0996_marine_group",NA
"683008e777037c51c070be4adf274f42","d__Bacteria","Actinobacteriota","Actinobacteria","Micrococcales","Micrococcaceae",NA,NA
"4e8d38ad5d2e3e2a9be95fb5f2c5a735","d__Bacteria","Firmicutes","Bacilli","Erysipelotrichales","Erysipelotrichaceae","Faecalicoccus",NA
"2c44824eced327aa579fe82baefd062a","d__Bacteria","Verrucomicrobiota","Verrucomicrobiae","Verrucomicrobiales","Akkermansiaceae","Akkermansia",NA
"447904ce4d49c6f67b78b7ddbe600979","d__Bacteria","Firmicutes","Clostridia","Lachnospirales","Lachnospiraceae","[Eubacterium]_hallii_group",NA
"c0e5fc5eba1a7f0d11780d9cabb5c284","d__Bacteria","Firmicutes","Bacilli","Lactobacillales","Lactobacillaceae","Lactobacillus",NA
"d1d2eb74a54b0dcfaafdbf6e53b5f22a","d__Bacteria","Myxococcota","Myxococcia","Myxococcales","Anaeromyxobacteraceae","Anaeromyxobacter",NA
"401ac5b1bcc8250d80de360b70c9d023","d__Bacteria","Acidobacteriota","Acidobacteriae","Bryobacterales","Bryobacteraceae","Bryobacter",NA
"8c3922138bbe98fc51a6b0aaebc58692","d__Bacteria","Proteobacteria","Alphaproteobacteria","Rhizobiales","Rhodomicrobiaceae","Rhodomicrobium",NA
"01766a9dfa33c5549bccbeeccca9a355","d__Bacteria","Patescibacteria","Saccharimonadia","Saccharimonadales",NA,NA,NA
"35b2438d09d1f3954e232c6549fc73ca","d__Bacteria","Actinobacteriota","Actinobacteria","Propionibacteriales","Propionibacteriaceae","Tessaracoccus",NA
"b8aa07a73d2035090df27b591f072873","d__Bacteria","Patescibacteria","Saccharimonadia","Saccharimonadales","Saccharimonadaceae","TM7a",NA
"b3f1ea66489dc945405eb70931d1d92e","d__Bacteria","Firmicutes",NA,NA,NA,NA,NA
"3cd87d42c14a1952e5dfc913f5014ebf","d__Bacteria","Actinobacteriota","Actinobacteria","Streptomycetales","Streptomycetaceae","Streptomyces",NA
"2091b3a3836e1c43daff80a1a4b681dc","d__Bacteria","Firmicutes","Clostridia","Oscillospirales","Hungateiclostridiaceae",NA,NA
"aca6740764e1e4fdd02d9c56409bf9c0","d__Bacteria","Actinobacteriota","Actinobacteria","Micromonosporales","Micromonosporaceae",NA,NA
"688863354b09ee09ef81a0267618eec4","d__Bacteria","Proteobacteria","Alphaproteobacteria","Caulobacterales","Caulobacteraceae","Brevundimonas",NA
"9854665216e7ddb5a84cdcc89249909f","d__Bacteria","Actinobacteriota","Actinobacteria","Propionibacteriales","Propionibacteriaceae","Friedmanniella",NA
"6b60bd4699e603066c630bd66fbae092","d__Bacteria","Actinobacteriota","Actinobacteria","Kineosporiales","Kineosporiaceae","Kineococcus",NA
"3812f490b9c770b98b617c9805ebd90c","d__Bacteria","Proteobacteria","Gammaproteobacteria","Burkholderiales","Burkholderiaceae",NA,NA
"16de44c570871d582a70fa7ff4942f87","d__Bacteria","Proteobacteria","Gammaproteobacteria","Legionellales","Legionellaceae","Legionella",NA
"a423b3b426221a0b2240cc4e89420ecf","d__Bacteria","Proteobacteria","Alphaproteobacteria","SAR11_clade","Clade_I","Clade_Ia",NA
"1c5d033180b903b23bfbac46b0b94871","d__Bacteria","Firmicutes","Clostridia","Peptostreptococcales-Tissierellales","Family_XI","Helcococcus",NA
"e5c4e1f7599c2a003d9edd30afb1344c","d__Bacteria","Actinobacteriota","Actinobacteria","Frankiales","Acidothermaceae","Acidothermus",NA
"11102a9f8af875a6121e9df15f204e6b","d__Bacteria","Actinobacteriota","Actinobacteria","Corynebacteriales","Nocardiaceae",NA,NA
"3bbf8a0dc6ac31380476e3f6d7854a9f","d__Bacteria","Actinobacteriota","Thermoleophilia","Solirubrobacterales","Solirubrobacteraceae",NA,NA
"2409508a7c5aa85e3b8f762a4602fef3","d__Bacteria","Patescibacteria","Saccharimonadia","Saccharimonadales","Saccharimonadaceae","TM7a",NA
"4c93552a5e94d9b12ccad279941371c3","d__Bacteria","Firmicutes","Clostridia","Clostridia_UCG-014","Clostridia_UCG-014","Clostridia_UCG-014",NA
"1a5e07a049979aa8055bd1981fbd5cd9","d__Bacteria","Proteobacteria","Gammaproteobacteria","Burkholderiales","Nitrosomonadaceae","Nitrosomonas",NA
"a2f27f07a8f2e37016e66547374de979","d__Bacteria","Firmicutes","Clostridia","Clostridiales","Oxobacteraceae","Oxobacter",NA
"4cd54cb27491255f0436532bf432bca0","d__Bacteria","Proteobacteria","Gammaproteobacteria","Xanthomonadales","Xanthomonadaceae","SN8",NA
"24e538536b8516682fa3c045be0e3c2e","d__Bacteria","Proteobacteria","Alphaproteobacteria","Acetobacterales","Acetobacteraceae",NA,NA
"5e073be6efecac44dd0f92491dd74e4d","d__Bacteria","Firmicutes","Bacilli","Paenibacillales","Paenibacillaceae","Cohnella",NA
"50c723c97cd7de44ab63f5bdd5c4e368","d__Bacteria",NA,NA,NA,NA,NA,NA
"1ea79380b5fc57a4da2f8fe6a77015b9","d__Bacteria","Verrucomicrobiota","Lentisphaeria","SS1-B-02-17","SS1-B-02-17","SS1-B-02-17",NA
"95b9237e35003c49edaca80efc1ab0d7","d__Bacteria","Proteobacteria","Gammaproteobacteria","Burkholderiales","Rhodocyclaceae",NA,NA
"57fce43dc0b3920aea57d578c3afbb22","d__Bacteria","Acidobacteriota","Vicinamibacteria","Vicinamibacterales","uncultured","uncultured",NA
"9dc92f19df5d28a251cbff67e925d5cf","d__Bacteria","Proteobacteria","Alphaproteobacteria","Rhizobiales","Beijerinckiaceae",NA,NA
"97e39b3d9b9a487475ac15f3aedb19ba","d__Bacteria","Firmicutes","Clostridia","Peptostreptococcales-Tissierellales","Family_XI","Anaerococcus",NA
"1d22d13e298df4ae56fbfbbb8b3407ad","d__Bacteria","Patescibacteria","Saccharimonadia","Saccharimonadales","Saccharimonadaceae","TM7a",NA
"dbcc8dc138724b683f099b51f171e56a","d__Bacteria","Actinobacteriota","Acidimicrobiia","Actinomarinales",NA,NA,NA
"1e738c84510c7e838851f887e891e8eb","d__Bacteria","Firmicutes","Bacilli","Paenibacillales","Paenibacillaceae","Paenibacillus",NA
"e449a237e4d43c966e10f93f8a43f1e3","d__Bacteria","Actinobacteriota","Actinobacteria","Propionibacteriales","Propionibacteriaceae","Friedmanniella",NA
"5333f46f7b5ed59c468aa2781abbf2ba","d__Bacteria","Bacteroidota","Bacteroidia","Flavobacteriales","Flavobacteriaceae","Myroides",NA
"da1310aafda6b3ddaf6eeb6aea7f7bba","d__Bacteria","Actinobacteriota","Actinobacteria","Actinomycetales","Actinomycetaceae","Actinomyces",NA
"1a5aed51b69691a7f0ff5fe28abf8dbe","d__Bacteria","Actinobacteriota","Actinobacteria","Propionibacteriales","Nocardioidaceae","Kribbella",NA
"32eee8418f8c5c8a150ea5993d3f51e4","d__Bacteria","Firmicutes","Bacilli","Lactobacillales","Lactobacillaceae","Ligilactobacillus",NA
"63c999f379b0def6c735d96970fe3258","d__Bacteria","Firmicutes","Clostridia","Peptostreptococcales-Tissierellales","Peptostreptococcaceae","Terrisporobacter",NA
"dcc5b4a710d1da5c28ac322c45ae8894","d__Bacteria","Actinobacteriota","Actinobacteria","Micromonosporales","Micromonosporaceae",NA,NA
"0e6984aaa3bfa8ff734c789db8a748a4","d__Bacteria","Proteobacteria","Alphaproteobacteria","Tistrellales","Geminicoccaceae","uncultured",NA
"d3c8105eedb34ba62e836387fd4fdb0d","d__Bacteria",NA,NA,NA,NA,NA,NA
"876ed963132275be5461f1805bb2887f","d__Bacteria","Firmicutes","Clostridia","Oscillospirales","Hungateiclostridiaceae","uncultured",NA
"f0b4242b1089d86a2a39451c54c3ae5f","d__Bacteria","Firmicutes","Negativicutes","Veillonellales-Selenomonadales","Veillonellaceae","Negativicoccus",NA
"e13a837e475624f1917876e9814c427b","d__Bacteria","Firmicutes","Clostridia","Clostridia_UCG-014","Clostridia_UCG-014","Clostridia_UCG-014",NA
"e1211ed69a080b774dd09d560421ca64","d__Bacteria","Firmicutes","Clostridia","Oscillospirales","Ruminococcaceae",NA,NA
"2424a5ab8db94ad74fded311771c829e","d__Bacteria","Cyanobacteria","Cyanobacteriia","Cyanobacteriales","Chroococcidiopsaceae","uncultured",NA
"6f6b64cd375995e7be657325dd16221b","d__Bacteria","Firmicutes","Clostridia","Clostridia_UCG-014","Clostridia_UCG-014","Clostridia_UCG-014",NA
"0b9d010370765db73121c11b02d6326c","d__Bacteria","Firmicutes","Negativicutes","Veillonellales-Selenomonadales","Selenomonadaceae",NA,NA
"7a595cffb94ef0049e429123aec6038c","d__Bacteria","Firmicutes","Clostridia","Oscillospirales","Hungateiclostridiaceae","Fastidiosipila",NA
"5a7f04a718f89addd2559b99538d6c53","d__Bacteria","Firmicutes","Clostridia","Peptostreptococcales-Tissierellales","Family_XI","Finegoldia",NA
"8da33a8d4a782212803bfbe7a1539e22","d__Bacteria","Firmicutes",NA,NA,NA,NA,NA
"997961109a1b5aa4f28546873f96d015","d__Bacteria","Actinobacteriota","Actinobacteria","Frankiales","Geodermatophilaceae","Antricoccus",NA
"ebe9ec2fc700921a08e922418ac0be8c","d__Eukaryota","Phragmoplastophyta","Embryophyta","Liliopsida","Commelinales","Pontederia",NA
"fd37119afabf61e858d9fc7b01b9d136","d__Bacteria","Sva0485","Sva0485","Sva0485","Sva0485","Sva0485",NA
"86dd4ad0e15c2c1ebf1f8ee7d2403d4f","d__Bacteria","Proteobacteria","Alphaproteobacteria","Rhizobiales","Rhizobiales_Incertae_Sedis",NA,NA
"a9e6c2e6318cc0a3a3d221ad14b78c9f","d__Bacteria","Patescibacteria","Saccharimonadia","Saccharimonadales",NA,NA,NA
"9478b9107aaeac24a12c4cbc46abaff0","d__Bacteria","Proteobacteria","Alphaproteobacteria","Rhodobacterales","Rhodobacteraceae","Rubellimicrobium",NA
"5af4788071f20b2f8009d948324bba3c","d__Bacteria","Chloroflexi","JG30-KF-CM66","JG30-KF-CM66","JG30-KF-CM66","JG30-KF-CM66",NA
"757fd5f3722093fc5546dd186f66b4e3","d__Bacteria","Proteobacteria","Alphaproteobacteria","Sphingomonadales","Sphingomonadaceae","Sphingomonas",NA
"b1be0a0311a31ee12f050159efc830ef","d__Bacteria","Firmicutes","Clostridia","Lachnospirales","Lachnospiraceae","Catonella",NA
"2e14719d817c08725d49ce80f8322158","d__Bacteria","Proteobacteria","Alphaproteobacteria","Rhizobiales","Rhizobiaceae","Allorhizobium-Neorhizobium-Pararhizobium-Rhizobium",NA
"e5b351f24aa321ce39d7801678897310","d__Bacteria","Proteobacteria","Alphaproteobacteria","Rhodobacterales","Rhodobacteraceae",NA,NA
"0519e4216dc7c8554153a716199b96f3","d__Bacteria","Proteobacteria","Alphaproteobacteria","Sphingomonadales","Sphingomonadaceae","Novosphingobium",NA
"6e502abba6caf44ee632d6685e51f4ae","d__Bacteria","Dependentiae","Babeliae","Babeliales",NA,NA,NA
"fb313e062e92d1f558a56689cf535119","d__Bacteria","Proteobacteria","Gammaproteobacteria","Xanthomonadales","Xanthomonadaceae","Pseudoxanthomonas",NA
"acc105ba62b41562ca59ddf4445f591c","d__Bacteria","Actinobacteriota","Actinobacteria","Streptosporangiales","Streptosporangiaceae",NA,NA
"e8b12c74441800cec856d46a74bedf83","d__Bacteria","Proteobacteria","Alphaproteobacteria","Rhizobiales","Rhizobiaceae",NA,NA
"5b482c3bbaf94b5a4c4727493823cda6","d__Bacteria","Bacteroidota","Bacteroidia","Chitinophagales","Chitinophagaceae","Ferruginibacter",NA
"fc77df6317b769fb1ac7ece4063bad4e","d__Bacteria","Firmicutes","Thermovenabulia","Thermovenabulales","Thermovenabulales","Tepidanaerobacter",NA
"781f4d5512aff57f3e055e0836bf073f","d__Bacteria","Actinobacteriota","Actinobacteria","Kineosporiales","Kineosporiaceae","Angustibacter",NA
"f4de0f285558479f5e26110ad5e6a6d0","d__Bacteria","Firmicutes","Clostridia","Clostridiales","Clostridiaceae","Clostridium_sensu_stricto_13",NA
"907fd451e2a8f34307eb5dac339d744d","d__Bacteria","Actinobacteriota","Actinobacteria","Micrococcales","Microbacteriaceae",NA,NA
"529f51e3544df178c198af55be6227e2","d__Bacteria","Proteobacteria","Alphaproteobacteria","Rhizobiales","Beijerinckiaceae",NA,NA
"edee3d79f93a3fa555c13f0420ec251d","d__Bacteria","Actinobacteriota","Actinobacteria","Frankiales","Geodermatophilaceae","Antricoccus",NA
"7ac72610316857b92b785a67470e8b00","d__Bacteria","Bacteroidota","Bacteroidia","Flavobacteriales","Weeksellaceae","Chryseobacterium",NA
"058786c5c7563d5daee5b77f55bd5404","d__Bacteria","Proteobacteria","Alphaproteobacteria","Rhodobacterales","Rhodobacteraceae","Amaricoccus",NA
"09cc2df8505d8b0a9d6c43dcf483c127","d__Bacteria","Bacteroidota","Bacteroidia","Bacteroidales","Prevotellaceae",NA,NA
"76d9475fa28740f11b2b892dff5a7a22","d__Bacteria","Firmicutes","Bacilli","Staphylococcales","Staphylococcaceae",NA,NA
"e2208f812230964cb41a612aa2232e53","d__Bacteria","Planctomycetota","Planctomycetes","Isosphaerales","Isosphaeraceae",NA,NA
"6f499434b465fadd58d767983a16897c","d__Bacteria","Bacteroidota","Bacteroidia","Cytophagales","Cyclobacteriaceae","uncultured",NA
"ce36be7e26c3003e337ef6cfa3a966f3","d__Bacteria","Planctomycetota","Planctomycetes","Isosphaerales","Isosphaeraceae",NA,NA
"ddb5a35ba75765b468dbcbed935fc2b7","d__Bacteria","Firmicutes","Bacilli","Staphylococcales","Staphylococcaceae","Staphylococcus",NA
"7d11c282998d8b3fb49ab7dd94664a0d","d__Bacteria","Myxococcota","Polyangia","Polyangiales","Sandaracinaceae","uncultured",NA
"3101d214e83a3d47053337191fab4038","d__Bacteria","Actinobacteriota","Actinobacteria",NA,NA,NA,NA
"b9910538a0cc2d334cac23b90dc551aa","d__Bacteria","Patescibacteria","Saccharimonadia","Saccharimonadales","LWQ8","LWQ8",NA
"ed8bff925fa383993726372296a2f31e","d__Archaea","Halobacterota","Methanomicrobia","Methanomicrobiales",NA,NA,NA
"a11ad429adcdcd2f6957acc690c5ced5","d__Bacteria","Verrucomicrobiota","Verrucomicrobiae","Chthoniobacterales","Chthoniobacteraceae","Candidatus_Udaeobacter",NA
"e32993410e00cc09350cf762e02a5801","d__Bacteria","Proteobacteria","Gammaproteobacteria",NA,NA,NA,NA
"afa9746a4795a6a922ed6edc8b303e2d","d__Bacteria",NA,NA,NA,NA,NA,NA
"8662b035bd3dbe034b46857bbf3a784d","d__Bacteria","Firmicutes","Bacilli","Erysipelotrichales","Erysipelotrichaceae",NA,NA
"eaca888df7f02cbdf68bc1f9d4001fa3","d__Bacteria","Desulfobacterota","Desulfobulbia","Desulfobulbales","Desulfobulbaceae","uncultured",NA
"50ca9b08f5cab6f27129af46eda6d091","d__Bacteria","Proteobacteria","Gammaproteobacteria","Pseudomonadales","Pseudomonadaceae","Pseudomonas",NA
"69a6ba70198733c5ad7bdd4051cc5eeb","d__Bacteria","Actinobacteriota","Actinobacteria","Micromonosporales","Micromonosporaceae",NA,NA
"356d717e4a051fc6b0ff03c6474dd841","d__Bacteria","Firmicutes","Clostridia",NA,NA,NA,NA
"82376356c99a482618e1d66f58d63358","d__Bacteria","Firmicutes","Clostridia","Peptostreptococcales-Tissierellales","Family_XI","Anaerococcus",NA
"6d68457f681dfeb02a7e609e1aa5f9a9","d__Bacteria","Proteobacteria","Alphaproteobacteria","Rhodobacterales","Rhodobacteraceae",NA,NA
"2f652dc60ebe64968a38875c8ab93749","d__Bacteria",NA,NA,NA,NA,NA,NA
"c0219235a4ee2e224ffcc9eeab9e18ad","d__Bacteria","Proteobacteria","Gammaproteobacteria","Burkholderiales","Burkholderiaceae",NA,NA
"0452e77652495d546908a06b6d1513b0","d__Bacteria","Firmicutes","Bacilli","Bacillales","Planococcaceae",NA,NA
"a7d0c7568152f5439444d779bb721528","d__Bacteria","Firmicutes","Bacilli","Paenibacillales","Paenibacillaceae","Cohnella",NA
"40b1c7e31ef4eb4b57670887ceebaec6","d__Bacteria","Actinobacteriota","Thermoleophilia","Solirubrobacterales","67-14","67-14",NA
"37b82ec92d557b6501132c353c0478fa","d__Bacteria","Patescibacteria","Saccharimonadia","Saccharimonadales","LWQ8","LWQ8",NA
"da1005b45cb6de3e09c5d1877af40449","d__Bacteria","Actinobacteriota","Actinobacteria","Propionibacteriales","Propionibacteriaceae","uncultured",NA
"6fb16ffedd1a5551f9cc5978556fc9bc","d__Bacteria","Planctomycetota","Planctomycetes","Isosphaerales","Isosphaeraceae","uncultured",NA
"cd9c913e09ea4c2b2da28f44b976adfa","d__Bacteria","Proteobacteria","Alphaproteobacteria","Acetobacterales","Acetobacteraceae","Endobacter",NA
"65438c5c2093215a8dc4f5e1786cfeb9","d__Bacteria","Proteobacteria","Gammaproteobacteria","Burkholderiales","TRA3-20","TRA3-20",NA
"3d1f273171fe846a93bc29298d1e7951","d__Bacteria","Cyanobacteria","Cyanobacteriia","Cyanobacteriales","Chroococcidiopsaceae","Chroococcidiopsis_SAG_2023",NA
"8c0e0383c2c2213377ae168cce664ef7","d__Bacteria","Actinobacteriota","Actinobacteria","Bifidobacteriales","Bifidobacteriaceae","Gardnerella",NA
"43195ff8c7d664ad1749d12356275705","d__Bacteria","Actinobacteriota","Actinobacteria","Bifidobacteriales","Bifidobacteriaceae","Gardnerella",NA
"51f89644de129c56038f087705126bb1","d__Bacteria","Firmicutes","Clostridia","Peptostreptococcales-Tissierellales","Family_XI","Fenollaria",NA
"700527fd53c402a87da6d08bcf93c3af","d__Bacteria","Proteobacteria","Gammaproteobacteria","Burkholderiales","Neisseriaceae",NA,NA
"8fde9757bc5d91e41d2338a89829995a","d__Bacteria","Proteobacteria","Alphaproteobacteria","Sphingomonadales","Sphingomonadaceae","Sphingomonas",NA
"2f5435f2de55a39e0b269614c6ff776f","d__Bacteria","Proteobacteria","Gammaproteobacteria","Enterobacterales",NA,NA,NA
"5b3e5052d28d44263ce256b089418a7d","d__Bacteria","Proteobacteria","Alphaproteobacteria","Micavibrionales","uncultured","uncultured",NA
"1da0a3879458f2212ad99da5c4ddb25a","d__Bacteria","Bdellovibrionota","Bdellovibrionia","Bdellovibrionales","Bdellovibrionaceae","Bdellovibrio",NA
"a4a807e42fbf5c99d731582111b9a00e","d__Bacteria","Proteobacteria","Gammaproteobacteria","Burkholderiales","Oxalobacteraceae","Massilia",NA
"130bf1979953492513b9909f31edfaaa","d__Bacteria","Proteobacteria","Alphaproteobacteria","Rickettsiales","Mitochondria","Mitochondria",NA
"8a58386a9ddb1b01b2c192fa05721347","d__Bacteria","Bdellovibrionota","Oligoflexia","Oligoflexales","Oligoflexaceae","uncultured",NA
"0968629426d71af687dba715494e73d2","d__Bacteria","Actinobacteriota","Actinobacteria","Streptosporangiales","Streptosporangiaceae","Sphaerisporangium",NA
"93a922272cffdc7acb7a8e01c0ace63e","d__Bacteria","Actinobacteriota","Actinobacteria","Corynebacteriales","Mycobacteriaceae","Mycobacterium",NA
"140294b7468d764e033b514f500a2607","d__Bacteria","Firmicutes","Clostridia","Lachnospirales","Lachnospiraceae",NA,NA
"81f2c1269c91e9b4172474a8c65195a2","d__Bacteria","Proteobacteria","Gammaproteobacteria","Burkholderiales","Neisseriaceae","Neisseria",NA
"30d52dd564a953d6ed61dd041901c7d1","d__Bacteria","Firmicutes","Bacilli","Lactobacillales","Streptococcaceae","Lactococcus",NA
"780cc371eee7cca66c984ba971a544b5","d__Bacteria","Calditrichota","Calditrichia","Calditrichales","Calditrichaceae","Calditrichaceae",NA
"7b05ef2534eb1dbef754fb4ff65f9c68","d__Bacteria","TA06","TA06","TA06","TA06","TA06",NA
"03a19830069e12542a1ccb4cc8cd08a7","d__Bacteria","Firmicutes","Clostridia",NA,NA,NA,NA
"11f707b2cf26c4f135260b704cf5d062","d__Bacteria","Proteobacteria","Gammaproteobacteria","EPR3968-O8a-Bc78","EPR3968-O8a-Bc78","EPR3968-O8a-Bc78",NA
"3a52fdb49c2852cd9005ea6f94da12e3","d__Bacteria","Verrucomicrobiota","Chlamydiae","Chlamydiales","Parachlamydiaceae","Neochlamydia",NA
"e49413c6d5f1a6c58475df177b40b444","Unassigned",NA,NA,NA,NA,NA,NA
"a28cef6c4420cb15038982b44c408b5a","d__Bacteria","Chloroflexi","Chloroflexia","Thermomicrobiales","JG30-KF-CM45","JG30-KF-CM45",NA
"0563c5dd539b37cceb9e745ebaa7319e","d__Bacteria","Actinobacteriota","Actinobacteria","Frankiales","Geodermatophilaceae","Modestobacter",NA
"f73a4a69d652e37b0a770f93cb113911","d__Bacteria","Actinobacteriota","Actinobacteria","Corynebacteriales","Corynebacteriaceae","uncultured",NA
"487114902a86c40b115cce97546d79ef","d__Bacteria","Patescibacteria","Saccharimonadia","Saccharimonadales","Saccharimonadaceae","TM7a",NA
"a9f84052294f64bfe364000b279f4a0d","d__Bacteria","Firmicutes","Clostridia","Peptostreptococcales-Tissierellales","Family_XI","Anaerococcus",NA
"443b475629ee9ddc930660e48a544c7f","d__Bacteria","Myxococcota","Polyangia","Haliangiales","Haliangiaceae","Haliangium",NA
"ae404822be91194ed621f373b373550c","d__Bacteria","Actinobacteriota","Actinobacteria","Propionibacteriales","Nocardioidaceae","Aeromicrobium",NA
"a2e0494bee40063df731f624634b66ec","d__Bacteria","Campylobacterota","Campylobacteria","Campylobacterales","Arcobacteraceae",NA,NA
"8d45c30f10965602b764247585c3fdb4","d__Bacteria","Firmicutes","Clostridia","Lachnospirales","Lachnospiraceae",NA,NA
"6d73dd7e556b37e753a2e0fb5e8ad1f2","d__Bacteria","Actinobacteriota","Actinobacteria","Micrococcales","Brevibacteriaceae","Brevibacterium",NA
"a44cf30d9301330defd7b5f9bf653e34","Unassigned",NA,NA,NA,NA,NA,NA
"e74fc896927a76893f1f6206d762a38a","d__Bacteria","Actinobacteriota","Actinobacteria","Propionibacteriales","Propionibacteriaceae","Cutibacterium",NA
"3847e5b2e730caf13370210a95a9b4b2","d__Bacteria","Firmicutes","Clostridia","Peptococcales","Peptococcaceae","Peptococcus",NA
"cac221036b54bd845300a82263c4b9c8","d__Bacteria","Bacteroidota","Bacteroidia","Flavobacteriales","Crocinitomicaceae","uncultured",NA
"79fbabbc872ce0a8aafaff7c384c0201","d__Bacteria","Proteobacteria","Alphaproteobacteria","Sphingomonadales","Sphingomonadaceae",NA,NA
"6dd7754ed56427839ef80055a2f95259","d__Bacteria","Patescibacteria","Saccharimonadia","Saccharimonadales","LWQ8","LWQ8",NA
"cc312106a4c6612f0433104966703e8f","d__Bacteria","Acidobacteriota","Vicinamibacteria","Vicinamibacterales","Vicinamibacteraceae","Vicinamibacteraceae",NA
"3572f326efb88afd3347ee307e4f70d1","d__Bacteria","Firmicutes","Bacilli","Paenibacillales","Paenibacillaceae","Paenibacillus",NA
"1ea191dbaab7089d398f589df5c20ae4","d__Bacteria","Proteobacteria","Gammaproteobacteria","Enterobacterales","Enterobacteriaceae",NA,NA
"e7d10480134cd99ab763a7a89d0ffee9","d__Bacteria","Firmicutes","Bacilli","Bacillales","Bacillaceae","Geobacillus",NA
"5ebe45c1c2239bb0a217b75a9d31a5da","d__Bacteria","Firmicutes","Clostridia","Peptostreptococcales-Tissierellales","Family_XI","Gallicola",NA
"b96955f6c92035d7ac030877375f2a9c","d__Bacteria","Firmicutes","Clostridia","Oscillospirales","Ruminococcaceae",NA,NA
"84de0d4d36d60ae45f27db5aabcf859b","d__Bacteria","Firmicutes","Bacilli","Lactobacillales","Aerococcaceae","Aerococcus",NA
"5c401c0ff84d16e833a7609650c5ae71","Unassigned",NA,NA,NA,NA,NA,NA
"ada65209ae88b89256d62bed697f7e7a","d__Bacteria","Proteobacteria","Alphaproteobacteria","Rhodospirillales","Magnetospirillaceae",NA,NA
"38b5486c4e819edbd8c2188a7d8ddb1d","d__Bacteria","Firmicutes","Bacilli","Staphylococcales","Staphylococcaceae","Staphylococcus",NA
"74fdaceadc5e9e17c5ffcbf0631715bf","d__Bacteria","Firmicutes","Bacilli","Lactobacillales","Lactobacillaceae","Limosilactobacillus",NA
"d8caa1de6fb89d2804afe020b2886bfa","d__Bacteria","Firmicutes","Clostridia","Oscillospirales","Hungateiclostridiaceae",NA,NA
"6bb097a9cd682b04a26bdafb342a6a2e","d__Bacteria","Proteobacteria","Alphaproteobacteria","Sphingomonadales","Sphingomonadaceae",NA,NA
"3e71313c1a96b196d7c41ff629aadbee","d__Bacteria","Patescibacteria","Saccharimonadia","Saccharimonadales","Saccharimonadales","Saccharimonadales",NA
"e4269d0d48423e7ba61aca01c290b65b","d__Bacteria","Gemmatimonadota","Gemmatimonadetes","Gemmatimonadales","Gemmatimonadaceae","uncultured",NA
"7d9b070e4f2eb437f20862be1afc094c","d__Bacteria","Bacteroidota","Bacteroidia","Sphingobacteriales","Sphingobacteriaceae",NA,NA
"9158926924b5b75948c9403d8dfbcf9a","d__Bacteria","Proteobacteria","Gammaproteobacteria","PLTA13","PLTA13","PLTA13",NA
"9b450521d0ac3067efa11684148356b2","d__Bacteria","Firmicutes","Clostridia","Clostridiales","Clostridiaceae","Clostridium_sensu_stricto_5",NA
"def65d0d5fa7ccc23511fee4d6f6f0a5","d__Bacteria","Bacteroidota","Bacteroidia","Bacteroidales","Bacteroidaceae","Bacteroides",NA
"2050d054ea4f5b8d03eb1e9ce06ae2a1","d__Bacteria","Firmicutes","Negativicutes","Veillonellales-Selenomonadales","Selenomonadaceae","Selenomonas",NA
"6d43e9db8d1f389f373564470510e6e8","d__Bacteria","Proteobacteria","Gammaproteobacteria","Legionellales","Legionellaceae","Legionella",NA
"84daa86959583116ba15a6da31445a0b","d__Bacteria","Firmicutes","Clostridia","Oscillospirales","Hungateiclostridiaceae",NA,NA
"7a374b453104d11298849a77221ffaf3","d__Bacteria","Proteobacteria","Alphaproteobacteria","Rhizobiales","Xanthobacteraceae","Pseudolabrys",NA
"8c54ffb8e165520c5d6925f3827b21a7","d__Bacteria","Actinobacteriota","Coriobacteriia","Coriobacteriales","Atopobiaceae","uncultured",NA
"d5bb484945e52de0582891a2062b15f8","d__Bacteria","Bacteroidota","Bacteroidia","Sphingobacteriales","Sphingobacteriaceae",NA,NA
"e7dbb61a20750c739865c0bbf5eb0f26","d__Eukaryota","Vertebrata","Actinopterygii","Teleostei","Teleostei","Teleostei",NA
"82f05c4604ccf77dcf6302ff50dcafc5","d__Bacteria","Verrucomicrobiota","Chlamydiae","Chlamydiales","Parachlamydiaceae",NA,NA
"234af57376c6c005080f09179e97dd54","d__Bacteria","Actinobacteriota","Coriobacteriia","Coriobacteriales","Atopobiaceae","Atopobium",NA
"9793134fd6f534f5a86302dadea0eba6","d__Bacteria","Actinobacteriota","Actinobacteria","Bifidobacteriales","Bifidobacteriaceae","Bifidobacterium",NA
"68e29fb1bd5fb754f1bae3f5ea54a1fb","d__Bacteria","Firmicutes","Negativicutes","Veillonellales-Selenomonadales","Veillonellaceae","Veillonella",NA
"10c1c5feae0a5dfdeb02ed4cefed2a46","d__Bacteria","Firmicutes","Bacilli","Lactobacillales","Lactobacillaceae","Weissella",NA
"5cd375248d932af1edfa55293922a4bb","d__Bacteria","Proteobacteria","Alphaproteobacteria","Rhizobiales","Rhizobiaceae",NA,NA
"36a32052b8d0791abd69f583a8d81117","d__Bacteria","Actinobacteriota","Acidimicrobiia","Microtrichales","Microtrichaceae","IMCC26207",NA
"b441dd6405f82705569a42af55cd8c53","d__Bacteria","Acidobacteriota","Acidobacteriae","Acidobacteriales",NA,NA,NA
"f1a5d0151b6820bf72619f72f61b728a","d__Bacteria","Proteobacteria","Alphaproteobacteria","Acetobacterales","Acetobacteraceae","Craurococcus-Caldovatus",NA
"b5c04edeb87969112aa1ede47175aa92","d__Bacteria","Proteobacteria","Gammaproteobacteria","Pseudomonadales","Moraxellaceae","Psychrobacter",NA
"b2a1b2c0f620ff1a4cbd733bd28316fe","d__Bacteria","Actinobacteriota","Actinobacteria","Propionibacteriales","Propionibacteriaceae","Tessaracoccus",NA
"e00c5871d509f6612dc2f4a7e9d9fbe0","d__Bacteria","Actinobacteriota","Actinobacteria","Micrococcales","Micrococcaceae",NA,NA
"86760121a7408e918ba1a5004ab1fd51","Unassigned",NA,NA,NA,NA,NA,NA
"531cda7846939af65e8b746b74e8ea42","d__Bacteria","Proteobacteria","Gammaproteobacteria","Chromatiales","Chromatiaceae",NA,NA
"518b72d3ce2182561042472ba8e3c78a","d__Bacteria","Firmicutes","Clostridia","Lachnospirales","Lachnospiraceae","Blautia",NA
"a282af8d44887642a824c26f6d6d9c39","d__Bacteria","Actinobacteriota","Actinobacteria","Corynebacteriales","Corynebacteriaceae","Corynebacterium",NA
"4c41eeaca0952a7b94bae3c8c9459107","d__Bacteria","Proteobacteria","Alphaproteobacteria","Rhodobacterales","Rhodobacteraceae","Rubellimicrobium",NA
"f9fe9b9a9b0cd1d5df1f050a0640f9e3","d__Bacteria","Proteobacteria","Gammaproteobacteria","Enterobacterales","Morganellaceae","Morganella",NA
"9cd6ae065a242caab6ef1e57d8334261","d__Bacteria","Firmicutes","Bacilli","Erysipelotrichales","Erysipelotrichaceae","Solobacterium",NA
"f24809aae596adfab1fc6b1789a601a5","d__Bacteria","Actinobacteriota","Actinobacteria","Propionibacteriales","Nocardioidaceae","Aeromicrobium",NA
"09d25cf1af6f84665eaee18f2a3401cd","Unassigned",NA,NA,NA,NA,NA,NA
"3dbaa966029089394fb9bc27f7b92183","d__Bacteria","Proteobacteria","Alphaproteobacteria","Acetobacterales","Acetobacteraceae","Craurococcus-Caldovatus",NA
"b97c4f634326bcd9ef2f6cdcb0fcee56","d__Bacteria","Actinobacteriota","Actinobacteria","Propionibacteriales","Nocardioidaceae","Nocardioides",NA
"2e00f25dfb1fa2a4ee6f32fc2ccacb63","d__Bacteria","Bacteroidota","Bacteroidia","Bacteroidales","Prolixibacteraceae","Draconibacterium",NA
"725e9cdcec9fd7be9e97e6bccbb5ae25","d__Bacteria","Actinobacteriota","Coriobacteriia","Coriobacteriales","Atopobiaceae","Atopobium",NA
"207fafffe3c608e622be8882b2d17210","d__Bacteria","Proteobacteria","Gammaproteobacteria","Pseudomonadales","Pseudomonadaceae","Pseudomonas",NA
"b4f1f88ef78c41a81cc5a98916bcbb96","d__Bacteria","Myxococcota","Polyangia","Haliangiales","Haliangiaceae","Haliangium",NA
"47aa422878e265c7e2c263932bf72d1e","d__Bacteria","Verrucomicrobiota","Verrucomicrobiae","Verrucomicrobiales","Rubritaleaceae","Persicirhabdus",NA
"08620428dcbedbe99f04bb92f7b67467","d__Bacteria","Firmicutes","Clostridia","Peptostreptococcales-Tissierellales","Family_XI","Anaerococcus",NA
"8cd32453358a56f52c1607cbdae6b13f","d__Bacteria","Bacteroidota","Bacteroidia","Cytophagales","Cytophagaceae","Cytophaga",NA
"ec737add57a6fbbe61685957bdf34431","d__Bacteria","Firmicutes","Bacilli","Paenibacillales","Paenibacillaceae","Thermobacillus",NA
"21b6db6363aad8c887299899720abfa6","Unassigned",NA,NA,NA,NA,NA,NA
"65d6d62f720a4148c60c74dcf9c42dbf","d__Bacteria","Proteobacteria","Gammaproteobacteria","Enterobacterales","Enterobacteriaceae",NA,NA
"1dbbf5ef8798e06107d6381f1d9d120b","d__Bacteria","Firmicutes","Bacilli","Lactobacillales","Streptococcaceae","Streptococcus",NA
"d786f0915dec95bc3fd5371f3297fdd2","d__Bacteria","Firmicutes","Bacilli","Lactobacillales","Lactobacillaceae","Limosilactobacillus",NA
"09d8f9ecbf12b1bc3d5eda9aee14b368","d__Bacteria","Acidobacteriota","Blastocatellia","Pyrinomonadales","Pyrinomonadaceae","RB41",NA
"267636b9b6835a8edf7958faa1d91c90","d__Bacteria","Proteobacteria","Alphaproteobacteria","Rhizobiales","Beijerinckiaceae",NA,NA
"2b177d064a17993c01c0b2bd61ddf339","d__Bacteria","Firmicutes","Clostridia","Oscillospirales","Hungateiclostridiaceae","HN-HF0106",NA
"811d6fdf87196a7bf354503b2d67a57d","d__Bacteria","Actinobacteriota","Acidimicrobiia",NA,NA,NA,NA
"92f885f5840574833068977bd8a1160d","d__Bacteria","Firmicutes","Bacilli","Erysipelotrichales","Erysipelatoclostridiaceae","Erysipelatoclostridium",NA
"119d77c9ae0cb485d69dfa44961aa791","d__Bacteria","Proteobacteria","Alphaproteobacteria","Reyranellales","Reyranellaceae","Reyranella",NA
"ed83112aab1b32d7725fa4be8aab51ff","d__Bacteria","Bacteroidota","Bacteroidia","Cytophagales","Spirosomaceae","Spirosoma",NA
"97f6d12b18a4f4b550edfe7549bc47f8","d__Bacteria","Firmicutes","Bacilli","Lactobacillales","Lactobacillaceae","Lactiplantibacillus",NA
"142915f5c0e1e2e3e8bc7517151f2dee","d__Bacteria","Acidobacteriota","Vicinamibacteria","Vicinamibacterales","uncultured","uncultured",NA
"798cded1dcbed414854f8586c0ebe4e1","d__Bacteria","Proteobacteria","Gammaproteobacteria","Burkholderiales","Burkholderiaceae","Lautropia",NA
"d932bbb6eb2676e927088f99deeebbb4","d__Bacteria","Firmicutes","Bacilli","Lactobacillales",NA,NA,NA
"63686de05000a75674da4f27dca22b16","d__Bacteria","Firmicutes","Clostridia",NA,NA,NA,NA
"0b02720795854d5742b652903b712a2a","d__Bacteria","Actinobacteriota","Actinobacteria","Actinomycetales","Actinomycetaceae","Actinomyces",NA
"fac437e87f5c9d5494d998458c38a05d","d__Bacteria","Firmicutes","Clostridia","Lachnospirales","Lachnospiraceae","Stomatobaculum",NA
"f89f572f705def0efb740747b3ed51e7","d__Bacteria","Proteobacteria","Alphaproteobacteria","Sphingomonadales","Sphingomonadaceae",NA,NA
"f4a9ac3e8f3d59fcb39d02b3003ea8c8","d__Bacteria","Proteobacteria","Alphaproteobacteria","Rhizobiales","Hyphomicrobiaceae","Hyphomicrobium",NA
"cb889e451d95b46a7ee6046fe2c9485b","d__Bacteria","Firmicutes","Bacilli","Bacillales",NA,NA,NA
"b2d3b72f2b9eac2e9abf29d9f27c50a6","d__Bacteria","Actinobacteriota","Acidimicrobiia","Microtrichales",NA,NA,NA
"73b716cd4c63a0e450048de99b8ab734","d__Bacteria","Proteobacteria","Gammaproteobacteria","Pseudomonadales","Pseudomonadaceae","Pseudomonas",NA
"2900e926f1b92c3c59e7357a79616ddc","d__Bacteria","Firmicutes","Bacilli","Lactobacillales","Carnobacteriaceae",NA,NA
"d1c06a048f6dd0023eb5a12c2b6bc74d","d__Bacteria","Firmicutes","Bacilli","Lactobacillales","Aerococcaceae","Eremococcus",NA
"7a0e8151361d9d83310fe10dddd3e991","d__Bacteria","Bacteroidota","Bacteroidia","Flavobacteriales","Weeksellaceae","Chryseobacterium",NA
"fd1acc6c905c42057f3bacb0688f1c7b","d__Bacteria","Proteobacteria","Alphaproteobacteria","Rhizobiales","Beijerinckiaceae",NA,NA
"16e5d14d17d268bdf80502f420a58da4","d__Bacteria","Firmicutes","Bacilli","Lactobacillales","Lactobacillaceae","Lactobacillus",NA
"62aced983293d2c0dfbf13239e5b4ede","d__Bacteria","Bdellovibrionota","Oligoflexia","0319-6G20","0319-6G20","0319-6G20",NA
"42ab1a01aeb198eea8d4c2ceea85ce43","d__Bacteria","Actinobacteriota","Actinobacteria","Propionibacteriales","Propionibacteriaceae","Microlunatus",NA
"9fd223042f29ae83028e888651895748","d__Bacteria","Actinobacteriota","Actinobacteria","Pseudonocardiales","Pseudonocardiaceae","Crossiella",NA
"994826b5429ef3a66622cbc4fb12ce0f","d__Bacteria","Bacteroidota","Bacteroidia","Bacteroidales","Bacteroidaceae","Bacteroides",NA
"3f5255405d322391f28fb1b84594bf88","d__Bacteria","Chloroflexi","Anaerolineae","RBG-13-54-9","RBG-13-54-9","RBG-13-54-9",NA
"fb5908badab6f1a8324edb9709d5d93e","d__Bacteria","Actinobacteriota","Actinobacteria",NA,NA,NA,NA
"7999406d63712f67ba1b69708d0171b5","d__Bacteria","Proteobacteria","Alphaproteobacteria","Sphingomonadales","Sphingomonadaceae","Sphingobium",NA
"e40073db4d410fb7ceb56bb937dc4abf","d__Bacteria","Chloroflexi","Anaerolineae","Caldilineales","Caldilineaceae","uncultured",NA
"01c75f8fa8c0f568f7d0f28d3040e7e5","d__Bacteria","Proteobacteria","Alphaproteobacteria","Elsterales","uncultured","uncultured",NA
"ed13bcf6335757efb891c2a9911f7dd3","d__Bacteria","Dependentiae","Babeliae","Babeliales",NA,NA,NA
"f1d425202e7148b0a97ee3369e3b58d7","d__Bacteria","Actinobacteriota","Acidimicrobiia","Microtrichales","uncultured","uncultured",NA
"ab7022775903786a01321239a0c6cc3a","d__Bacteria","Actinobacteriota","Actinobacteria","Actinomycetales","Actinomycetaceae","Actinomyces",NA
"25f1a46e258274a242d5c392bf7c9813","d__Bacteria","Gemmatimonadota","Gemmatimonadetes","Gemmatimonadales","Gemmatimonadaceae","Gemmatimonas",NA
"9bc5799d72fd54a50d0190bbbfe7ade0","d__Bacteria","Cyanobacteria","Cyanobacteriia","Chloroplast","Chloroplast","Chloroplast",NA
"dc71eadc125d5e69274f64d399b3ba9e","d__Bacteria","Actinobacteriota","Acidimicrobiia","IMCC26256","IMCC26256","IMCC26256",NA
"3e108b44bf1a6612376d448c347722fd","d__Bacteria","Actinobacteriota","Actinobacteria","Propionibacteriales","Propionibacteriaceae","Marinilutecoccus",NA
"527211e111c1f61686143c5d219b8933","d__Bacteria","Firmicutes","Clostridia","Lachnospirales","Lachnospiraceae",NA,NA
"87e866f278ef988850687cf4bfa3d5c3","d__Bacteria",NA,NA,NA,NA,NA,NA
"f6ae3b4ef2484d5bb98b76d98981621f","d__Bacteria","Proteobacteria","Alphaproteobacteria","Rhizobiales","Hyphomicrobiaceae","Pedomicrobium",NA
"5caf0bad070f98d0685d1308d6227a47","d__Bacteria","Proteobacteria","Alphaproteobacteria","Rhizobiales","Xanthobacteraceae",NA,NA
"deac04bc0d149fc2722ebdcba3c58714","d__Bacteria","Bacteroidota","Bacteroidia","Flavobacteriales","Weeksellaceae","Chryseobacterium",NA
"24be11b5d6c526b86abf45223546b380","d__Bacteria","Desulfobacterota","Desulfobacteria","Desulfobacterales","Desulfosarcinaceae","Sva0081_sediment_group",NA
"e34abd40117d81a59fedf8db7af7adef","d__Bacteria","Spirochaetota","Spirochaetia","Spirochaetales","Spirochaetaceae","Spirochaeta_2",NA
"0c1a41659434ea340e4900d5fa416f1b","d__Bacteria","Actinobacteriota","Actinobacteria","Pseudonocardiales","Pseudonocardiaceae","Saccharopolyspora",NA
"6c894525c87dc0c72daf1f2cc7e3b2f0","d__Bacteria","Proteobacteria","Gammaproteobacteria","Enterobacterales",NA,NA,NA
"8bca91958ca38cb05e98f4243ead8221","d__Bacteria","Firmicutes","Bacilli","Lactobacillales","Aerococcaceae","Aerococcus",NA
"d651f8af897efd4c3cc5e852e6e44cf6","d__Bacteria","Firmicutes","Dethiobacteria","Dethiobacterales","Dethiobacteraceae","uncultured",NA
"e6d0b8af09f355c414358f2a15c4e231","d__Bacteria","Chloroflexi","Dehalococcoidia","S085","S085","S085",NA
"362c56c1e04ba6ac4f4d6699b5bfc02a","d__Bacteria","Bacteroidota","Bacteroidia","Flavobacteriales","Weeksellaceae",NA,NA
"56c2357cd33daf056f621c09a14171e1","d__Bacteria","Firmicutes","Clostridia","Peptostreptococcales-Tissierellales","Family_XI","Peptoniphilus",NA
"40ce1aa16aa3b987ff26318b912ea55d","d__Bacteria","Firmicutes","Clostridia",NA,NA,NA,NA
"8399fb5d8820bb23cb36af89a010e5e1","d__Bacteria","Proteobacteria","Alphaproteobacteria","Defluviicoccales","Defluviicoccaceae","Defluviicoccus",NA
"6df05a5be2600d68d6317e1e4fd03358","d__Bacteria","Firmicutes","Bacilli","Paenibacillales","Paenibacillaceae","Paenibacillus",NA
"ad11e4ba1b567ba11b0d576d70dddaa2","d__Bacteria","Proteobacteria","Alphaproteobacteria","Rhizobiales","Beijerinckiaceae","Methylobacterium-Methylorubrum",NA
"668858911a4f0bd48f1fd39128362424","d__Eukaryota","Chlorophyta","Chlorophyceae","Sphaeropleales","Sphaeropleales","Desmodesmus",NA
"54b53bbd12b725b45682ac0da188b4b7","d__Bacteria","Bacteroidota","Bacteroidia","Chitinophagales","Chitinophagaceae","Edaphobaculum",NA
"cda3f49d261c051676b389e40f91e844","d__Bacteria","Firmicutes","Bacilli","Erysipelotrichales","Erysipelotrichaceae",NA,NA
"0cd1efc83833e900beaba2f8a6738b24","d__Bacteria","Proteobacteria","Gammaproteobacteria","Pseudomonadales","Moraxellaceae","Acinetobacter",NA
"185a94b97ccd8a0bdb95ffe8583e0912","d__Bacteria","Chloroflexi","Chloroflexia","Thermomicrobiales","JG30-KF-CM45","JG30-KF-CM45",NA
"702e2f7380c0c0e90f680ab246ca0f70","d__Bacteria","Firmicutes","Bacilli","Bacillales","Planococcaceae","Psychrobacillus",NA
"be9081f80ff784262e6f4b5e6e6f71d1","d__Bacteria","Actinobacteriota","Actinobacteria","Bifidobacteriales","Bifidobacteriaceae","Gardnerella",NA
"5fc6ff2c296c5ac8fd7685e8e29072fc","d__Bacteria","Actinobacteriota","Actinobacteria","Frankiales","Geodermatophilaceae","Blastococcus",NA
"b984ac328a31b73d7f1d76956e0df469","d__Bacteria","Myxococcota","Polyangia","Polyangiales",NA,NA,NA
"f1596c8201990b3d0f22cbe580d0ff21","d__Bacteria","Proteobacteria","Gammaproteobacteria","Pseudomonadales","Halieaceae",NA,NA
"ba59306c0258b1177333255a5ea79702","d__Eukaryota","Platyhelminthes","Rhabditophora","Rhabdocoela","Kalyptorhynchia","Kalyptorhynchia",NA
"68010261b27f83721cd5a36b50f49fff","d__Bacteria","Bacteroidota","Bacteroidia","Bacteroidales","Prevotellaceae",NA,NA
"83abba83b6239510db2efa4add8153b5","d__Bacteria","Firmicutes","Clostridia","Peptostreptococcales-Tissierellales","Family_XI","Anaerococcus",NA
"3eeda8a45409a0d91d87f29c56ebfced","d__Bacteria","Firmicutes","Clostridia",NA,NA,NA,NA
"55fd7f0ad250d2a879e898cc0a53d353","d__Bacteria","Firmicutes",NA,NA,NA,NA,NA
"02af81ea9e02d30bfa68f63f2161d6df","d__Bacteria","Bacteroidota","Bacteroidia","Bacteroidales","Prevotellaceae",NA,NA
"97ad2f907bd4d86eb2c2ce06d50c8943","d__Bacteria","Firmicutes","Clostridia","Peptostreptococcales-Tissierellales","Anaerovoracaceae","Mogibacterium",NA
"024457ae2bac6c122afc2410cb219ff5","d__Bacteria","Fusobacteriota","Fusobacteriia","Fusobacteriales","Fusobacteriaceae","Fusobacterium",NA
"3fe2d2f711963fa4fb4ffd60eb82d3d7","d__Bacteria",NA,NA,NA,NA,NA,NA
"89020dbd79e982985d01f3c6853a4c36","d__Bacteria","Bacteroidota","Bacteroidia","Bacteroidales","Prevotellaceae","Prevotella_7",NA
"f4b825b64b04cda83019e83973d680a2","d__Bacteria","Bacteroidota","Bacteroidia","Bacteroidales","Prevotellaceae",NA,NA
"d076b3a353bf77927dc0a37b8969904a","d__Bacteria","Proteobacteria","Gammaproteobacteria","Pseudomonadales","Moraxellaceae","Acinetobacter",NA
"1a53261c678f2d88810ef21c8056b1fe","d__Bacteria","Firmicutes","Bacilli","Lactobacillales","Streptococcaceae","Streptococcus",NA
"24e08bf1b226b6002dd27b4c70f9e646","d__Bacteria","Actinobacteriota","Actinobacteria","Frankiales","Acidothermaceae","Acidothermus",NA
"d8e627464fdaa634ca993fcca7a4bffb","d__Bacteria","Proteobacteria","Gammaproteobacteria","Enterobacterales",NA,NA,NA
"c54c71b0d835cc30533ffb5b04329991","d__Bacteria","Proteobacteria","Gammaproteobacteria","Xanthomonadales","Xanthomonadaceae","Stenotrophomonas",NA
"a6f735f3e80eee826f9d9f0d26b9e555","d__Bacteria","Proteobacteria","Gammaproteobacteria","Pseudomonadales","Moraxellaceae","Alkanindiges",NA
"8349bf39bbde0752102e3beea2e5edd3","d__Bacteria","Actinobacteriota","Actinobacteria",NA,NA,NA,NA
"a20b2f28061379cdf045d9cba17a3bfc","d__Bacteria","Firmicutes","Bacilli","Lactobacillales","Lactobacillaceae","Leuconostoc",NA
"34115d29e216ab97a9d3d836290b78a5","d__Bacteria","Firmicutes","Bacilli","Bacillales","Bacillaceae","Virgibacillus",NA
"1d314502a2ae0a36acff28709c977cae","d__Bacteria","Verrucomicrobiota","Chlamydiae","Chlamydiales","Parachlamydiaceae",NA,NA
"adb36458237d75331e5809788cc9b04e","d__Bacteria","Actinobacteriota","Thermoleophilia","Solirubrobacterales","Solirubrobacteraceae","Patulibacter",NA
"137360e3312bcee0483040cdbb2525b4","d__Bacteria","Proteobacteria","Alphaproteobacteria","Kiloniellales","Kiloniellaceae","Tagaea",NA
"91d0bb0de569903726cfe45b9605af7d","d__Bacteria","Actinobacteriota","Actinobacteria","Actinomycetales","Actinomycetaceae","Actinomyces",NA
"b5333321c7fae25ce762095a12fc5bf8","d__Bacteria","Actinobacteriota","Actinobacteria","Propionibacteriales","Nocardioidaceae","Nocardioides",NA
"522db523ba7db7d58fc77c5d894acd61","d__Bacteria","Proteobacteria","Alphaproteobacteria","Rhizobiales","Rhizobiaceae",NA,NA
"7fdb639f6d71207713525c8b3b338319","d__Bacteria","Proteobacteria","Gammaproteobacteria","Diplorickettsiales","Diplorickettsiaceae","Rickettsiella",NA
"b6ce69d411426f465b02495c09e127c1","d__Bacteria","Cyanobacteria","Cyanobacteriia","Chloroplast","Chloroplast","Chloroplast",NA
"ac142f25810f2c88c658da3a02235cdd","d__Bacteria","Actinobacteriota","Actinobacteria","Actinomycetales","Actinomycetaceae","Actinomyces",NA
"c9ea9ecca7ba6a57a0e5430ea6745335","d__Bacteria","Actinobacteriota","Actinobacteria","Actinomycetales","Actinomycetaceae","F0332",NA
"bc88ab27f698ed9f50c132cb09ca1931","d__Bacteria","Bacteroidota","Bacteroidia","Bacteroidales","Porphyromonadaceae","Porphyromonas",NA
"a325c19503b5b09470fbc1e11964afc0","d__Bacteria","Bacteroidota","Bacteroidia","Bacteroidales","Prevotellaceae","Prevotella_9",NA
"f7cb6614db0960188bb6597687256a51","d__Bacteria","Actinobacteriota","Actinobacteria","Propionibacteriales","Propionibacteriaceae","Propionibacterium",NA
"2e8b67fbcff8564c53d32564ff318fbb","d__Bacteria","Proteobacteria","Gammaproteobacteria","Xanthomonadales","Rhodanobacteraceae","Rhodanobacter",NA
"361b889a7f4fe426a27a4795bf29bafd","d__Bacteria","Proteobacteria","Alphaproteobacteria","Tistrellales","Geminicoccaceae",NA,NA
"2e4731385a73b77266841b66205063c2","d__Bacteria","Proteobacteria","Alphaproteobacteria","Defluviicoccales","Defluviicoccaceae","Defluviicoccus",NA
"64d74c0deaccef21cc11c83aad871024","d__Bacteria",NA,NA,NA,NA,NA,NA
"36efb6c6a9b6c9c0cf30c0a14867111e","d__Bacteria","Actinobacteriota","Actinobacteria","Frankiales","Nakamurellaceae","Nakamurella",NA
"275e99aa80edb4112a526b72f3a07851","d__Bacteria","Firmicutes","Clostridia",NA,NA,NA,NA
"3aba6273f543c49cbb56d4ca800d791b","d__Bacteria","Proteobacteria","Gammaproteobacteria","Pseudomonadales","Pseudomonadaceae","Pseudomonas",NA
"529c54d30b477274f7d39124f575b264","d__Bacteria","Fusobacteriota","Fusobacteriia","Fusobacteriales","Leptotrichiaceae","Leptotrichia",NA
"0dcfd7d9cf047dd2c7ec4f8d7c9db279","d__Bacteria","Firmicutes","Clostridia","Lachnospirales","Lachnospiraceae","Stomatobaculum",NA
"337a6c936de212108ba3c6cc2ea817ae","d__Bacteria","Actinobacteriota","Actinobacteria","Corynebacteriales","Corynebacteriaceae",NA,NA
"1bf908bd5e799ceefaa28fbe40ebd8ed","d__Bacteria","Bacteroidota","Bacteroidia","Bacteroidales","Prevotellaceae","Prevotella_7",NA
"dc575f7b583a840d5fdcbcc6f6727313","d__Bacteria","Actinobacteriota","Actinobacteria","Actinomycetales","Actinomycetaceae","Actinomyces",NA
"aab5e52e2239ed5a8fc9dca7ffb09f6b","d__Bacteria","Firmicutes","Clostridia","Clostridiales","Clostridiaceae","Candidatus_Arthromitus",NA
"1ed73ed6f5e8ae25e20788ab49ad98a6","d__Bacteria","Patescibacteria","Gracilibacteria","JGI_0000069-P22","JGI_0000069-P22","JGI_0000069-P22",NA
"b5b8bc3cd39604511e73efbceb4a373e","d__Bacteria","Actinobacteriota","Thermoleophilia","Solirubrobacterales","Solirubrobacteraceae","uncultured",NA
"d800debb190450586eebfe7d53f95f00","d__Bacteria","Actinobacteriota","Thermoleophilia","Solirubrobacterales","Solirubrobacteraceae","uncultured",NA
"db3be7fa730b9694a912f4e7f5013016","d__Bacteria","Bacteroidota","Bacteroidia","Sphingobacteriales","Sphingobacteriaceae","Sphingobacterium",NA
"1b5d3e5e7ec352282719083dfd6a5e26","d__Bacteria","Bacteroidota","Bacteroidia","Sphingobacteriales","Sphingobacteriaceae","Pedobacter",NA
"a53ad2a3a81d099b35db04b930978949","d__Bacteria","Proteobacteria","Gammaproteobacteria","Burkholderiales","Nitrosomonadaceae","mle1-7",NA
"1643bd9c1c2e9514954cb9471c2acda4","d__Bacteria","Firmicutes","Clostridia","Oscillospirales","Hungateiclostridiaceae",NA,NA
"5b0de26b28293710a6bf0994d1988bfc","d__Bacteria","Bacteroidota","Bacteroidia","Bacteroidales","Prevotellaceae","Prevotella_7",NA
"166c2094768e7f0a2d7173b04d40fadb","d__Bacteria","Actinobacteriota","Actinobacteria","Micrococcales","Sanguibacteraceae","Sanguibacter-Flavimobilis",NA
"1fea9d9a14ee083ff0c6fa4705949e0b","d__Bacteria","Proteobacteria","Alphaproteobacteria","Acetobacterales","Acetobacteraceae","Roseomonas",NA
"b860ba2fe7fcc28042ecdcfdc5a3a7fa","d__Bacteria","Firmicutes","Bacilli","Bacillales","Bacillaceae",NA,NA
"4d07eed9ca098f0c08cda15676935d0f","d__Bacteria","Actinobacteriota","Actinobacteria","Corynebacteriales","Nocardiaceae","Williamsia",NA
"17cd26d7bc4533414feee3d0fd7f65de","d__Bacteria","Bdellovibrionota","Bdellovibrionia","Bdellovibrionales","Bdellovibrionaceae","Bdellovibrio",NA
"f5ce6ccfc3186ddaf2d2f349bf24f2d7","d__Bacteria","Firmicutes","Bacilli","Bacillales",NA,NA,NA
"eabf7ea7e16997b61ee6d9110b12f8e8","d__Bacteria","Actinobacteriota","Actinobacteria","Micrococcales","Brevibacteriaceae","Brevibacterium",NA
"a9d44d51ab01b96c8f2656e1d6b11381","d__Bacteria","Actinobacteriota","Actinobacteria","Bifidobacteriales","Bifidobacteriaceae",NA,NA
"73218e9a88a948fd2cd7bcacabc3c02e","d__Bacteria","Actinobacteriota","Actinobacteria","Propionibacteriales","Propionibacteriaceae","Tessaracoccus",NA
"052fddd352889209fbcbc7ded913ca80","d__Bacteria","Firmicutes","Bacilli","Lactobacillales","Lactobacillaceae","Limosilactobacillus",NA
"9a1c79b8bf100ce6458a12f80ac8b1f7","d__Bacteria","Firmicutes","Clostridia","Peptostreptococcales-Tissierellales","Family_XI","Peptoniphilus",NA
"46e41a35266963651c4bc1f93520a804","d__Bacteria",NA,NA,NA,NA,NA,NA
"47d160c373fe19d38a7a0610456c9a0e","d__Bacteria","Firmicutes",NA,NA,NA,NA,NA
"e89338535cb86d30de7d513de886353c","d__Bacteria","Firmicutes","Bacilli","Lactobacillales","Lactobacillaceae","Lactobacillus",NA
"2cf9003dd826bd7db947bb4ae534c016","d__Bacteria","Deinococcota","Deinococci","Deinococcales","Deinococcaceae","Deinococcus",NA
"15ec1ad7cbd53616656a671ec65a2192","d__Bacteria","Proteobacteria","Alphaproteobacteria","Rhizobiales","Rhizobiaceae",NA,NA
"62e6889cd724bfcbf3e0f24b245c55c3","d__Bacteria","Actinobacteriota","Actinobacteria","Micrococcales","Micrococcaceae",NA,NA
"7feec05f1783dbb686c01e9242c80877","d__Bacteria","Actinobacteriota","Coriobacteriia","Coriobacteriales","Atopobiaceae","Atopobium",NA
"90cc084cd23b186911365b2b51fd3069","d__Bacteria","Bacteroidota","Bacteroidia","Cytophagales","Cytophagaceae","Cytophaga",NA
"1be584d71f44c0fca1995e9b5efbd15e","d__Bacteria","Actinobacteriota","Acidimicrobiia",NA,NA,NA,NA
"0661e1173bfd9fdfdd5b3d08a9aa9397","d__Bacteria","Patescibacteria","Saccharimonadia","Saccharimonadales","Saccharimonadaceae","TM7a",NA
"bbaf7e54484b831f7d85a0c5231b8e87","d__Bacteria","Proteobacteria","Alphaproteobacteria","Defluviicoccales","Defluviicoccaceae","Defluviicoccus",NA
"6b9808b2ab6bdf89d70d570d83869080","d__Bacteria","Planctomycetota","Planctomycetes","Isosphaerales","Isosphaeraceae",NA,NA
"cd8de9d43ebf568e398bf7958bf0ad94","d__Bacteria","Proteobacteria","Alphaproteobacteria","Rhizobiales","Xanthobacteraceae","Pseudorhodoplanes",NA
"7181e2f5ac587465bcf7939be6c4ba12","d__Bacteria","Proteobacteria","Alphaproteobacteria","Tistrellales","Geminicoccaceae","Candidatus_Alysiosphaera",NA
"ea9846ba25764a21ea522130f3ff2943","d__Bacteria","Actinobacteriota","Acidimicrobiia",NA,NA,NA,NA
"98acc446cc41e0bfd0733a4a2ec51706","d__Bacteria","Bdellovibrionota","Oligoflexia","0319-6G20","0319-6G20","0319-6G20",NA
"6e7e2dda3583a5cf837efc296b552c42","d__Bacteria","Fusobacteriota","Fusobacteriia","Fusobacteriales","Leptotrichiaceae","Leptotrichia",NA
"f39eab6c293bba23d156368ffdee60b0","d__Bacteria","Campylobacterota","Campylobacteria","Campylobacterales","Campylobacteraceae","Campylobacter",NA
"0bf3ead576b7e76f415f76e1b497c002","d__Bacteria","Bacteroidota","Bacteroidia","Bacteroidales","Porphyromonadaceae","Porphyromonas",NA
"50469d5bd75b6be31d0881250bd9f7b3","d__Bacteria","Firmicutes",NA,NA,NA,NA,NA
"7d8bf2293a29dcf3613d4a09e2038d13","d__Bacteria","Bacteroidota","Bacteroidia",NA,NA,NA,NA
"6981eebb4360c4ab48eb976df2bd1e14","d__Bacteria","Proteobacteria","Gammaproteobacteria","Burkholderiales","Neisseriaceae","Neisseria",NA
"b71fedecb9d5794a8f8563d419bed689","d__Bacteria","Proteobacteria","Alphaproteobacteria","Sphingomonadales","Sphingomonadaceae","Sphingomonas",NA
"e29560ce23a65ef20709ed6a1ac8881c","d__Bacteria","Firmicutes","Bacilli","Paenibacillales","Paenibacillaceae","Paenibacillus",NA
"7f3b570c6e508b1b0e58fd7649e2197a","d__Bacteria","Firmicutes","Clostridia","Peptostreptococcales-Tissierellales","Family_XI","Finegoldia",NA
"21e87bb719c932d1e6265e9fa46e75f5","d__Bacteria","Proteobacteria","Gammaproteobacteria","Enterobacterales","Aeromonadaceae","Aeromonas",NA
"8d8a514369a91d196a4ee36b672caf93","d__Bacteria","Dependentiae","Babeliae","Babeliales",NA,NA,NA
"62bf2ec4f5771ebf4f975a1afcbf7502","d__Bacteria","Verrucomicrobiota","Chlamydiae","Chlamydiales","Parachlamydiaceae","Neochlamydia",NA
"7d9edffa6a76a01486b10765a4dd230a","d__Bacteria","Proteobacteria","Alphaproteobacteria","Sphingomonadales","Sphingomonadaceae","Novosphingobium",NA
"f82c327e9c8b816d66df154d2f8512ea","d__Bacteria","Proteobacteria","Gammaproteobacteria","Legionellales","Legionellaceae",NA,NA
"705ed6dddbc54b43200d7b9a491f8858","d__Bacteria","Firmicutes","Bacilli","Bacillales","Planococcaceae","Lysinibacillus",NA
"af4b6e7e8693eed757a757258609d10e","d__Bacteria","Actinobacteriota","Actinobacteria","Corynebacteriales","Corynebacteriaceae","Corynebacterium",NA
"2c79cb37384d639f0a73ecc34b492c95","d__Bacteria","Chloroflexi","KD4-96","KD4-96","KD4-96","KD4-96",NA
"9c95c41c94d246a582ccd3fff2a620f8","d__Bacteria","Proteobacteria","Gammaproteobacteria",NA,NA,NA,NA
"0896a4b299729890c4968eb144fd3cc4","d__Bacteria","Bacteroidota","Bacteroidia","Flavobacteriales","Flavobacteriaceae","Capnocytophaga",NA
"c5d6655d7ece54fee7419919c26594e6","d__Bacteria","Planctomycetota","Planctomycetes","Isosphaerales","Isosphaeraceae",NA,NA
"12cd45fa13b27a67f68754c001c7b470","d__Bacteria","Cyanobacteria","Cyanobacteriia","Chloroplast","Chloroplast","Chloroplast",NA
"29938b7ae154f4471ce6eee7d30a02d9","d__Bacteria","Patescibacteria","Saccharimonadia","Saccharimonadales",NA,NA,NA
"1d005274a12b61a0959b170805100e53","d__Bacteria",NA,NA,NA,NA,NA,NA
"e07d69559e1b9a12fedefc10ecb4dc65","d__Bacteria","Patescibacteria","Saccharimonadia","Saccharimonadales",NA,NA,NA
"651a7030215393db4c1da48a96bec3e9","d__Bacteria","Fusobacteriota","Fusobacteriia","Fusobacteriales","Leptotrichiaceae","Leptotrichia",NA
"f36175b715eda7ee9e5c5ae6dda2e83e","d__Bacteria","Fusobacteriota","Fusobacteriia","Fusobacteriales","Leptotrichiaceae","Leptotrichia",NA
"cd95a2d8897c727e1aa803e55f8baae9","d__Bacteria","Desulfobacterota","Desulfobulbia","Desulfobulbales","Desulfocapsaceae",NA,NA
"7eea834220ea4c225dd73d53c3d2537a","d__Bacteria","Firmicutes","Bacilli","Staphylococcales","Gemellaceae","Gemella",NA
"e75f85818c9711e9120dd320cd1301b0","Unassigned",NA,NA,NA,NA,NA,NA
"b309e40db4055df1b54365fa4b0a186c","d__Bacteria","Firmicutes","Clostridia","Peptostreptococcales-Tissierellales","Family_XI","Fenollaria",NA
"d4fd8b859baed633d28b8e8e77ce22a7","d__Bacteria","Actinobacteriota","Actinobacteria","Actinomycetales","Actinomycetaceae","Actinomyces",NA
"f40e517047bb9d9918bc49864e4efb65","d__Bacteria","Actinobacteriota","Thermoleophilia","uncultured","uncultured","uncultured",NA
"252c8e039bb966f57ddd4010b44aaa37","d__Bacteria","Proteobacteria","Gammaproteobacteria","Xanthomonadales","Xanthomonadaceae",NA,NA
"1465a88991b144c550a598a3d434ff78","d__Bacteria","Actinobacteriota","Actinobacteria","Frankiales","Geodermatophilaceae",NA,NA
"825387a7fba4a6ff5f7e45a8f1dc3aac","d__Bacteria","Proteobacteria","Alphaproteobacteria","Caulobacterales","Caulobacteraceae","Brevundimonas",NA
"a72b56a4262a7e270003655fe32b7364","d__Bacteria","Proteobacteria","Gammaproteobacteria","Burkholderiales","Neisseriaceae","Neisseria",NA
"eae97558c98723708f7159a55efa0d92","d__Bacteria","Proteobacteria","Gammaproteobacteria","Pseudomonadales","Moraxellaceae","Enhydrobacter",NA
"d9ec5951abac086a92832dc0f90a0c87","d__Bacteria","Actinobacteriota","Actinobacteria","Corynebacteriales","Corynebacteriaceae","Corynebacterium",NA
"b2cd95e40d6b7ba63864abf64b66b011","d__Bacteria","Bacteroidota","Bacteroidia","Bacteroidales",NA,NA,NA
"6dc976a6c1fdcc1e18ef58e3d6cbe0d6","d__Bacteria","Proteobacteria","Alphaproteobacteria","Tistrellales","Geminicoccaceae","uncultured",NA
"d620564ea6a28c7e7e83cfffc2c3f237","d__Bacteria",NA,NA,NA,NA,NA,NA
"87badd619ba28b87388a71852c961846","d__Bacteria","Myxococcota","Polyangia","Polyangiales","BIrii41","BIrii41",NA
"abd5dc1b808d1b77c0615adc689cdab8","d__Bacteria","Firmicutes","Clostridia","Oscillospirales","Hungateiclostridiaceae","Fastidiosipila",NA
"1854f26a64eb1ffd7058ec26d4becc43","d__Bacteria","Proteobacteria","Alphaproteobacteria","Rhizobiales","Rhizobiales_Incertae_Sedis","Phreatobacter",NA
"a17178a7afe54c23ffbd1b5190e42639","d__Bacteria","Firmicutes",NA,NA,NA,NA,NA
"bece2db1bc7760cfcb1656ffc39b5344","d__Bacteria","Bacteroidota","Bacteroidia","Flavobacteriales","Weeksellaceae","Chryseobacterium",NA
"1590889fad08db3ac6097467eee7099c","d__Bacteria","Actinobacteriota","Actinobacteria","Streptosporangiales","Thermomonosporaceae","Actinoallomurus",NA
"32accc259e5d567bf12279b9043a6a5a","d__Bacteria","Firmicutes","Bacilli","Lactobacillales","Lactobacillaceae","Secundilactobacillus",NA
"72a198e168cff8bff2f2c3c48bec4196","d__Bacteria","Proteobacteria","Gammaproteobacteria","Pseudomonadales","Moraxellaceae","Moraxella",NA
"4df76ffc48096d3a2b28362acc95deef","d__Bacteria",NA,NA,NA,NA,NA,NA
"568d043ffd4d607dcd4692ce88f192da","d__Bacteria","Verrucomicrobiota","Chlamydiae","Chlamydiales","Parachlamydiaceae",NA,NA
"709fda98ca40e6e2180ac9506d49bf4d","d__Bacteria","Actinobacteriota","Actinobacteria","Micrococcales","Micrococcaceae",NA,NA
"fc73b37c90ab512996209950d2705198","d__Bacteria","Chloroflexi","Ktedonobacteria","Ktedonobacterales","Ktedonobacteraceae",NA,NA
"331f9e7d3823ff7c40cf1e21b0420b5a","d__Bacteria","Proteobacteria","Gammaproteobacteria","Legionellales","Legionellaceae","Legionella",NA
"93db59e4871ba923371aef8369f80967","d__Bacteria","Actinobacteriota","Acidimicrobiia","IMCC26256","IMCC26256","IMCC26256",NA
"335510067ee7ce7d3679c867bf011966","d__Bacteria","Bdellovibrionota","Bdellovibrionia","Bacteriovoracales","Bacteriovoracaceae","Peredibacter",NA
"59b9a7de4cbee3f03ad520534f33a929","d__Bacteria","Bacteroidota","Bacteroidia","Flavobacteriales","Weeksellaceae","Moheibacter",NA
"89b2df1e5126eea6c7d9e118af7f5416","d__Bacteria","Actinobacteriota","Actinobacteria","Propionibacteriales","Nocardioidaceae","Nocardioides",NA
"60ee34c240495f9d065bd8dcb25e3c62","d__Bacteria","Actinobacteriota","Acidimicrobiia","Microtrichales","Ilumatobacteraceae",NA,NA
"b2b40b1c860d46f21aba238525b352d5","d__Bacteria","Actinobacteriota","Thermoleophilia","Solirubrobacterales","67-14","67-14",NA
"4aca5a4e6ece4aefcac99d19c1df5688","d__Bacteria",NA,NA,NA,NA,NA,NA
"716dab8b03f841069d50c55266157e1a","d__Bacteria","Patescibacteria","Saccharimonadia","Saccharimonadales",NA,NA,NA
"eeef0350e251e79ed632982348f8c691","d__Bacteria","Actinobacteriota","Actinobacteria","Corynebacteriales","Mycobacteriaceae","Mycobacterium",NA
"7fd59a8c46eac547dda47e44b3e8ef50","d__Bacteria","Actinobacteriota","Acidimicrobiia","IMCC26256","IMCC26256","IMCC26256",NA
"a7362840f443257734c40e99f1083a47","d__Bacteria","Firmicutes","Clostridia","Peptostreptococcales-Tissierellales","Family_XI","Anaerococcus",NA
"bb7137d2fc7f82cfa9db825241f24381","d__Bacteria","Proteobacteria","Gammaproteobacteria","Pseudomonadales","Pseudomonadaceae","Pseudomonas",NA
"ed2c6586275e6c447f4861a52d64509e","d__Bacteria","Bacteroidota","Bacteroidia","Bacteroidales","Prevotellaceae",NA,NA
"126ee89456bb464188a29d8c577960bd","d__Bacteria","Actinobacteriota","Actinobacteria","Propionibacteriales","Nocardioidaceae","Nocardioides",NA
"4d9e52666e3379503d258210008aad88","d__Bacteria","Bacteroidota","Bacteroidia","Flavobacteriales","Blattabacteriaceae","Blattabacterium",NA
"a33fd4dbc339e5a53e7d4b5dd041474a","d__Bacteria","Proteobacteria","Alphaproteobacteria","Acetobacterales","Acetobacteraceae","Craurococcus-Caldovatus",NA
"217254a11ef95a84ed21b1b4841b651b","d__Bacteria","Actinobacteriota","Actinobacteria","Propionibacteriales","Nocardioidaceae",NA,NA
"9da0b35df1f9489a09018cbbf15e4960","d__Archaea","Halobacterota","Halobacteria","Halobacterales","Halococcaceae",NA,NA
"9dfb9cb52dee903d171c7c30a988b4ee","d__Bacteria","Actinobacteriota","Coriobacteriia","Coriobacteriales","Atopobiaceae","Atopobium",NA
"f9d13bbbcec32337dd897b904b93ab26","d__Bacteria","Proteobacteria","Alphaproteobacteria","Rhizobiales","Beijerinckiaceae","Psychroglaciecola",NA
"7a770659315a5f228b3b7b84f6a0b79d","d__Bacteria","Firmicutes","Clostridia","Lachnospirales","Lachnospiraceae","Lachnoanaerobaculum",NA
"ba043e9be9c3320b6d8e77adb0e64669","d__Bacteria","Actinobacteriota","Actinobacteria",NA,NA,NA,NA
"df765e7bfec6da291012f1ef16c51b62","d__Bacteria","Firmicutes","Clostridia","Oscillospirales","Oscillospiraceae","Sporobacter",NA
"17573c8814655d5e452ffeb49fb47848","d__Bacteria","Actinobacteriota","Actinobacteria","Micrococcales","Dermatophilaceae",NA,NA
"612b056e4d1b0a963f64f5ebd33d2e35","d__Bacteria","Bacteroidota","Bacteroidia",NA,NA,NA,NA
"3bb2b7647e61b609f79fe24d039e6856","d__Bacteria","Bacteroidota","Bacteroidia","Bacteroidales","Prevotellaceae",NA,NA
"eaf895cf199178b03ec8c208c003c40f","d__Bacteria","Patescibacteria","Saccharimonadia","Saccharimonadales","Saccharimonadaceae","Candidatus_Saccharimonas",NA
"f9e2c9561d00f3083e6c8cd3d0cdad66","d__Bacteria","Patescibacteria","Saccharimonadia","Saccharimonadales","Saccharimonadales","Saccharimonadales",NA
"adefdf8498275812aba1a831c1a5e386","d__Bacteria","Bacteroidota","Bacteroidia","Bacteroidales","Prevotellaceae",NA,NA
"d174d4ff42030a62057c5a2a4127a88f","d__Bacteria","Firmicutes","Clostridia","Peptostreptococcales-Tissierellales","Anaerovoracaceae","[Eubacterium]_nodatum_group",NA
"d6516abd0fd66d6ab9f999a447179959","d__Bacteria","Calditrichota","Calditrichia","Calditrichales","Calditrichaceae",NA,NA
"1ce91a0677880a229582b96681647404","d__Bacteria","Proteobacteria","Gammaproteobacteria","Enterobacterales","Alteromonadaceae","Glaciecola",NA
"4f5932448136a5680ea512a01ab8487e","d__Bacteria","Acidobacteriota","Acidobacteriae","Acidobacteriales","uncultured","uncultured",NA
"1148a1f520d67dd60432379b7f9661e6","d__Bacteria",NA,NA,NA,NA,NA,NA
"496973ce5a97ffe0a0bbc71ef2c49e8a","d__Bacteria","Firmicutes","Bacilli","Lactobacillales","Listeriaceae","Listeria",NA
"c98fa6eb221e9fc3ca0c6d689b4e1adb","d__Bacteria","Firmicutes","Clostridia","Caldicoprobacterales","Caldicoprobacteraceae","Caldicoprobacter",NA
"d6473322f570fe652549b4cad49bf442","d__Bacteria","Proteobacteria","Alphaproteobacteria","Rhizobiales","Xanthobacteraceae",NA,NA
"8138fa9bbcb66ed8a519d8071a641915","d__Bacteria","Patescibacteria","Saccharimonadia","Saccharimonadales","Saccharimonadaceae","TM7a",NA
"85d63cae0fa7aea48cdde50d9c984dcc","d__Bacteria","Actinobacteriota","Actinobacteria","Actinomycetales","Actinomycetaceae","Actinomyces",NA
"8a54bc426938724931b11213e8578a66","d__Bacteria","Proteobacteria","Gammaproteobacteria","Xanthomonadales","Xanthomonadaceae",NA,NA
"9c8087e541437246163c58e92ec86f90","d__Bacteria","Firmicutes","Clostridia","Clostridia_UCG-014","Clostridia_UCG-014","Clostridia_UCG-014",NA
"20cf57c5748b4ad36c2f1d74ec505d07","d__Bacteria","Proteobacteria","Gammaproteobacteria","Burkholderiales","SC-I-84","SC-I-84",NA
"d978a5e994940efc192da3a88805f4f9","d__Bacteria","Actinobacteriota","Actinobacteria","Micromonosporales","Micromonosporaceae",NA,NA
"5b90d0704dd2b2a35115fe94c40b2e4e","d__Bacteria","Verrucomicrobiota","Omnitrophia","Omnitrophales","Omnitrophaceae","Candidatus_Omnitrophus",NA
"acb91315e1094401adb97387029fae75","d__Bacteria","Proteobacteria","Alphaproteobacteria","Tistrellales","Geminicoccaceae","uncultured",NA
"abfacc95d8363ce3e6c42ca1aa1d57d3","d__Bacteria","Actinobacteriota","Actinobacteria","Frankiales",NA,NA,NA
"1f03700893a0ababd87fec9aa668f09f","d__Bacteria","Firmicutes","Clostridia","Oscillospirales","Oscillospiraceae","Oscillibacter",NA
"6a9f7271f35e3bbc74dcbc968938eaa2","d__Bacteria","Firmicutes","Clostridia","Peptostreptococcales-Tissierellales","Family_XI","Gallicola",NA
"edb8e750b3f5498364a667bcd535e401","d__Bacteria","Proteobacteria","Alphaproteobacteria","Rhodobacterales","Rhodobacteraceae","Paracoccus",NA
"ceef5e7d589c22242017e72393c704b7","d__Bacteria","Proteobacteria","Alphaproteobacteria","Sphingomonadales","Sphingomonadaceae","Sphingomonas",NA
"d1ccd31a8f03a8c7e8edec63bab8021b","d__Bacteria","Firmicutes","Bacilli","Erysipelotrichales","Erysipelotrichaceae","Dubosiella",NA
"ad0c9adcde7c9e3241be44f655ee6e59","d__Bacteria","Proteobacteria","Alphaproteobacteria",NA,NA,NA,NA
"c6b2c3b88f6f0fa0739400b221aec77a","d__Bacteria","Chloroflexi","Anaerolineae",NA,NA,NA,NA
"ada1dd896640c7e5caae1ad9aa7d313c","d__Bacteria","Firmicutes","Limnochordia","Limnochordia","Limnochordia","Hydrogenispora",NA
"6eccf9d79ee928c619ab4183fdc334bb","d__Bacteria","Firmicutes","Bacilli","Thermicanales","Thermicanaceae","Thermicanus",NA
"c80fcafd40d50134d33a28b5ee8135d0","d__Bacteria","Actinobacteriota","Actinobacteria","Propionibacteriales","Propionibacteriaceae",NA,NA
"0dadbd8889961e93426fc7da0d580c1d","d__Bacteria","Actinobacteriota","Actinobacteria","Bifidobacteriales","Bifidobacteriaceae",NA,NA
"cbb85bd86178f66f3c68ff62cd5e5c9b","d__Bacteria","Firmicutes","Clostridia","Peptostreptococcales-Tissierellales","Family_XI",NA,NA
"a667082b625dbccb7cd2e25e19cb7f99","d__Bacteria","Firmicutes","Bacilli","Lactobacillales","Lactobacillaceae","Lactobacillus",NA
"1961d3691d4428d2a8cdbfd262aeac19","d__Bacteria","Actinobacteriota","Actinobacteria","Micromonosporales","Micromonosporaceae",NA,NA
"48be39fe9a9450c61a9faea903375f86","d__Bacteria","Bacteroidota","Bacteroidia","Bacteroidales",NA,NA,NA
"b278a47b02b2375d71c630945d7cfbc8","d__Bacteria","Firmicutes","Negativicutes","uncultured","uncultured","uncultured",NA
"ba3f7220c7f3f23dfe10107f07e90e38","d__Bacteria","Proteobacteria","Gammaproteobacteria","Burkholderiales","SC-I-84","SC-I-84",NA
"7da4ff97696041a9470cf40eb429a775","d__Bacteria","Proteobacteria","Alphaproteobacteria","Acetobacterales","Acetobacteraceae",NA,NA
"d706a612485bd17cb50860b7132dfb9a","d__Bacteria","Patescibacteria","Saccharimonadia","Saccharimonadales",NA,NA,NA
"c8605672a344df5bff664a19f77a6a25","d__Bacteria","Dependentiae","Babeliae","Babeliales",NA,NA,NA
"8fdef976854c0edb3f81031dc465460f","d__Bacteria","Firmicutes","Bacilli",NA,NA,NA,NA
"d09f5005d40a9f4757c08a934068f457","d__Bacteria","Proteobacteria","Alphaproteobacteria","Acetobacterales","Acetobacteraceae","Craurococcus-Caldovatus",NA
"96ce7d0f7d688730845d161fa3af22f8","d__Bacteria","Proteobacteria","Alphaproteobacteria","Caulobacterales","Hyphomonadaceae","Hirschia",NA
"c80698fd8260906b0f00a768707fd951","d__Bacteria","Patescibacteria","Saccharimonadia","Saccharimonadales",NA,NA,NA
"ca06a3e55e129fcb7b7f9b0af8a08609","d__Bacteria","Firmicutes","Bacilli","Paenibacillales","Paenibacillaceae","Paenibacillus",NA
"f599d1df6054efb78e0fe81b526211d0","d__Bacteria","Firmicutes","Bacilli","Thermoactinomycetales","Thermoactinomycetaceae","Baia",NA
"0e3baf35bb9909cd29bc78e009f8b320","d__Bacteria","Firmicutes","Bacilli","Lactobacillales","Streptococcaceae","Streptococcus",NA
"9bf20735848a32ebce1ee9029fbfea31","d__Bacteria","Firmicutes","Clostridia","Lachnospirales","Lachnospiraceae",NA,NA
"5b48c10325b3ae0ba0ef92ea4d86b9ca","d__Bacteria","Firmicutes","Bacilli","Lactobacillales","Streptococcaceae","Streptococcus",NA
"c6f1121dabde0a42935059d360d602fc","d__Bacteria","Proteobacteria","Alphaproteobacteria","Caulobacterales","Caulobacteraceae",NA,NA
"731560fa7545d2c8f2af29055db36b5f","d__Bacteria","Actinobacteriota","Actinobacteria","Corynebacteriales","Corynebacteriaceae","Corynebacterium",NA
"cb5a0b9b832a6a1ea82147b3a1d13bdf","d__Bacteria","Proteobacteria","Alphaproteobacteria","Rhizobiales","Methylopilaceae",NA,NA
"cebff8879c7db826d3e8b80416b40b87","d__Bacteria","Proteobacteria","Gammaproteobacteria","Pseudomonadales","Moraxellaceae","Alkanindiges",NA
"33f0b4160a4a8f7db14c0d41b2ea410a","d__Bacteria","Proteobacteria","Alphaproteobacteria","Rhizobiales","A0839","A0839",NA
"7b856a834be887d72716bd909a213525","d__Bacteria","Proteobacteria","Gammaproteobacteria","Enterobacterales","Erwiniaceae",NA,NA
"89baf96eb3e0b7d302caa544ca36b380","d__Bacteria","Proteobacteria","Gammaproteobacteria","Burkholderiales","Alcaligenaceae",NA,NA
"34fe7c8c99039d1be116e79e835bfe54","d__Bacteria","Cyanobacteria","Vampirivibrionia","Caenarcaniphilales","Caenarcaniphilales","Caenarcaniphilales",NA
"4619331a21a2e90bb8c93991ec71ed95","d__Bacteria","Actinobacteriota","Actinobacteria","Corynebacteriales","Corynebacteriaceae","Corynebacterium",NA
"9bdaed48385b53c974b49b2112f9f4fe","d__Bacteria","Bacteroidota","Bacteroidia","Flavobacteriales","Weeksellaceae","Chryseobacterium",NA
"dcadb9c8e477544e6d3b8459489ef5b0","d__Bacteria","Actinobacteriota","Actinobacteria","Glycomycetales","Glycomycetaceae","Glycomycetaceae",NA
"17e47c3d76b72071d5d61121c9f1a8b8","d__Bacteria","Actinobacteriota","Acidimicrobiia","IMCC26256","IMCC26256","IMCC26256",NA
"8fd2ccf5115b4507aa47b16caadade8f","d__Bacteria","Patescibacteria","Saccharimonadia","Saccharimonadales","Saccharimonadales","Saccharimonadales",NA
"4ed2575590ddcb331e104fdd9b4e7916","d__Bacteria","Dependentiae","Babeliae","Babeliales","Babeliaceae","Babeliaceae",NA
"3bf96fc5a4735bdd20f439481c4c2e6d","d__Bacteria","Actinobacteriota","Acidimicrobiia","IMCC26256","IMCC26256","IMCC26256",NA
"b524a2aaaf6cb474996ac3d6d3a9e596","d__Bacteria","Actinobacteriota","Thermoleophilia","Solirubrobacterales","67-14","67-14",NA
"d93885bf62722ec8068ea8e160863557","Unassigned",NA,NA,NA,NA,NA,NA
"b080ea0825e57b43430f086562cb3bd3","d__Bacteria","Firmicutes","Clostridia","Peptostreptococcales-Tissierellales","Family_XI","Peptoniphilus",NA
"ec0242b8d4bea7100ca5dc2f8171b974","d__Bacteria","Firmicutes","Bacilli","Bacillales","Planococcaceae",NA,NA
"f90281b459c0dd31ccbf4ec8c48e6515","d__Bacteria","Proteobacteria","Alphaproteobacteria","Rhizobiales","Beijerinckiaceae",NA,NA
"ca7453fd8519aa1ef93b2e70cd3d1fd2","d__Bacteria","Proteobacteria","Gammaproteobacteria","Enterobacterales","Enterobacteriaceae","Escherichia-Shigella",NA
"a2ade8222ad198d8122c1edcef35d113","d__Bacteria","Proteobacteria","Gammaproteobacteria","Burkholderiales","Neisseriaceae","Eikenella",NA
"c9dd66805ef1bc826b0aa86c832e1631","d__Bacteria","Bacteroidota","Bacteroidia","Sphingobacteriales","Lentimicrobiaceae","Lentimicrobiaceae",NA
"49b5468f1d9d80921daf06a8f069782f","d__Bacteria","Desulfobacterota","Desulfobulbia","Desulfobulbales","Desulfobulbaceae","uncultured",NA
"1545379221fe38c61d5edfa8d9d7c727","d__Bacteria","Campylobacterota","Campylobacteria","Campylobacterales","Sulfurovaceae","Sulfurovum",NA
"9b32d10422e4eb8e09e3a346feb34156","d__Bacteria","Desulfobacterota","Desulfobacteria","Desulfobacterales","Desulfobacteraceae","Desulfobacula",NA
"672b69a4ad943ece8efaf0d09676bfa9","d__Bacteria","Actinobacteriota","Coriobacteriia","Coriobacteriales","Eggerthellaceae",NA,NA
"ce0669869bf45484d9c3a9788b880b6b","d__Bacteria","Proteobacteria","Gammaproteobacteria","Pseudomonadales","Marinomonadaceae","Marinomonas",NA
"2a587df220d0d967f52333815299a79f","d__Bacteria","Planctomycetota","Planctomycetes","Pirellulales","Pirellulaceae",NA,NA
"26aa8aff173e488d060e55977cc0157e","d__Bacteria","Firmicutes","Clostridia","Peptostreptococcales-Tissierellales","Family_XI","Anaerococcus",NA
"78c982683ddb4c1fcd3a8757774ca08e","d__Bacteria","Actinobacteriota","Actinobacteria","Micrococcales","Micrococcaceae","Rothia",NA
"424a33cf2aa17cf2a5069ed17004fda4","d__Bacteria","Cyanobacteria","Cyanobacteriia","Cyanobacteriales","Chroococcidiopsaceae","Aliterella",NA
"cb7f4fdd8ad2bb822d88cc3d5be9438a","d__Bacteria","Actinobacteriota","Actinobacteria","Micrococcales","Micrococcaceae","Kocuria",NA
"163b2c6ba2a2b20a75d89289d351f768","d__Bacteria","Firmicutes","Clostridia","Clostridia_UCG-014","Clostridia_UCG-014","Clostridia_UCG-014",NA
"1b98905df198a98d9ec2657b81cc920d","d__Bacteria","Proteobacteria","Gammaproteobacteria","Diplorickettsiales","Diplorickettsiaceae","Diplorickettsia",NA
"99dd443505d8e74f36383843ee855a45","d__Bacteria","Proteobacteria","Gammaproteobacteria","Burkholderiales","Neisseriaceae","uncultured",NA
"fbc675dc3bf7d118b7da75a1b6e79138","d__Bacteria","Chloroflexi","Chloroflexia","Thermomicrobiales","JG30-KF-CM45","JG30-KF-CM45",NA
"d8f50966c0a78557dd54f059a1ece94c","d__Bacteria","Proteobacteria","Alphaproteobacteria","Acetobacterales","Acetobacteraceae","Gluconacetobacter",NA
"1d46b71fe0743fbebaadc180423e5d5f","d__Bacteria","Actinobacteriota","Acidimicrobiia","Microtrichales","Microtrichaceae","IMCC26207",NA
"4d98000f9dd8f2affb0d940e40696de4","d__Bacteria","Planctomycetota","Phycisphaerae","Phycisphaerales","Phycisphaeraceae","SM1A02",NA
"b9823035fbbfdf8b07b96af54c8cb55c","d__Bacteria","Proteobacteria","Alphaproteobacteria","Acetobacterales","Acetobacteraceae","Gluconobacter",NA
"8a8f24c4da5baf0492c5e2c885b60fb8","d__Bacteria","Actinobacteriota","Actinobacteria","Micrococcales","Brevibacteriaceae","Brevibacterium",NA
"6b3e1c022160290c48734276414de557","d__Bacteria","Bacteroidota","Bacteroidia","Flavobacteriales","Flavobacteriaceae","NS4_marine_group",NA
"bad6abca3a76936d879697fe730539b1","d__Bacteria","Myxococcota","Polyangia","Polyangiales",NA,NA,NA
"8e5bb107731b9230a8252b5ff6bd6e7b","d__Bacteria","Bacteroidota","Bacteroidia","Cytophagales","Cyclobacteriaceae","uncultured",NA
"e4ec3352b4d33583407c298ebad20d16","d__Bacteria","Proteobacteria","Gammaproteobacteria","Gammaproteobacteria_Incertae_Sedis","Unknown_Family","uncultured",NA
"c74b707a88b41e7f57a396c7a3503196","d__Bacteria",NA,NA,NA,NA,NA,NA
"d4a322dc90969787c9683b9b0889a5b6","d__Bacteria","Proteobacteria","Gammaproteobacteria","Burkholderiales","Oxalobacteraceae","Massilia",NA
"613129d0baa187d8a2c1cfebf4bf3ecf","d__Bacteria","Firmicutes","Clostridia","Peptococcales","Peptococcaceae","Peptococcus",NA
"123c58b3cefc9a8fa3909ffd189eee41","d__Bacteria","Actinobacteriota","Actinobacteria","Corynebacteriales","Corynebacteriaceae",NA,NA
"674c3f0e850eeb6722d988457aa9d2b2","d__Bacteria","Firmicutes","Bacilli","Staphylococcales","Staphylococcaceae",NA,NA
"d7592b6b8d03762a1ec071ae30b529e0","d__Bacteria","Actinobacteriota","Actinobacteria","Bifidobacteriales","Bifidobacteriaceae","Bifidobacterium",NA
"66bbd9c8107f1f73af8c1a313443b3e5","d__Bacteria","Actinobacteriota","Actinobacteria","Streptosporangiales","Thermomonosporaceae",NA,NA
"35b441abbbd7660fe66425cb4099a2ab","d__Bacteria","Chloroflexi","Chloroflexia","Thermomicrobiales","JG30-KF-CM45","JG30-KF-CM45",NA
"20f78c64a9fd1378b1dcafc7f53beb1a","d__Bacteria","Firmicutes","Clostridia","Peptostreptococcales-Tissierellales","Peptostreptococcaceae","Peptostreptococcus",NA
"49cc2afc143eec33e0074c470288469b","d__Bacteria","Fusobacteriota","Fusobacteriia","Fusobacteriales","Leptotrichiaceae","Leptotrichia",NA
"55167273f9724cd6ccdc6ade2b9198d2","d__Bacteria","Firmicutes","Bacilli","Staphylococcales","Staphylococcaceae",NA,NA
"3a89eed867c9ee9d8241d70cc269462c","d__Bacteria","Patescibacteria","Saccharimonadia","Saccharimonadales","Saccharimonadaceae","TM7x",NA
"d4e5fcd2a7b88a535dfac9706132f54d","d__Bacteria",NA,NA,NA,NA,NA,NA
"736eb6ec8ac76ad12c45e842b6df8eec","d__Bacteria","Actinobacteriota","Acidimicrobiia",NA,NA,NA,NA
"e6378da87c31c14d90b366916af0f326","d__Bacteria","Firmicutes","Bacilli","Lactobacillales",NA,NA,NA
"a8b224bd43fab699dbf1660d976dfebf","d__Bacteria","Proteobacteria","Gammaproteobacteria","Pseudomonadales","Moraxellaceae","Enhydrobacter",NA
"2bacd633be147a3054272ec892d63ef3","d__Bacteria","Actinobacteriota","Actinobacteria","Micrococcales",NA,NA,NA
"78a459b862caa4a5d6f21671c4cdd9ee","d__Bacteria","Firmicutes","Negativicutes","Veillonellales-Selenomonadales","Sporomusaceae","Sporomusa",NA
"4cabcd8e3155821b43b8eb65dbd61d99","d__Bacteria","Bacteroidota","Bacteroidia","Cytophagales","Microscillaceae","uncultured",NA
"47611f4ad676575d67e9a6e7b690cb87","d__Bacteria","Firmicutes","Clostridia","Lachnospirales","Lachnospiraceae",NA,NA
"e5aa891ceab09cc1db973b690106412a","d__Bacteria","Proteobacteria","Alphaproteobacteria","Rhizobiales","Beijerinckiaceae","Methylocella",NA
"72685decc406b2b728871f459679ffff","d__Bacteria","Cyanobacteria","Cyanobacteriia","Chloroplast","Chloroplast","Chloroplast",NA
"a4556666896697e9d6fcb4a88fc8323b","d__Bacteria","Proteobacteria","Alphaproteobacteria","Acetobacterales","Acetobacteraceae","Roseomonas",NA
"2dc5b02079dfe5c7d103cb60403d8d79","d__Bacteria","Patescibacteria","Saccharimonadia","Saccharimonadales","Saccharimonadales","Saccharimonadales",NA
"7531656f6ffdfda3925f7a29fb29286c","d__Bacteria","Chloroflexi",NA,NA,NA,NA,NA
"d6c50baad140d4bb3416caf341445946","d__Bacteria","Firmicutes","Bacilli","Paenibacillales","Paenibacillaceae",NA,NA
"a625584a4bf32573748957911a6afd58","d__Bacteria","Actinobacteriota","Actinobacteria","Micromonosporales","Micromonosporaceae",NA,NA
"731fccf760270ca96656e2a55ae86654","d__Bacteria","Firmicutes","Clostridia","Lachnospirales","Lachnospiraceae",NA,NA
"5c6a6a7b001d63f34fca9ea798156060","d__Bacteria",NA,NA,NA,NA,NA,NA
"0f4c2fb9979c6a0843810aa753590174","d__Bacteria","Proteobacteria","Alphaproteobacteria","Acetobacterales","Acetobacteraceae",NA,NA
"17c33deca393ff331a1e02f4d61bf163","d__Bacteria",NA,NA,NA,NA,NA,NA
"438d08a2033ba89b8b9cc64e470aa041","d__Bacteria","Planctomycetota","Planctomycetes","Gemmatales","Gemmataceae","uncultured",NA
"6c2606d91d38600288bf18f059e3b615","d__Bacteria","Proteobacteria","Alphaproteobacteria","Tistrellales","Geminicoccaceae","Candidatus_Alysiosphaera",NA
"cc1ada46c77219e8aedeabbb112fbdf8","d__Bacteria","Firmicutes","Bacilli","Staphylococcales","Staphylococcaceae","Staphylococcus",NA
"98153eac5b450b97161c284053620fc2","d__Bacteria","Actinobacteriota","Actinobacteria","Micrococcales","Micrococcaceae","Micrococcus",NA
"4c8a6df5ecee5ccc3bad6dd925d45294","d__Bacteria","Actinobacteriota","Coriobacteriia","Coriobacteriales","Atopobiaceae","Atopobium",NA
"4b98ee9b6e7024ad9380117a0adece32","d__Bacteria","WPS-2","WPS-2","WPS-2","WPS-2","WPS-2",NA
"ff69189708831441d6109af7c73f34e1","d__Bacteria","Planctomycetota","Phycisphaerae","Phycisphaerales","Phycisphaeraceae","CL500-3",NA
"9506cbad8b3a47bcd5d585f0a1d35f8a","d__Bacteria","Proteobacteria","Alphaproteobacteria","Reyranellales","Reyranellaceae","Reyranella",NA
"e0ceed69289ace8095914724f20c204b","d__Bacteria","Armatimonadota","Chthonomonadetes","Chthonomonadales","Chthonomonadaceae","Chthonomonas",NA
"da36a84fa068d920d7f6017f3f4d312e","d__Bacteria","Actinobacteriota","Actinobacteria","Frankiales","Geodermatophilaceae",NA,NA
"e18603cdd1d6d20d2f5c0f100b052567","d__Bacteria","Patescibacteria","Saccharimonadia","Saccharimonadales","LWQ8","LWQ8",NA
"023fb2df225f1742751fb64c10a74854","d__Bacteria","Proteobacteria","Alphaproteobacteria","Sphingomonadales","Sphingomonadaceae",NA,NA
"fbc605ab89d3c1602336d94629a6cf0d","d__Bacteria","Actinobacteriota","Coriobacteriia","Coriobacteriales","Atopobiaceae","Olsenella",NA
"29f1eb188d24ac9604ba2e209ef772af","d__Bacteria","Verrucomicrobiota","Verrucomicrobiae","Chthoniobacterales","Chthoniobacteraceae","Candidatus_Udaeobacter",NA
"50a8f1de6871679713140839c10fa1ee","d__Bacteria","Chloroflexi","Anaerolineae","Caldilineales","Caldilineaceae","uncultured",NA
"0bb1d59120f83d22c12e920712c5bb45","d__Bacteria","Proteobacteria","Gammaproteobacteria","Burkholderiales","SC-I-84","SC-I-84",NA
"87675b009b2282f4e570da9c16b89f3a","d__Bacteria","Bacteroidota","Bacteroidia","Bacteroidales","Prevotellaceae",NA,NA
"f6388e35bc262831b9e1ccf59a5f593a","d__Bacteria","Firmicutes","Bacilli","Staphylococcales","Staphylococcaceae","Staphylococcus",NA
"0119fa0105fc9a3cf512c2afc4fec6c6","d__Bacteria","Proteobacteria","Gammaproteobacteria","Diplorickettsiales","Diplorickettsiaceae","Aquicella",NA
"3f78b50d1011cfdddeacc72632321eff","d__Bacteria","Actinobacteriota","Actinobacteria","Streptomycetales","Streptomycetaceae","Streptomyces",NA
"9bac08066530a4653b57cf15be397e29","d__Bacteria","Proteobacteria","Gammaproteobacteria","Burkholderiales","Comamonadaceae","Tepidimonas",NA
"fd909396911bba5ccbc2e603e393e2db","d__Bacteria","Proteobacteria","Alphaproteobacteria","Rhizobiales","Beijerinckiaceae","Rhodoblastus",NA
"5a906d63d52d404537f0c7f77caa53e3","d__Bacteria","Actinobacteriota","Actinobacteria","Pseudonocardiales","Pseudonocardiaceae","Saccharopolyspora",NA
"a35cac1fa4d5018706afa1c8db3888eb","d__Bacteria","Cyanobacteria","Vampirivibrionia","Gastranaerophilales","Gastranaerophilales","Gastranaerophilales",NA
"e7d0395bdbac63ef75aca751ac186b69","d__Bacteria","Firmicutes","Bacilli","Lactobacillales","Streptococcaceae","Streptococcus",NA
"e95ee845cc22707db279a4dbcb2fd379","d__Bacteria",NA,NA,NA,NA,NA,NA
"b98bdecbfd25eb17604c3566efaefc8d","d__Bacteria","Proteobacteria","Alphaproteobacteria","Rhizobiales","Rhizobiaceae",NA,NA
"6dc956f6c7e15b567181e64e981ec0c6","d__Bacteria","Firmicutes","Bacilli","Staphylococcales","Gemellaceae","Gemella",NA
"84990bade17db5ed25d3aa08a8d3666e","d__Bacteria","Proteobacteria","Gammaproteobacteria","Enterobacterales",NA,NA,NA
"6edbe4323fb22762b9fc3460f3405978","d__Bacteria","Bacteroidota","Bacteroidia","Bacteroidales","Porphyromonadaceae","Porphyromonas",NA
"0552019b809f97ae141337e8ab6c7fb0","d__Bacteria","Proteobacteria","Alphaproteobacteria","Rhizobiales","Beijerinckiaceae",NA,NA
"fa7d96b7d8dadc9e78268ef717a5f133","d__Bacteria","Actinobacteriota","Coriobacteriia","Coriobacteriales","Atopobiaceae",NA,NA
"02c5673d1fcd3274a6f140baad3eb470","d__Bacteria","Bdellovibrionota","Bdellovibrionia","Bdellovibrionales","Bdellovibrionaceae","OM27_clade",NA
"409b18b3bc5b1b0218f476733f977482","d__Bacteria","Proteobacteria","Alphaproteobacteria","Rhizobiales","Beijerinckiaceae",NA,NA
"b26605206c6b2400c79f28350eae9e82","d__Bacteria","Proteobacteria","Alphaproteobacteria","Sphingomonadales","Sphingomonadaceae",NA,NA
"46e29eeb77b2213f569e8d58f023a71a","d__Eukaryota","Arthropoda","Maxillopoda","Cyclopoida","Cyclopoida","Cyclopoida",NA
"e923f31c8e7717fc8f336c2168afe98b","d__Bacteria","Proteobacteria","Gammaproteobacteria","Burkholderiales","Oxalobacteraceae",NA,NA
"e7fc92a86fa6a815e1933d4d1e8f601b","d__Bacteria",NA,NA,NA,NA,NA,NA
"5bb8f49ffc791759f128647713bf79f7","d__Bacteria","Actinobacteriota","Acidimicrobiia","Microtrichales","uncultured","uncultured",NA
"9a34c75739ce18c62e7d2cdfee84e175","d__Bacteria","Actinobacteriota","Actinobacteria","Micrococcales","Dermacoccaceae","Branchiibius",NA
"816f43deefbf42e581a4f5da8936bc94","d__Bacteria","Planctomycetota","Planctomycetes","Isosphaerales","Isosphaeraceae",NA,NA
"381a1022a6dcefecef05666773c3b952","d__Bacteria","Firmicutes","Bacilli","Lactobacillales","Lactobacillaceae","Lactobacillus",NA
"2600a4e58220abf55f1dacd20c1e2ea2","d__Bacteria","Actinobacteriota","Actinobacteria","Streptomycetales","Streptomycetaceae",NA,NA
"e987f77d7130163554a6e0f800cccf65","d__Bacteria","Firmicutes","Bacilli","Bacillales","Bacillaceae","Lentibacillus",NA
"61f3e7f80a01d1c2105f312e4e67b503","d__Bacteria","Deinococcota","Deinococci","Deinococcales","Deinococcaceae","Deinococcus",NA
"c2b88c552d0fe538916f09b91ad8d196","d__Bacteria","Actinobacteriota","Actinobacteria","Bifidobacteriales","Bifidobacteriaceae","Gardnerella",NA
"c1f5505901bf26458e76451dfb856e52","d__Bacteria","Actinobacteriota","Actinobacteria","Frankiales","Nakamurellaceae","Nakamurella",NA
"c432a0cca24ee8fee614f33548a7ca11","d__Bacteria","Firmicutes","Bacilli","Lactobacillales","Aerococcaceae","Ignavigranum",NA
"3158b013ade0cba9a63e389094c772db","d__Bacteria","Proteobacteria","Alphaproteobacteria","Rhizobiales","D05-2","D05-2",NA
"666699fa026d685e6539db5da614e1e8","d__Bacteria","Bacteroidota","Bacteroidia","Bacteroidales","Prevotellaceae",NA,NA
"757f4cde6fec6bc409348ca782f2e8f9","d__Bacteria","Bacteroidota","Bacteroidia","Bacteroidales","Prevotellaceae","Prevotella_7",NA
"5f28bec3d6c517b4aca71b9a7822a325","d__Bacteria","Bacteroidota","Bacteroidia","Flavobacteriales","Flavobacteriaceae","Capnocytophaga",NA
"73140237c39c988abb1ca3c5a267a3b5","d__Bacteria","Firmicutes","Bacilli","Lactobacillales","Aerococcaceae","Abiotrophia",NA
"26c925a0997be746a3c226abe1656a23","d__Bacteria","Firmicutes","Bacilli","Lactobacillales","Lactobacillaceae","Lactobacillus",NA
"b8d0aa9d9bc73af67102d3c540540f05","d__Bacteria",NA,NA,NA,NA,NA,NA
"d46ba30227e572ccf5ef90b1688d08f4","d__Bacteria","Firmicutes","Clostridia","Peptostreptococcales-Tissierellales","Family_XI","Peptoniphilus",NA
"a6d1ffdad9c67c96a47eb559c51cac6a","d__Bacteria","Firmicutes","Bacilli","Paenibacillales","Paenibacillaceae","Paenibacillus",NA
"a3cb4868d49f75ed55fc6675db8f5b90","d__Bacteria","Proteobacteria","Alphaproteobacteria","Caulobacterales","Hyphomonadaceae",NA,NA
"7e7503e3cd124a65d82157e54d5fa0ec","d__Bacteria","Actinobacteriota","Acidimicrobiia","Microtrichales","uncultured","uncultured",NA
"0c03617db606b7a5360ba667b54bb5a9","d__Bacteria","Actinobacteriota","Actinobacteria","Micrococcales","Microbacteriaceae","Frondihabitans",NA
"0952fdc65d044c8bed5e2b45827516df","d__Bacteria","Bdellovibrionota","Bdellovibrionia","Bdellovibrionales","Bdellovibrionaceae","Bdellovibrio",NA
"c78123b581819338463cb9eb72fb7a34","d__Bacteria","Chloroflexi","Chloroflexia","Thermomicrobiales","JG30-KF-CM45","JG30-KF-CM45",NA
"79789220cc0bdffb30390a6b00d1209b","d__Bacteria","Firmicutes","Clostridia","Clostridia","Gracilibacteraceae",NA,NA
"e9cf51c6e8063fd2c22541257604a17f","d__Bacteria","Planctomycetota","Planctomycetes","Isosphaerales","Isosphaeraceae",NA,NA
"b9bdeb786d986c2363a7ae8cda9cb3d5","d__Bacteria","Proteobacteria","Alphaproteobacteria","Caulobacterales","Caulobacteraceae","uncultured",NA
"43d5ab392cc38516f37738fdef0d1cb7","d__Bacteria","Planctomycetota","OM190","OM190","OM190","OM190",NA
"301254e5984dbdec125891606fcb5598","d__Bacteria","Actinobacteriota","Thermoleophilia","Gaiellales","uncultured","uncultured",NA
"66463aff653507378dc3a40444294006","d__Bacteria",NA,NA,NA,NA,NA,NA
"8e3fa50f9b59440cbf74804898834ddd","d__Bacteria","Firmicutes","Bacilli","Lactobacillales","Streptococcaceae","Streptococcus",NA
"412028cc000ce66f349b122eae7b2d07","d__Bacteria","Firmicutes","Negativicutes","Veillonellales-Selenomonadales","Veillonellaceae","Veillonella",NA
"8123aa59b0b5a2f020fa8320e5735f23","d__Bacteria","Bacteroidota","Bacteroidia","Bacteroidales","Prevotellaceae",NA,NA
"410913009c4f823fdb886e7964052ba3","d__Bacteria","Patescibacteria","Saccharimonadia","Saccharimonadales",NA,NA,NA
"327300a7f56e0197d4d884f6b1c858e7","d__Bacteria","Bdellovibrionota","Oligoflexia","0319-6G20","0319-6G20","0319-6G20",NA
"e207b15fb00c46a32672a6fd6df51ad9","d__Bacteria","Acidobacteriota","Vicinamibacteria","Vicinamibacterales","Vicinamibacteraceae","Vicinamibacteraceae",NA
"3ab1f693425766100598dcc784eeb63d","d__Bacteria","Firmicutes","Bacilli","Lactobacillales","Lactobacillaceae","Pediococcus",NA
"245e04e36c9b6bb94a6acc8012518e05","d__Bacteria","Firmicutes","Clostridia","Clostridia_UCG-014","Clostridia_UCG-014","Clostridia_UCG-014",NA
"eacaff031490d7c1e35188ab3217cfbe","d__Bacteria","Firmicutes","Bacilli","Staphylococcales","Staphylococcaceae","Staphylococcus",NA
"ae93d691b4a8be65a985927f998b8731","d__Bacteria","Bacteroidota","Bacteroidia","Sphingobacteriales","env.OPS_17","env.OPS_17",NA
"c2c24fac1ca9602f0bec72e5bb626714","d__Bacteria",NA,NA,NA,NA,NA,NA
"2a603191e81a6b5d0138e86ff9a1dd11","d__Bacteria","Proteobacteria","Alphaproteobacteria","Sphingomonadales","Sphingomonadaceae",NA,NA
"e6a74a8f2fe4d4310139e2d88d0f3f89","d__Bacteria","Firmicutes","Bacilli","Erysipelotrichales","Erysipelotrichaceae","Ileibacterium",NA
"039251572d1f61eea7e959cb4b055703","d__Bacteria","Proteobacteria","Alphaproteobacteria","Rhodobacterales","Rhodobacteraceae","Rubellimicrobium",NA
"6b2a5ba46306c28742b3cccc83c0770a","d__Bacteria","Acidobacteriota","Acidobacteriae","Solibacterales","Solibacteraceae","Candidatus_Solibacter",NA
"ce4a67938a6c4c13f79edd45b78d3909","d__Bacteria","Acidobacteriota","Blastocatellia","11-24","11-24","11-24",NA
"9513beb9f91b8f835a37999bdd2eab03","d__Bacteria","Verrucomicrobiota","Chlamydiae","Chlamydiales","Parachlamydiaceae",NA,NA
"404d52ce4ec22c48cfedb42565625476","d__Bacteria","Firmicutes","Bacilli","Lactobacillales","P5D1-392","P5D1-392",NA
"87b91dc3a6671ee11c2c2aab22c8d530","d__Bacteria","Proteobacteria","Alphaproteobacteria","Sphingomonadales","Sphingomonadaceae",NA,NA
"b241b5f1432cdacb55ed4014e5abbf8f","d__Bacteria","Firmicutes","Bacilli","Bacillales","Planococcaceae",NA,NA
"973b06ef0608339f6f1651afbf760c28","d__Bacteria","Verrucomicrobiota","Verrucomicrobiae","Chthoniobacterales","Chthoniobacteraceae","Candidatus_Udaeobacter",NA
"9855ee51b10d7b1cb06f40e2f72b3728","d__Bacteria","Patescibacteria","Saccharimonadia","Saccharimonadales","Saccharimonadaceae","TM7a",NA
"dbca202ceb9f1a592ff51150351a93c6","d__Bacteria","Patescibacteria","Saccharimonadia","Saccharimonadales","Saccharimonadales","Saccharimonadales",NA
"a2934044735fc3e261111efd32356b51","d__Bacteria","Patescibacteria","Saccharimonadia","Saccharimonadales",NA,NA,NA
"1c2435509efe8a03befa7dd1c657563e","d__Bacteria","Actinobacteriota","Actinobacteria","Frankiales","Nakamurellaceae","Nakamurella",NA
"2058d9337f884d4eb576ac9866e58b01","d__Bacteria","Actinobacteriota","Actinobacteria","Micrococcales","Dermacoccaceae","Dermacoccaceae",NA
"a896ab1844f528b337018c162e74956a","d__Bacteria",NA,NA,NA,NA,NA,NA
"7f3373c1db0973af351306e89704892f","d__Bacteria","Bacteroidota","Bacteroidia","Bacteroidales","Prevotellaceae","Prevotella",NA
"4e8b3156b8925440ba778446de070f9a","d__Bacteria","Bacteroidota","Bacteroidia","Bacteroidales","Prevotellaceae",NA,NA
"34ab671363c9bcd4a3ad02d352115a36","d__Bacteria","Chloroflexi","KD4-96","KD4-96","KD4-96","KD4-96",NA
"f7acfb4eb48ac55f32196bc6d06561c1","d__Bacteria","Cyanobacteria","Cyanobacteriia","Chloroplast","Chloroplast","Chloroplast",NA
"5217a44fa15c3d67f7087b4c345aa93c","d__Bacteria","Fusobacteriota","Fusobacteriia","Fusobacteriales","Leptotrichiaceae","Leptotrichia",NA
"98d16666705bc1f99a51c800ea595953","d__Eukaryota",NA,NA,NA,NA,NA,NA
"e4bd21d1955fefcb32567c9d52dd6045","d__Bacteria","Firmicutes","Clostridia","Peptostreptococcales-Tissierellales","Family_XI","Anaerococcus",NA
"f5aa8b707b6425fd846464fa1a450fae","d__Bacteria","Firmicutes","Bacilli","Lactobacillales","Streptococcaceae","Streptococcus",NA
"46e55e1188c0052eb708872435e6e4b8","d__Bacteria","Dependentiae","Babeliae","Babeliales","Babeliaceae","Babeliaceae",NA
"736a38dc41017b746670868ad4caa667","d__Bacteria","Proteobacteria","Gammaproteobacteria","Pseudomonadales","Pseudomonadaceae","Pseudomonas",NA
"ddbf46fceec785832d2b5f126924a742","d__Bacteria","Proteobacteria","Alphaproteobacteria","Rhodospirillales","Rhodospirillaceae","Candidatus_Riegeria",NA
"11b9e6c107de37a95f24b55791895ed7","d__Bacteria","Firmicutes","Clostridia","Peptostreptococcales-Tissierellales","Family_XI","Anaerococcus",NA
"0703eaf7758901db052bd54dc0cc6743","d__Bacteria","Fusobacteriota","Fusobacteriia","Fusobacteriales","Fusobacteriaceae","Fusobacterium",NA
"9fe7e706fd12b3e35b8ebb21b578f4ec","d__Bacteria","Proteobacteria","Alphaproteobacteria","Rhizobiales","Beijerinckiaceae","Bosea",NA
"52d6117adf95a5b84310d41dad6c8351","d__Bacteria","Actinobacteriota","Actinobacteria","Frankiales",NA,NA,NA
"75bd7f259880f7c3492ce889fc4be3dd","d__Bacteria","Actinobacteriota","Actinobacteria","Corynebacteriales","Corynebacteriaceae","Corynebacterium",NA
"e09557e5f0323a8a8014d44840c438c9","d__Bacteria","Proteobacteria","Gammaproteobacteria","Gammaproteobacteria_Incertae_Sedis","Unknown_Family","Candidatus_Berkiella",NA
"f2de1ab8d2c4fe301954713045e40493","d__Bacteria","Proteobacteria","Gammaproteobacteria","Pseudomonadales",NA,NA,NA
"9508cad1ebca44fd9b24e724eab34c35","d__Bacteria","Actinobacteriota","MB-A2-108","MB-A2-108","MB-A2-108","MB-A2-108",NA
"2e6263347ab5ecae46e986e39936d91f","d__Bacteria","Actinobacteriota","Actinobacteria","Actinomycetales","Actinomycetaceae","Actinomyces",NA
"afaec5098b24a42269c7b3a83017965b","d__Bacteria","Myxococcota","Polyangia","Haliangiales","Haliangiaceae","Haliangium",NA
"af7180cecfd04001830daa74d27912e2","d__Bacteria",NA,NA,NA,NA,NA,NA
"1c08094687213cf8a5b6935928c0b51c","d__Bacteria","Proteobacteria","Gammaproteobacteria","Burkholderiales","Neisseriaceae",NA,NA
"3aa8a80b672fae37430db84b38557220","d__Bacteria","Firmicutes","Bacilli","Staphylococcales","Staphylococcaceae","Staphylococcus",NA
"b9e26999c776d8575682f9bc993bdf1b","d__Bacteria","Firmicutes","Limnochordia","Limnochordia","Limnochordia","Hydrogenispora",NA
"23bbf7cc9031029b1959b568e6bff6c9","d__Bacteria","Firmicutes","Clostridia","Peptostreptococcales-Tissierellales","Peptostreptococcales-Tissierellales",NA,NA
"820f6907ac636e24fa99b88833f2d1ca","d__Bacteria","Actinobacteriota","Actinobacteria","Glycomycetales","Glycomycetaceae","Glycomyces",NA
"368ba220eabff38a4f4ce31018596898","d__Bacteria","Firmicutes","Clostridia","Peptostreptococcales-Tissierellales","Family_XI","Peptoniphilus",NA
"77258fa0a65340c440e6d4369a899da0","d__Bacteria","Campylobacterota","Campylobacteria","Campylobacterales","Campylobacteraceae","Campylobacter",NA
"3d01dc9bce65ea8162cf1ce9bdbd6bee","d__Bacteria","Bacteroidota","Bacteroidia","Bacteroidales","Prevotellaceae",NA,NA
"2a8c1de567ce7ca40b2edb586f417791","d__Bacteria","Bacteroidota","Bacteroidia","Bacteroidales","Prevotellaceae",NA,NA
"cd47dac802127568742693731b170023","d__Bacteria","Actinobacteriota","Actinobacteria","Propionibacteriales","Propionibacteriaceae",NA,NA
"9f44830b400066d00f840f507ac10e3b","d__Bacteria","Firmicutes","Bacilli","Lactobacillales","Enterococcaceae","Enterococcus",NA
"f793a9bf5ac1bab4d0b3e0dc06c32461","d__Bacteria","Bacteroidota","Bacteroidia","Flavobacteriales","Crocinitomicaceae","Crocinitomix",NA
"c5632cfe1866e3d8a17314a23facf520","d__Bacteria","Bacteroidota","Bacteroidia","Bacteroidales","Prevotellaceae",NA,NA
"eac92be5e93e031c41d161bf80582563","d__Bacteria","Proteobacteria","Alphaproteobacteria","Rhizobiales","Beijerinckiaceae","Methylobacterium-Methylorubrum",NA
"667522daf229c8b13683d3592cc70513","d__Bacteria","Bacteroidota","Bacteroidia","Cytophagales","Spirosomaceae","Spirosoma",NA
"e2f35c8469369935760172d969150999","d__Bacteria",NA,NA,NA,NA,NA,NA
"ad922252225144fc0edca483d196d1d5","d__Bacteria","Proteobacteria","Alphaproteobacteria","Rhizobiales","Hyphomicrobiaceae","Pedomicrobium",NA
"e4036554c1e0d7137ba9ddfb6a1a3386","d__Bacteria","Bdellovibrionota","Oligoflexia","0319-6G20","0319-6G20","0319-6G20",NA
"9731bcf14dc581653fa71fc5eb80d7f6","d__Bacteria","Firmicutes","Clostridia","Peptostreptococcales-Tissierellales","Peptostreptococcales-Tissierellales","Alkaliphilus",NA
"43826e10d7a6c88e64e0c42e99e60235","d__Bacteria","Actinobacteriota","Acidimicrobiia",NA,NA,NA,NA
"aaacaac80277c1cf037eeed2447ece95","d__Bacteria","Proteobacteria","Gammaproteobacteria","Xanthomonadales","Xanthomonadaceae","Luteimonas",NA
"f7064e086ce871a98a52ac9c4a52235c","d__Bacteria","Firmicutes","Bacilli","Paenibacillales","Paenibacillaceae","Cohnella",NA
"289e1073c97d198f2af4778c1b812cd1","d__Bacteria","Proteobacteria","Alphaproteobacteria","Rhizobiales","Beijerinckiaceae","Psychroglaciecola",NA
"971cfdf9ed7d9399bb5600865d089975","d__Bacteria",NA,NA,NA,NA,NA,NA
"84e47289eb0d9e0cf29a0748b1af6d90","d__Bacteria","Firmicutes","Clostridia","Oscillospirales","Hungateiclostridiaceae","Ruminiclostridium",NA
"6ff55af9733218b31e499f07a5d134fd","d__Bacteria","Actinobacteriota","Actinobacteria","Micrococcales",NA,NA,NA
"406fdc88162205679246cb5e8cc5adb1","d__Bacteria",NA,NA,NA,NA,NA,NA
"242a782b09801c11544625195299a82d","d__Bacteria","Proteobacteria","Gammaproteobacteria","Burkholderiales","Neisseriaceae","Neisseria",NA
"1c6972ff803947a4ac100b63e16ee6d6","d__Bacteria","Bacteroidota","Bacteroidia","Bacteroidales","Prevotellaceae","Prevotella",NA
"69b6a1423d4c99df203ed522893b2119","d__Bacteria","Bacteroidota","Bacteroidia","Bacteroidales","Prevotellaceae","Alloprevotella",NA
"9ed3c86bf49368af1d431dd34a2be696","d__Bacteria","Proteobacteria","Alphaproteobacteria","Rhodobacterales","Rhodobacteraceae",NA,NA
"f3e808a72e7d58137b937cf3cdba9505","d__Bacteria","Actinobacteriota","Actinobacteria","Corynebacteriales","Corynebacteriaceae","Corynebacterium",NA
"da40cd281d2a43c31a993ce661012180","d__Bacteria","Firmicutes","Negativicutes","Veillonellales-Selenomonadales","Veillonellaceae","Veillonella",NA
"51f711409c0c87f80d52a54c5ed5e0ae","d__Bacteria","Actinobacteriota","Actinobacteria",NA,NA,NA,NA
"01ca990284d2399c0ae1cd819ca6df99","d__Bacteria","Proteobacteria","Alphaproteobacteria","Rickettsiales","Mitochondria","Mitochondria",NA
"65fbf7896593f652f5d365136bc27b11","d__Bacteria","Proteobacteria","Alphaproteobacteria","Rhodobacterales","Rhodobacteraceae","Amaricoccus",NA
"760e20f59676310ec3a90cf2abb88186","d__Bacteria","Firmicutes","Clostridia","Clostridiales","Clostridiaceae","Clostridium_sensu_stricto_12",NA
"4254be572911467df5af94bd9ace929f","d__Bacteria","Firmicutes","Clostridia","Peptostreptococcales-Tissierellales","Family_XI","Peptoniphilus",NA
"e7cb869a6ba350506b2389850fbd393f","d__Bacteria","Fusobacteriota","Fusobacteriia","Fusobacteriales","Fusobacteriaceae","Fusobacterium",NA
"f73ed7f095b508c7c0a0e8ceb68978a3","d__Bacteria","Bacteroidota","Bacteroidia","Bacteroidales","Bacteroidaceae","Bacteroides",NA
"ed73e06fe7c0185f098bbdd86cfad412","d__Bacteria","Actinobacteriota","Actinobacteria","Propionibacteriales","Nocardioidaceae","Nocardioides",NA
"b74e71da97df05d3e7bc1529d033386d","d__Bacteria","Actinobacteriota","Actinobacteria","Propionibacteriales","Nocardioidaceae","Nocardioides",NA
"81071563f1218825ad1c428626498076","d__Bacteria","Firmicutes","Syntrophomonadia","Syntrophomonadales","Syntrophomonadaceae",NA,NA
"52267e81f97d50e82b18f3dfd3a02504","d__Bacteria","Patescibacteria","Saccharimonadia","Saccharimonadales","LWQ8","LWQ8",NA
"f95ca16343a2587edc5e0dc80f5f5c4f","d__Bacteria","Actinobacteriota","Acidimicrobiia","Microtrichales","Ilumatobacteraceae","CL500-29_marine_group",NA
"11b7af88f878246404ca607e32bea7f1","d__Bacteria","Proteobacteria","Gammaproteobacteria","Burkholderiales","Alcaligenaceae",NA,NA
"9cfe712b279d0aeab6bda69ce6800a0c","d__Bacteria","Chloroflexi","Chloroflexia","Thermomicrobiales","JG30-KF-CM45","JG30-KF-CM45",NA
"5c376f475a1882dea0be5bb14d1faf45","d__Bacteria","Planctomycetota","Planctomycetes","Isosphaerales","Isosphaeraceae","uncultured",NA
"c01c18504c2d14fc88e1dd95566177a3","d__Bacteria","Firmicutes","Clostridia","Lachnospirales","Lachnospiraceae",NA,NA
"866efc975bc35862158a698b01653904","d__Bacteria","Acidobacteriota","Blastocatellia","Blastocatellales","Blastocatellaceae","Blastocatella",NA
"7477b7d0b270ddc284efc4d46c47d213","d__Bacteria","Proteobacteria","Alphaproteobacteria","Sphingomonadales","Sphingomonadaceae",NA,NA
"f8a8ba4d0a955e752a7b09907174d957","d__Bacteria","Proteobacteria","Gammaproteobacteria","Burkholderiales","Oxalobacteraceae","Massilia",NA
"b9974bec01307c2fbadf74f6510c5723","d__Bacteria","Patescibacteria","Gracilibacteria","JGI_0000069-P22","JGI_0000069-P22","JGI_0000069-P22",NA
"f67e2d958267f5c93140e3fe9d8713be","d__Bacteria","Actinobacteriota","Actinobacteria","Bifidobacteriales","Bifidobacteriaceae","Gardnerella",NA
"6f5ef6cc1f6b0fdeac36738bf2e60f5b","d__Bacteria","Actinobacteriota","Actinobacteria","Micrococcales","Beutenbergiaceae",NA,NA
"d36efdab772ad9323f21f2d3d6d20c57","d__Bacteria","Acidobacteriota","Acidobacteriae","Acidobacteriales","Acidobacteriaceae_(Subgroup_1)",NA,NA
"2432c6929c926039aa967f9b5d19e7c4","d__Bacteria","Proteobacteria","Gammaproteobacteria","Thiomicrospirales","Thiomicrospiraceae","endosymbionts",NA
"84e5d885c5998fdc17aee0305fdf07c3","d__Bacteria","Proteobacteria","Gammaproteobacteria","Xanthomonadales","Xanthomonadaceae",NA,NA
"4d8c7ec62fbf340c664c76394ea5b20f","d__Bacteria","Proteobacteria","Gammaproteobacteria","Burkholderiales","Comamonadaceae",NA,NA
"77f16b400e0e7ef9dc979bee788e4403","d__Bacteria","Firmicutes","Bacilli","Lactobacillales","Lactobacillaceae","Ligilactobacillus",NA
"c052960ad6b43130a4a1a3afc9ebeac9","d__Bacteria","Bacteroidota","Bacteroidia","Bacteroidales","Prevotellaceae","Prevotella_7",NA
"04e2d513482c12876da287986e7b96e4","d__Bacteria","Patescibacteria","Saccharimonadia","Saccharimonadales",NA,NA,NA
"0742064040b491b90e325372ec1ef21f","d__Bacteria","Actinobacteriota","Actinobacteria","Propionibacteriales","Propionibacteriaceae",NA,NA
"4f707d2d1a7f63789136722fd2f368c5","d__Bacteria","Firmicutes","Clostridia","Lachnospirales","Lachnospiraceae","Anaerostipes",NA
"fac8579712e10d4b35f839e7c7a3f1a2","d__Eukaryota",NA,NA,NA,NA,NA,NA
"b9a6d202a3ad9750388353108465c8ed","d__Bacteria","Actinobacteriota","Actinobacteria","Corynebacteriales","Corynebacteriaceae","Corynebacterium",NA
"ea1406a131935d0cdd0fb8e2d2fabb1b","d__Bacteria","Firmicutes","Clostridia","Peptostreptococcales-Tissierellales","Peptostreptococcaceae","Filifactor",NA
"6982525966f8c83e3fe9a1fcb989b3b6","d__Bacteria","Firmicutes",NA,NA,NA,NA,NA
"27a3347a397d5e14abece22669e80bf3","d__Bacteria","Proteobacteria","Gammaproteobacteria","Pseudomonadales","Moraxellaceae","Enhydrobacter",NA
"5a9419a9ed42564763ca0c696ee5e92f","d__Bacteria","Firmicutes","Bacilli","Lactobacillales","Lactobacillaceae","Lactobacillus",NA
"e17f0b9462826c2ba7f3c32f64a8c42f","d__Bacteria","Actinobacteriota","Coriobacteriia","Coriobacteriales","Coriobacteriales_Incertae_Sedis","uncultured",NA
"324934ddb51b7a51edb65cd0de37da6e","d__Bacteria","Actinobacteriota","Actinobacteria","Frankiales","Nakamurellaceae","Nakamurella",NA
"6f30a412b7ec87f5a34eb2ef67ff55c1","d__Bacteria","Firmicutes","Bacilli","Staphylococcales","Staphylococcaceae","Staphylococcus",NA
"09211f6dea79a75ff32ab47a578d49a6","d__Bacteria","Actinobacteriota","Actinobacteria","Corynebacteriales","Nocardiaceae","Gordonia",NA
"33e781ef5b5e369ca91ff51dfb410872","d__Bacteria","Actinobacteriota","Actinobacteria","Corynebacteriales","Mycobacteriaceae","Mycobacterium",NA
"375a833b5e7c69f600f4bd980a032ffb","d__Bacteria","Actinobacteriota","Actinobacteria","Micrococcales","Microbacteriaceae",NA,NA
"1e074b87e19fa03395c9587f595aead2","d__Bacteria","Firmicutes","Bacilli","Lactobacillales","Aerococcaceae","Eremococcus",NA
"f85615f5aa6c9d29e9ccb588f54b2400","d__Bacteria","Chloroflexi","Gitt-GS-136","Gitt-GS-136","Gitt-GS-136","Gitt-GS-136",NA
"872808d02e429245d4b13ab9a6380406","d__Bacteria","Bdellovibrionota","Bdellovibrionia","Bacteriovoracales","Bacteriovoracaceae","Peredibacter",NA
"ec0bcec8495c67a916da60ec430fbf99","d__Bacteria","Bacteroidota","Bacteroidia","Chitinophagales","Chitinophagaceae","Parafilimonas",NA
"e770a585e5dae983d23a2c85af31976a","d__Bacteria","Bacteroidota","Bacteroidia","Bacteroidales",NA,NA,NA
"b19e7b40df9d8962305b4183f44cf3ef","d__Bacteria","Actinobacteriota","Actinobacteria","Micrococcales","Intrasporangiaceae",NA,NA
"68f249421583b4d4964a4743b3603107","d__Bacteria","Bacteroidota","Bacteroidia","Flavobacteriales","Weeksellaceae","Chryseobacterium",NA
"87f4e212135f0d41f1c3daf5321a2f39","d__Archaea","Crenarchaeota","Nitrososphaeria","Nitrosopumilales","Nitrosopumilaceae","Candidatus_Nitrosopumilus",NA
"8ec9a2fde58a921b9cfbffef97633c24","d__Bacteria","Proteobacteria","Gammaproteobacteria","Enterobacterales",NA,NA,NA
"2c7351497345c2b1a8c3d6692d9d7ec5","d__Bacteria","Planctomycetota","Planctomycetes","Isosphaerales","Isosphaeraceae",NA,NA
"6c9f57db23ace40dd9387f3472a63be9","d__Bacteria","Proteobacteria","Alphaproteobacteria","Acetobacterales","Acetobacteraceae",NA,NA
"3fe322f8b2c176262df7e52370a683d0","d__Bacteria","Proteobacteria","Gammaproteobacteria","Burkholderiales","Neisseriaceae","Neisseria",NA
"d485b4238d39e3029eda9c34b52e5b56","d__Bacteria","Firmicutes","Clostridia","Peptostreptococcales-Tissierellales","Family_XI","Anaerococcus",NA
"26c249eb17db2fca30bfa1b0501800e8","d__Bacteria","Actinobacteriota","Actinobacteria","Bifidobacteriales","Bifidobacteriaceae","Bifidobacterium",NA
"296de083c070d58bc1d6b3c3d0c107ed","d__Bacteria","Firmicutes","Clostridia","Peptostreptococcales-Tissierellales","Family_XI","Anaerococcus",NA
"1d30131999eb4a9b6377bcefc8f8748e","d__Bacteria","Firmicutes","Bacilli","Mycoplasmatales","Mycoplasmataceae","Ureaplasma",NA
"4acfdd1e21b4173934404a62c9bdaec4","d__Bacteria","Firmicutes","Clostridia","Peptostreptococcales-Tissierellales","Family_XI","Anaerococcus",NA
"371447d924184a669ace0734d3988df9","d__Bacteria","Actinobacteriota","Actinobacteria","Bifidobacteriales","Bifidobacteriaceae","Gardnerella",NA
"e3a29fe57b86b91650d332038158e226","d__Bacteria","Actinobacteriota","Actinobacteria","Actinomycetales","Actinomycetaceae","Actinomycetaceae",NA
"5ce21ad9416126218d622552edd1a154","d__Bacteria","Firmicutes","Clostridia","Peptostreptococcales-Tissierellales","Peptostreptococcaceae","Peptostreptococcus",NA
"8c4241c2a88c751e6d40643326259e24","d__Bacteria","Proteobacteria","Alphaproteobacteria","Acetobacterales","Acetobacteraceae","Roseomonas",NA
"31e591f01a41a4eaad9afa6e168463f2","d__Bacteria","Bacteroidota","Bacteroidia","Bacteroidales",NA,NA,NA
"c168c4b192f4c8c43ff570ff3e5fc5ed","d__Bacteria","Proteobacteria","Gammaproteobacteria","B2M28","B2M28","B2M28",NA
"15ce64bc1889150a179cfc46a70ec578","d__Bacteria","Firmicutes","Clostridia","Caldicoprobacterales","Caldicoprobacteraceae","Caldicoprobacter",NA
"10373cef1473b7aa1cf4bc9c3f9c985a","d__Bacteria","Proteobacteria","Gammaproteobacteria","Xanthomonadales","Xanthomonadaceae","Arenimonas",NA
"66d9066d2b1609509c212a2b29541992","d__Bacteria","Actinobacteriota","Acidimicrobiia",NA,NA,NA,NA
"bfb015106037681586d7756a89a9548d","d__Bacteria","Proteobacteria","Gammaproteobacteria","Legionellales","Legionellaceae","Legionella",NA
"c1568f7405b9ed944c225bcad3d9e3f4","d__Bacteria","Bacteroidota","Bacteroidia","Bacteroidales","Prevotellaceae",NA,NA
"caed0a522b42cdecece49e6be78803a5","d__Bacteria","Actinobacteriota","Actinobacteria","Micrococcales",NA,NA,NA
"26220e9111d2d3d6dfaaff5ff0985d73","d__Bacteria","Firmicutes","Negativicutes","Veillonellales-Selenomonadales","Veillonellaceae","Veillonella",NA
"2c64866828a29934cf8e8f856d580f37","d__Bacteria","Proteobacteria","Gammaproteobacteria","Burkholderiales","Neisseriaceae",NA,NA
"2b5ae8dfa1465d8de3a574990df56865","d__Bacteria","Firmicutes","Clostridia","Oscillospirales","Ruminococcaceae",NA,NA
"998e27cd18cff9da32fd47c601b96071","Unassigned",NA,NA,NA,NA,NA,NA
"b5f9716350e430394c398354bed748d0","d__Bacteria","Actinobacteriota","Acidimicrobiia","IMCC26256","IMCC26256","IMCC26256",NA
"2d5dc19b3aaf034f4d284381638f0ce6","d__Bacteria","Chloroflexi","KD4-96","KD4-96","KD4-96","KD4-96",NA
"6dfd3ea54ba9c5294e177ba304476be7","d__Bacteria","Cyanobacteria","Cyanobacteriia","Cyanobacteriales","Nostocaceae",NA,NA
"65f41686af4ef68d2d9c0c4bc14b7131","d__Bacteria","Chloroflexi","Chloroflexia","Thermomicrobiales","JG30-KF-CM45","JG30-KF-CM45",NA
"8bc93c5cba657a55c6212cd23de53d0d","d__Bacteria","Dependentiae","Babeliae","Babeliales",NA,NA,NA
"2b778ed0f20d0c814cbd5d967db46ec5","d__Bacteria","Bacteroidota","Bacteroidia","Flavobacteriales","Crocinitomicaceae","Fluviicola",NA
"44821d446498038cb9fc5eb57840416a","d__Bacteria","Actinobacteriota","Actinobacteria","Actinomycetales","Actinomycetaceae","Actinomyces",NA
"32023052c288696977f3480cdc228b3e","d__Bacteria","Planctomycetota","Planctomycetes","Pirellulales","Pirellulaceae",NA,NA
"29e87c4dcf500130cf42bfb642696150","d__Bacteria","Firmicutes","Bacilli","Lactobacillales","Lactobacillaceae",NA,NA
"d2843d9af7eb48c8947217f5823bc100","d__Bacteria","Firmicutes","Bacilli","Lactobacillales","Lactobacillaceae","Lactobacillus",NA
"dfc8879317c487ec80a8c52e3ea84b98","d__Bacteria","Proteobacteria","Gammaproteobacteria","Burkholderiales","Alcaligenaceae","Pigmentiphaga",NA
"fbefeac2bc3ab90cd3fd0b4b6bcb9b3c","d__Bacteria","Firmicutes","Bacilli","Lactobacillales","Streptococcaceae","Streptococcus",NA
"bc774eed783cfa145070151bc13d0075","d__Bacteria","Dependentiae","Babeliae","Babeliales",NA,NA,NA
"19fe1ce94866bbac15d6640494542abe","d__Bacteria","Firmicutes","Clostridia","Lachnospirales","Lachnospiraceae","Epulopiscium",NA
"ff72833b05d22765abf9a6d71c611438","d__Bacteria","Firmicutes","Clostridia","Lachnospirales","Lachnospiraceae","Tyzzerella",NA
"b9239ed3b90fffb70f72d8b9af5ae0a7","d__Bacteria","Proteobacteria","Alphaproteobacteria","Rhodobacterales","Rhodobacteraceae",NA,NA
"c2010349c26a7810885b35021a481365","d__Bacteria","Patescibacteria","Saccharimonadia","Saccharimonadales","LWQ8","LWQ8",NA
"0e43be8b474cd1a8a29d53ddfda23bef","d__Bacteria","Actinobacteriota","Actinobacteria","Corynebacteriales","Nocardiaceae","Williamsia",NA
"52c6b61b6f1429df5626ec25a3a0ddfc","d__Bacteria","Proteobacteria","Alphaproteobacteria","Rhodospirillales","AEGEAN-169_marine_group","AEGEAN-169_marine_group",NA
"0d98d0574c9a4e093c3b457056ec5ba3","d__Bacteria","Proteobacteria","Gammaproteobacteria","Burkholderiales","Oxalobacteraceae","Massilia",NA
"50ff8f7f5a116d06be99ec01fe5a8060","d__Bacteria","Proteobacteria","Gammaproteobacteria","Pseudomonadales","Moraxellaceae","Enhydrobacter",NA
"d18f323643d6d8d5f6937bef26556779","d__Bacteria","Firmicutes",NA,NA,NA,NA,NA
"6ff3921b8ffdfde542e543f6929dfd84","d__Bacteria","Actinobacteriota","Actinobacteria","Actinomycetales","Actinomycetaceae","Actinomyces",NA
"e4600da36ed7f17a91a5e3ee1ed94116","d__Bacteria","Proteobacteria","Gammaproteobacteria","Burkholderiales",NA,NA,NA
"db1e492f8a876a766aa663410d47ac39","d__Bacteria","Zixibacteria","Zixibacteria","Zixibacteria","Zixibacteria","Zixibacteria",NA
"28450802c1f4cd6f9dd0f9f800de5838","d__Bacteria","Planctomycetota","Planctomycetes","Gemmatales","Gemmataceae","uncultured",NA
"4136d8787eb20ab8ecb71d1333f58ee3","d__Bacteria","Acidobacteriota","Acidobacteriae","Acidobacteriales",NA,NA,NA
"a531243bdb50a6c34e09edf3beabbe94","d__Bacteria","Actinobacteriota","Actinobacteria","Corynebacteriales","Corynebacteriaceae","Corynebacterium",NA
"ad3a71efef338bcc6ea64fd1edffe73d","d__Bacteria","Firmicutes","Negativicutes","Veillonellales-Selenomonadales","Veillonellaceae","Veillonella",NA
"fde73faa1b26a7abd4c521d120db7eb2","d__Bacteria","Bacteroidota","Bacteroidia","Sphingobacteriales","Sphingobacteriaceae","Sphingobacterium",NA
"b1c13f1533134e35d7c70e24e165d3f7","d__Bacteria","Actinobacteriota","Actinobacteria","Corynebacteriales","Corynebacteriaceae",NA,NA
"7eb76f03e256e1f84c6abf473ce81c1d","d__Bacteria","Firmicutes","Bacilli","Paenibacillales","Paenibacillaceae","Ammoniphilus",NA
"aac312dc19eeeeb32447a579cdb3fe61","d__Bacteria","Bacteroidota","Bacteroidia","Bacteroidales","Prevotellaceae",NA,NA
"67f9d34e41ff08e46c0203138719bde2","d__Bacteria","Firmicutes","Clostridia","Oscillospirales","Oscillospiraceae","Sporobacter",NA
"1768816b8fb2f7b9543f05405285a027","d__Bacteria","Firmicutes","Bacilli","Bacillales","Planococcaceae","Lysinibacillus",NA
"8e407285bcbb2e88cc6b84c8b9e81b80","d__Bacteria","Firmicutes","Bacilli","Staphylococcales","Gemellaceae","Gemella",NA
"f052315ae23dc9dcdb51a1afcf4ff38c","d__Bacteria","Actinobacteriota","Thermoleophilia","Solirubrobacterales","67-14","67-14",NA
"eb6f77fd6c39dd02d0b12de4cf6e1ecc","d__Bacteria","Bacteroidota","Bacteroidia","Flavobacteriales","Flavobacteriaceae","Robiginitalea",NA
"26cc5695b9e95889984397a27ee7b1b8","d__Bacteria","Firmicutes","Clostridia","Oscillospirales","Oscillospiraceae","UCG-002",NA
"68cc24dfc4db004e48b5e69fe52fade7","d__Bacteria","Proteobacteria","Gammaproteobacteria","Pseudomonadales","Cellvibrionaceae",NA,NA
"153c86ad69c9ca68e3285ecb5106851f","d__Bacteria","Acidobacteriota","Blastocatellia","11-24","11-24","11-24",NA
"0fa62030e17f727d388f314d0dc1449e","d__Bacteria","Planctomycetota","Planctomycetes","Isosphaerales","Isosphaeraceae",NA,NA
"5ddcceeb29a1dd0939418ba1187f74ea","d__Bacteria","Proteobacteria","Alphaproteobacteria","Rhizobiales","Rhizobiaceae",NA,NA
"e4c282a29dec623cfb5ad8dcb092da05","d__Bacteria",NA,NA,NA,NA,NA,NA
"e248135c0df878fba688b5ab000786e7","d__Bacteria","Bacteroidota","Bacteroidia","Bacteroidales","Prevotellaceae","Prevotella",NA
"2a5cab7e5b4614238f22966957c58d19","d__Bacteria","Proteobacteria","Gammaproteobacteria","Burkholderiales","Neisseriaceae","Eikenella",NA
"2ca774b574531bce167756e5e9525b1f","d__Bacteria","Firmicutes","Clostridia","Peptostreptococcales-Tissierellales","Family_XI","Anaerococcus",NA
"884a0824d2fbee4e283e176da37b0dd5","d__Bacteria","Firmicutes","Negativicutes","Veillonellales-Selenomonadales","Veillonellaceae","Veillonella",NA
"a007ff28ad698b0e5644a1483533cdcb","d__Bacteria","Firmicutes","Bacilli","Bacillales","Bacillaceae","Bacillus",NA
"bb8663a99d999e7207de2ccf900c84d3","d__Bacteria","Actinobacteriota","Actinobacteria","Propionibacteriales","Propionibacteriaceae","Propionimicrobium",NA
"5ccf36fb78b784ece655510c343e4e1d","d__Bacteria",NA,NA,NA,NA,NA,NA
"51cece2ddcaa482242a4b084dbafbb20","d__Bacteria","Actinobacteriota","Actinobacteria","Bifidobacteriales","Bifidobacteriaceae","Alloscardovia",NA
"5bcb426c5851dbb45e4e504f01c72c99","d__Bacteria","Actinobacteriota","Actinobacteria","Corynebacteriales","Corynebacteriaceae","Corynebacterium",NA
"063684bad93be1d0f804a220fe08d300","d__Bacteria","Firmicutes","Clostridia","Peptostreptococcales-Tissierellales","Family_XI","Anaerococcus",NA
"80259f3504132658988ed8114ea35f7f","d__Bacteria","Proteobacteria","Alphaproteobacteria","Acetobacterales","Acetobacteraceae",NA,NA
"760cc7701e998cbee6146254ac45782a","d__Bacteria","Proteobacteria","Gammaproteobacteria","Xanthomonadales","Xanthomonadaceae","Lysobacter",NA
"d95896239770dd67fb3be8867e1eaf76","d__Bacteria","Planctomycetota",NA,NA,NA,NA,NA
"b9bfc289a13643885abd1f66d75e6185","d__Bacteria","Chloroflexi","KD4-96","KD4-96","KD4-96","KD4-96",NA
"987c8702e0b5719e7de85a8e4eb52e08","d__Bacteria","Planctomycetota","Planctomycetes","Isosphaerales","Isosphaeraceae","uncultured",NA
"c159bf7c21cb6f80068a3b656ce88b4f","d__Bacteria","Actinobacteriota","Acidimicrobiia","Microtrichales","Ilumatobacteraceae",NA,NA
"7b2b1a5a0f720c763190a89f8fb3ed4d","d__Bacteria","Firmicutes","Clostridia","Clostridiales","Clostridiaceae","Clostridium_sensu_stricto_13",NA
"b5794e1a16e2b775912f8135b2c13f97","d__Bacteria","Firmicutes","Bacilli","Lactobacillales","Aerococcaceae","Facklamia",NA
"bf01fa4b27b44aefce8c19bebf63f667","d__Bacteria","Bacteroidota","Bacteroidia","Bacteroidales","Prevotellaceae","Prevotella",NA
"ff5e2cb5825ed884146d2ecaca6224b2","d__Bacteria",NA,NA,NA,NA,NA,NA
"dee46785fcf63c906d82ebac2499fbd7","d__Bacteria",NA,NA,NA,NA,NA,NA
"c6af1144b4e4893aa7a5d166076f4794","d__Bacteria","Fusobacteriota","Fusobacteriia","Fusobacteriales","Leptotrichiaceae","Leptotrichia",NA
"cfc9ec0c1083511048c56cf9ad28e743","d__Bacteria","Bacteroidota","Bacteroidia","Bacteroidales","Porphyromonadaceae","Porphyromonas",NA
"4acf9569007be7a63a7f6734a9e1563f","d__Bacteria","Actinobacteriota","Actinobacteria","Propionibacteriales","Nocardioidaceae","Nocardioides",NA
"7ac1237fba86458cca283a9321b921eb","d__Bacteria","Actinobacteriota","Actinobacteria",NA,NA,NA,NA
"0105f803358d862e7d47e28e1694db60","d__Bacteria","Cyanobacteria","Cyanobacteriia","Chloroplast","Chloroplast","Chloroplast",NA
"4377c3e4a7ab255236ac21a558f74358","d__Bacteria","Planctomycetota","Planctomycetes","Gemmatales","Gemmataceae",NA,NA
"570524fd5dd791e30f6f9ace213a9537","d__Bacteria","Bacteroidota","Bacteroidia","Chitinophagales","Chitinophagaceae",NA,NA
"1bc649290afe11441824865b632d3607","d__Bacteria","Bdellovibrionota","Bdellovibrionia","Bdellovibrionales","Bdellovibrionaceae","Bdellovibrio",NA
"f754c943a638478b09189552319db395","d__Bacteria","Actinobacteriota","Actinobacteria","Bifidobacteriales","Bifidobacteriaceae","Bifidobacterium",NA
"49c23f4f663bc76e7654e49609a06de4","d__Bacteria","Proteobacteria","Alphaproteobacteria","Rhizobiales","Beijerinckiaceae",NA,NA
"baa84f238e15046e029a32271ae4fb34","d__Bacteria","Firmicutes","Clostridia","Oscillospirales","Ruminococcaceae","Ruminococcus",NA
"37e656437a85eebd764dbd1819ae757e","d__Bacteria","Firmicutes","Clostridia","Lachnospirales","Lachnospiraceae",NA,NA
"3e38a8a00cc5cbe5d7f4fb3c63f44995","d__Bacteria","Firmicutes","Clostridia","Lachnospirales","Lachnospiraceae","Anaerostipes",NA
"8ba54f641e58d96864138a1356407a8e","d__Bacteria","Patescibacteria","Saccharimonadia","Saccharimonadales",NA,NA,NA
"e7894c096475fe14ce2fc25925317339","d__Bacteria","Actinobacteriota","Actinobacteria","Micrococcales","Micrococcaceae","Rothia",NA
"6681162d75d58dce28ffec2055b4099c","d__Bacteria","Campylobacterota","Campylobacteria","Campylobacterales","Campylobacteraceae","Campylobacter",NA
"14dd33cae0f2c8dc98240acc004df78a","d__Bacteria","Bacteroidota","Bacteroidia","Sphingobacteriales","Sphingobacteriaceae","Sphingobacterium",NA
"0f0657ae7989956336ba8ae0e8c783a3","d__Bacteria","Proteobacteria","Alphaproteobacteria","Rhodobacterales","Rhodobacteraceae","Rubellimicrobium",NA
"e06c6e4a8288a02b7418dc1e36cf018e","d__Bacteria","Proteobacteria","Alphaproteobacteria","Tistrellales","Geminicoccaceae","Geminicoccus",NA
"821a9c68bde8d8d388b972503361a2bd","d__Bacteria","Chloroflexi","Ktedonobacteria","Ktedonobacterales","JG30-KF-AS9","JG30-KF-AS9",NA
"9eeac74c1e0f16b9c64d6371fc38a2b1","d__Bacteria","Patescibacteria","Saccharimonadia","Saccharimonadales",NA,NA,NA
"180f7e2c5e165ccd3c55820c17636fe3","d__Bacteria","Cyanobacteria","Sericytochromatia","Sericytochromatia","Sericytochromatia","Sericytochromatia",NA
"61da2ddcb8b695c0c635da21d9c106e4","d__Bacteria",NA,NA,NA,NA,NA,NA
"7a1c1e4c1af961ed672f17ec6ae7fe47","d__Bacteria","Firmicutes","Clostridia","Lachnospirales","Lachnospiraceae",NA,NA
"58279ca5d1f37870b9cef1507dd84fb5","d__Bacteria","Proteobacteria","Alphaproteobacteria","Defluviicoccales","Defluviicoccaceae","Defluviicoccus",NA
"e408e05a01792fb1373dc735cd747c34","d__Bacteria","Firmicutes","Clostridia","Oscillospirales","Ruminococcaceae",NA,NA
"776d1e1cd841a9edc8eceba7f071b317","d__Bacteria","Proteobacteria","Gammaproteobacteria","Pseudomonadales","Cellvibrionaceae","Cellvibrio",NA
"80b380dc7f4a7996e301db349311b939","d__Bacteria","Bacteroidota","Bacteroidia","Bacteroidales","Prevotellaceae","Prevotella_9",NA
"4e53f543996e22b2d5abf5a77b483cb0","d__Bacteria","Proteobacteria","Gammaproteobacteria","Legionellales","Legionellaceae","Legionella",NA
"61ff2f4166f5d9f21a64961517def5e2","d__Bacteria","Bacteroidota","Bacteroidia","Bacteroidales","Paludibacteraceae","F0058",NA
"a8208ed70af74a51f4635c8782c1f0f8","d__Bacteria","Firmicutes","Clostridia","Peptostreptococcales-Tissierellales","Family_XI","Anaerococcus",NA
"ce2622b1864bf2029d9f89efbf57a24a","d__Bacteria","Firmicutes","Clostridia","Lachnospirales","Lachnospiraceae",NA,NA
"08b14087db4f38666deea683c0b19262","d__Bacteria","Proteobacteria","Gammaproteobacteria","HOC36","HOC36","HOC36",NA
"1342101d7eabbba90ab1ac13cbbf109b","d__Bacteria","Proteobacteria","Alphaproteobacteria","Rhizobiales","Xanthobacteraceae","Ancylobacter",NA
"b092f69b3e8fe224a4711c03de120841","d__Bacteria","Actinobacteriota","Actinobacteria","Kineosporiales","Kineosporiaceae","Quadrisphaera",NA
"494161ef0ef70ba9a252e936eb86718d","d__Bacteria","Firmicutes","Clostridia","Oscillospirales","Ruminococcaceae","Candidatus_Soleaferrea",NA
"04fd4a846ade6804010634231f092d6c","d__Bacteria","Firmicutes","Bacilli","Paenibacillales","Paenibacillaceae","Paenibacillus",NA
"4d6a0fbafc8671b1f48d83f34aae2114","d__Bacteria","Proteobacteria","Alphaproteobacteria","Acetobacterales","Acetobacteraceae","Acidiphilium",NA
"cdcd81a16afc80f9308c276eb2e83d94","d__Bacteria","Firmicutes","Bacilli","Staphylococcales","Staphylococcaceae","Staphylococcus",NA
"5c21a11b1f84bb9ee71656ec7256c499","d__Bacteria","Firmicutes","Clostridia","Peptostreptococcales-Tissierellales","Family_XI","Anaerococcus",NA
"65e32ba8ff56b0b568a3db13ab6196f4","d__Bacteria","Deinococcota","Deinococci","Deinococcales","Deinococcaceae","Deinococcus",NA
"f6bc6559da8fe09a2faa714bf1f0cbbe","d__Bacteria","Proteobacteria","Gammaproteobacteria","Pseudomonadales","Halomonadaceae","Halotalea",NA
"7af1dcc015851e63c040b9f385672d9a","d__Bacteria","Bacteroidota","Bacteroidia","Sphingobacteriales","Sphingobacteriaceae","Sphingobacterium",NA
"3ba54039b62d5775346cfd1e19f54b0d","d__Bacteria","Patescibacteria","Saccharimonadia","Saccharimonadales","Saccharimonadaceae",NA,NA
"d933491a9740191dbac3bb82e0670ed3","d__Bacteria","Cyanobacteria","Cyanobacteriia","Chloroplast","Chloroplast","Chloroplast",NA
"ea129e99aa2843998a3abce895a1101b","d__Bacteria","Proteobacteria","Alphaproteobacteria","Rhizobiales","D05-2","D05-2",NA
"a93fbac0276258d8552609ac23298d87","d__Bacteria","Bdellovibrionota","Oligoflexia","0319-6G20","0319-6G20","0319-6G20",NA
"7bdc1624f70a7d3addafa9d50d19f610","d__Bacteria","Chloroflexi","Chloroflexia","Thermomicrobiales","JG30-KF-CM45","JG30-KF-CM45",NA
"7038e1480cd0ce90dd54fe9bf87916da","d__Bacteria","Actinobacteriota","Actinobacteria","Pseudonocardiales","Pseudonocardiaceae",NA,NA
"92859bd3baf4b9078e2042fb7cf5026a","d__Bacteria","Firmicutes","Bacilli","Staphylococcales","Staphylococcaceae","Staphylococcus",NA
"9301dc283c3cdc41b1d02516a7ecd013","d__Bacteria","Deinococcota","Deinococci","Deinococcales","Deinococcaceae","Deinococcus",NA
"3096b521ef673977d243163efc80b2d9","d__Bacteria","Proteobacteria","Alphaproteobacteria","Rickettsiales","Mitochondria","Mitochondria",NA
"b0d8369d4eac1262c358bb8a65e23ff8","d__Bacteria","Proteobacteria","Gammaproteobacteria","Chromatiales","Sedimenticolaceae","uncultured",NA
"004fb5f23cc28808da5d04aecaca24e3","d__Bacteria","Proteobacteria","Gammaproteobacteria","Diplorickettsiales","Diplorickettsiaceae","Aquicella",NA
"f5bc19bb75088a756149299eff7562be","d__Bacteria","Bacteroidota","Bacteroidia","Sphingobacteriales","Sphingobacteriaceae","Arcticibacter",NA
"a7a6c4873a10d45560dd09c1b55af065","d__Bacteria","Bacteroidota","Bacteroidia","Bacteroidales","Bacteroidaceae","Bacteroides",NA
"aa9daecdff0233b4989f27fa1fdaefb9","d__Bacteria",NA,NA,NA,NA,NA,NA
"45b6895408c1022f4b5441985146cc19","d__Bacteria","Bacteroidota","Bacteroidia","Bacteroidales","Prevotellaceae",NA,NA
"f1686f38310b5bfbc50a7aaa7912034d","d__Bacteria","Bacteroidota","Bacteroidia","Chitinophagales","Saprospiraceae",NA,NA
"5627be0059d8051671d3b0246b933fff","d__Bacteria","Actinobacteriota","Actinobacteria","Pseudonocardiales","Pseudonocardiaceae","Saccharopolyspora",NA
"3414180c4abce02fd70189615c2d6103","d__Bacteria","Firmicutes","Clostridia","Oscillospirales","Ruminococcaceae","Faecalibacterium",NA
"f020a5b888494f8e623a30b2d0b2b7b9","d__Bacteria","Firmicutes","Bacilli","Bacillales","Bacillaceae","Virgibacillus",NA
"bda37a0f0947c838680ba059ab6341b6","d__Bacteria","Bacteroidota","Bacteroidia","Bacteroidales","Prevotellaceae","Prevotella_9",NA
"ceeea74bfe977efe24c3ff8156a5a1e0","d__Bacteria","Firmicutes","Clostridia","Peptostreptococcales-Tissierellales","Family_XI","Finegoldia",NA
"e9e174138105cc4a133ad2bf3d111623","d__Bacteria","Bacteroidota","Bacteroidia",NA,NA,NA,NA
"5a0ab5044cfd1163e31d6ebd7e9d0a75","d__Bacteria",NA,NA,NA,NA,NA,NA
"620850b64fcb1071920757296670fdf9","d__Bacteria","Bacteroidota","Bacteroidia","Bacteroidales","Prevotellaceae",NA,NA
"155e8554d20894cc243ed5be238e9055","d__Bacteria","Firmicutes","Bacilli","Lactobacillales","Enterococcaceae","Enterococcus",NA
"8453da0ddd77d8605cdec9f6be1c7a3a","d__Bacteria","Firmicutes","Clostridia","Peptostreptococcales-Tissierellales","Family_XI","Anaerococcus",NA
"74b911df618df06b567962de3092ac02","d__Bacteria","Bacteroidota","Bacteroidia","Bacteroidales","Prevotellaceae","Prevotella_9",NA
"f4b667837b2e1b28b9156e9a38b4ee37","d__Bacteria","Actinobacteriota","Actinobacteria","Actinomycetales","Actinomycetaceae","Actinomyces",NA
"d9a6034485f80c602d806c561f043bc9","d__Bacteria","Proteobacteria","Alphaproteobacteria","Rhizobiales",NA,NA,NA
"dbd2fdc744d3a431d8fc6a9ee9c14ac4","d__Bacteria","Actinobacteriota","Acidimicrobiia","Microtrichales","Ilumatobacteraceae","uncultured",NA
"0ca4438b3f7c1d4b1b7a378eb9861ca8","d__Bacteria","Bacteroidota","Bacteroidia","Chitinophagales","Chitinophagaceae","Flavisolibacter",NA
"a17a13e81c14ec2f89f2e954359ce20f","d__Bacteria","Actinobacteriota","Actinobacteria","Frankiales","Nakamurellaceae","Nakamurella",NA
"087346b54f05df92927371d52514c548","d__Bacteria","Verrucomicrobiota","Verrucomicrobiae","Chthoniobacterales","Xiphinematobacteraceae","Candidatus_Xiphinematobacter",NA
"0f6c0252a133f9e7241a449652a171fc","d__Bacteria","Actinobacteriota","Acidimicrobiia","Microtrichales",NA,NA,NA
"4c7bc0358bf3d5706f5d825f8885bcca","d__Bacteria","Chloroflexi","Anaerolineae","Caldilineales","Caldilineaceae","uncultured",NA
"af3e0da13938a6bc87cfaf444248c102","d__Bacteria","Chloroflexi","Chloroflexia","Thermomicrobiales","JG30-KF-CM45","JG30-KF-CM45",NA
"d689c13ea9f227c39ebe62256097f8af","d__Bacteria","Chloroflexi","Anaerolineae",NA,NA,NA,NA
"aa2162241e00f6541102f796bfff83f5","d__Bacteria","Proteobacteria","Gammaproteobacteria","Burkholderiales","Hydrogenophilaceae","Tepidiphilus",NA
"8d875302f309a62f44bccee51dcf9508","d__Bacteria","Firmicutes","Clostridia","Clostridiales","Clostridiaceae","Clostridium_sensu_stricto_13",NA
"e61b40d18096fce77485a19668835608","d__Bacteria","Bacteroidota","Bacteroidia","Bacteroidales","Prevotellaceae",NA,NA
"8fe63ffd2d81a4d363bcfcfd6dc667ad","d__Bacteria","Firmicutes","Negativicutes","Veillonellales-Selenomonadales","Veillonellaceae","Veillonella",NA
"09c3e265b667ebce0b0141b573d0e60e","d__Bacteria","Bacteroidota","Bacteroidia","Bacteroidales","Prevotellaceae",NA,NA
"adb321fce10bbe3aff1da96ae9c3a35d","d__Bacteria","Actinobacteriota","Actinobacteria","Micrococcales","Micrococcaceae","Rothia",NA
"c94e0a5914f8fdb46493104232914662","d__Bacteria",NA,NA,NA,NA,NA,NA
"de69712d85f86bd8749e0b5a491c8a41","d__Bacteria","Firmicutes","Clostridia",NA,NA,NA,NA
"e9a3362d3f343c7d6d749aada664c7fe","d__Bacteria","Proteobacteria","Gammaproteobacteria","Burkholderiales","SC-I-84","SC-I-84",NA
"fb46859ba13c76c389d174a047d15b47","d__Bacteria","Proteobacteria","Gammaproteobacteria","Burkholderiales","Oxalobacteraceae",NA,NA
"3f1cc6ce77880b7aab110b48c41d3a26","d__Bacteria","Actinobacteriota","Actinobacteria","Micrococcales","Intrasporangiaceae",NA,NA
"798f8a29d30b14340494f589fa272e52","d__Bacteria","Myxococcota","Myxococcia","Myxococcales","Myxococcaceae","Myxococcus",NA
"a486a538fcbdf809959aaef34debf56d","d__Bacteria","Proteobacteria","Gammaproteobacteria","Legionellales","Legionellaceae","Legionella",NA
"e8d0686c5de554782481863fa84941b9","d__Bacteria","Proteobacteria","Gammaproteobacteria","Enterobacterales","Morganellaceae","Proteus",NA
"bb303d830a45acdce95de33d9237e4df","d__Bacteria","Firmicutes","Negativicutes","Veillonellales-Selenomonadales","Veillonellaceae","Megasphaera",NA
"04ee4226d3502f5bf9efcaeadd7c1b6f","d__Bacteria","Actinobacteriota","Actinobacteria","Actinomycetales","Actinomycetaceae","Actinomyces",NA
"d719d52787cb5521aed795bc72dc36cc","d__Bacteria","Firmicutes","Bacilli","Lactobacillales","Streptococcaceae","Streptococcus",NA
"621690e5b4021a8d7f5278578231d079","d__Bacteria","Patescibacteria","Saccharimonadia","Saccharimonadales","Saccharimonadaceae","Saccharimonadaceae",NA
"97721e887f40c07064225b3ecdb0a1e3","d__Bacteria","Actinobacteriota","Actinobacteria","Micrococcales",NA,NA,NA
"1b30325ee0db6bfdc686774a4cb7040f","d__Bacteria","Bacteroidota","Bacteroidia","Flavobacteriales",NA,NA,NA
"9d06f4c975bd65e7a2486c686e1e512a","d__Bacteria","Patescibacteria","Saccharimonadia","Saccharimonadales","Saccharimonadaceae","TM7a",NA
"c046c97ae4fa4fe0ab3127070019e975","d__Bacteria","Firmicutes","Bacilli","Paenibacillales","Paenibacillaceae","Paenibacillus",NA
"b910e47fa9a5eb5464d53bc3886ce481","d__Bacteria","Firmicutes","Negativicutes","Veillonellales-Selenomonadales","Veillonellaceae","Veillonella",NA
"1ac182679c3e3b535b5cb396e528f0a4","d__Bacteria","Actinobacteriota","Actinobacteria","Frankiales","Frankiaceae","Frankia",NA
"d5f88e4b4af93c5dfdeb4d3a53350e29","d__Bacteria","Proteobacteria","Alphaproteobacteria","Rhizobiales","Beijerinckiaceae","Bosea",NA
"51133b9e8cff5cc7320d678a8550787f","d__Bacteria","Firmicutes","Bacilli","Lactobacillales","Carnobacteriaceae",NA,NA
"159a4048737e98b94805e620dc4e2db9","d__Bacteria","Firmicutes","Clostridia","Monoglobales","Monoglobaceae","Monoglobus",NA
"4c63087ca04b81165f5c146ee87451e9","d__Bacteria","Actinobacteriota","Actinobacteria","Corynebacteriales","Corynebacteriaceae","Corynebacterium",NA
"c9dd0eeabdb4fa42967314398192ab68","d__Bacteria","Proteobacteria","Gammaproteobacteria","Enterobacterales","Enterobacteriaceae",NA,NA
"0272ee7b44a853eae8c4ea2826648760","d__Bacteria","Actinobacteriota","Actinobacteria","Pseudonocardiales","Pseudonocardiaceae","Actinomycetospora",NA
"4b6b857ebaca4dbe4a6355756d132c24","d__Bacteria","Proteobacteria","Alphaproteobacteria","Rhizobiales","uncultured","uncultured",NA
"d2782f00284add90b5d5cc67c0dfd5c9","d__Bacteria","Firmicutes","Clostridia","Peptostreptococcales-Tissierellales","Family_XI","Anaerococcus",NA
"99e2eb4454de405b949c229fc5650a2b","d__Bacteria","Proteobacteria","Gammaproteobacteria","Pseudomonadales","Moraxellaceae","Enhydrobacter",NA
"6b207053583013e49312d840e0445cbd","d__Bacteria","Firmicutes","Bacilli","Staphylococcales","Staphylococcaceae","Staphylococcus",NA
"c86cff2250ac928b40cd16e02a03948f","d__Bacteria","Proteobacteria","Alphaproteobacteria","Rhizobiales","Rhizobiaceae",NA,NA
"d96503824634490cb7dd0e0a498a922a","d__Bacteria","Fusobacteriota","Fusobacteriia","Fusobacteriales","Leptotrichiaceae","Leptotrichia",NA
"1737229907291fb25d477e400546d8af","d__Bacteria","Actinobacteriota","Actinobacteria","Micrococcales","Micrococcaceae","Micrococcus",NA
"81c73930a90cc5b9630294138d0f4a5b","d__Bacteria","Actinobacteriota","Actinobacteria","Actinomycetales","Actinomycetaceae","Actinobaculum",NA
"e2da40a2f5b987f6a67c0431dc1c46cb","d__Bacteria","Bacteroidota","Bacteroidia","Bacteroidales","Bacteroidaceae","Bacteroides",NA
"48061d191eeee34301a762e7dd255113","d__Bacteria","Patescibacteria","Saccharimonadia","Saccharimonadales","Saccharimonadaceae","Saccharimonadaceae",NA
"841bb9f62ea6bab67b5a07241577fef0","d__Bacteria","Bacteroidota","Bacteroidia","Sphingobacteriales","Sphingobacteriaceae","Sphingobacterium",NA
"50d181ba6a3989223dd0e0d38b921212","d__Bacteria","Firmicutes","Clostridia","Peptostreptococcales-Tissierellales","Family_XI","Anaerococcus",NA
"94cc9eaf9a0bca8446583977056151ba","d__Bacteria","Firmicutes","Bacilli","Staphylococcales","Staphylococcaceae","Staphylococcus",NA
"902b2bfe7d99c5ee2f68b5065007c325","d__Bacteria","Verrucomicrobiota","Verrucomicrobiae","Chthoniobacterales","Xiphinematobacteraceae","Candidatus_Xiphinematobacter",NA
"7002e566cea03f791303d0e3fe4119ac","d__Bacteria","Bdellovibrionota","Bdellovibrionia","Bacteriovoracales","Bacteriovoracaceae","Peredibacter",NA
"9cd389c91b4fea0164bdcee1da67227c","d__Eukaryota","Vertebrata","Actinopterygii","Teleostei","Teleostei","Teleostei",NA
"1112a387cf4fccf1ecb21436e2af72a0","d__Bacteria","Fusobacteriota","Fusobacteriia","Fusobacteriales","Fusobacteriaceae","Fusobacterium",NA
"4f2764b32358cbbff53a44a56315e8b2","d__Bacteria","Bacteroidota","Bacteroidia","Bacteroidales","Prevotellaceae","Prevotella",NA
"467e64419737184c2c285c873cf766e5","d__Bacteria","Firmicutes","Clostridia","Lachnospirales","Lachnospiraceae","Howardella",NA
"6d09f1652680eae48d25a34d1a977e50","d__Bacteria","Actinobacteriota","Coriobacteriia","Coriobacteriales","Atopobiaceae","Atopobium",NA
"ff2418e874020f6dcaae5dd36c9f6188","d__Bacteria","Actinobacteriota","Actinobacteria","Micromonosporales","Micromonosporaceae",NA,NA
"4b6ad143465dc190d0cb9c339bed8ad8","d__Bacteria","Firmicutes","Clostridia",NA,NA,NA,NA
"68364ac2f8750ced828f9b66132a929a","d__Bacteria","Firmicutes","Clostridia","Clostridiales","Clostridiaceae","Clostridium_sensu_stricto_1",NA
"6b998ef430147e9d781d6d2106a84b75","d__Bacteria","Patescibacteria","Saccharimonadia","Saccharimonadales",NA,NA,NA
"2a4e677de44858d26368138be6408577","d__Bacteria","Firmicutes","Clostridia","Lachnospirales","Lachnospiraceae",NA,NA
"b2d0c73e33b167ce06fbd8e7f21fe145","d__Bacteria","Firmicutes","Clostridia",NA,NA,NA,NA
"cbcfa0b00743824da852d3d2ab74a354","d__Bacteria","Proteobacteria","Alphaproteobacteria","Rhizobiales","Rhizobiaceae",NA,NA
"3aa71b129cda02fbf77a103a07af8ae1","d__Bacteria","Firmicutes","Clostridia","Lachnospirales","Lachnospiraceae","Coprococcus",NA
"a1cc5d0a00c25da0bb2bfa7a01b34a73","d__Bacteria","Actinobacteriota","Actinobacteria","Micrococcales","Dermacoccaceae","Barrientosiimonas",NA
"2203459a2989aee6d0b7d65b28655a05","d__Bacteria","Desulfobacterota","Desulfobacteria","Desulfatiglandales","Desulfatiglandaceae","Desulfatiglans",NA
"d8584b86fdf04f9becbfb9dbeaabe280","d__Bacteria","Hydrogenedentes","Hydrogenedentia","Hydrogenedentiales","Hydrogenedensaceae","Hydrogenedensaceae",NA
"24e0e191d6aa1f479a369d41f73a0e11","d__Bacteria","Proteobacteria","Gammaproteobacteria","Gammaproteobacteria_Incertae_Sedis","Unknown_Family","uncultured",NA
"74d06004ebd367db1fd2babb35ef6116","d__Bacteria","Proteobacteria","Gammaproteobacteria","Diplorickettsiales","Diplorickettsiaceae","uncultured",NA
"c1009438697696ee574a82d7f606435b","d__Bacteria","Proteobacteria","Alphaproteobacteria","Caulobacterales","Hyphomonadaceae","uncultured",NA
"298a52f13e3e41fa1a96c8b5dce74643","d__Bacteria","Bacteroidota","Bacteroidia","Bacteroidales","Prevotellaceae",NA,NA
"686571caa230eecd572f9a277cd3d273","d__Bacteria","Cyanobacteria","Cyanobacteriia","Cyanobacteriales","Xenococcaceae","Xenococcus_PCC-7305",NA
"48981fdc281b9665b4a0951c97303b97","d__Bacteria","Proteobacteria","Alphaproteobacteria",NA,NA,NA,NA
"cbd384eb0d68b3eece15bf0d16357385","d__Bacteria","Firmicutes","Clostridia","Peptostreptococcales-Tissierellales","Family_XI","Peptoniphilus",NA
"3c6703846d31bf0ef9d5bf30be6cea72","d__Bacteria","Actinobacteriota","Actinobacteria","Corynebacteriales","Corynebacteriaceae","Corynebacterium",NA
"a65e31f9d7077ea9ee4c0dda01a59704","d__Bacteria","Proteobacteria","Gammaproteobacteria","Enterobacterales","Pasteurellaceae",NA,NA
"2b1ddc36aed0f4db8ef519dee83a4b67","d__Bacteria","Proteobacteria","Gammaproteobacteria","Enterobacterales","Pasteurellaceae",NA,NA
"adec3f54035b7ba4f851d03dd3e50bd8","d__Bacteria","Firmicutes","Bacilli","Lactobacillales","Aerococcaceae","Aerococcus",NA
"723cf5a28e7fa4bdca2333a8a9c46b60","d__Bacteria","Firmicutes","Bacilli","Lactobacillales","Streptococcaceae","Streptococcus",NA
"41980946aa7821f43a1e4638fb334d62","d__Bacteria","Firmicutes","Bacilli","Lactobacillales","Lactobacillaceae","Limosilactobacillus",NA
"c43564f35af807e11a60b75c8298f7dc","d__Bacteria","Actinobacteriota","Actinobacteria",NA,NA,NA,NA
"e4b4211f13f2b5d089c11589ba770838","d__Bacteria","Firmicutes","Clostridia","Peptostreptococcales-Tissierellales","Family_XI","Anaerococcus",NA
"732d3fcf729c49fe8bb95e8857595c52","d__Bacteria","Firmicutes","Bacilli","Lactobacillales",NA,NA,NA
"ffc8c69edbf0b2bb5f0737c599901d58","d__Bacteria","Bacteroidota","Bacteroidia","Bacteroidales",NA,NA,NA
"3ec6e7830646e6496e91af7ba91289c6","d__Bacteria","Firmicutes",NA,NA,NA,NA,NA
"1ca002e060ed2f32b4a063ec22468be1","d__Bacteria","Firmicutes","Clostridia","Peptostreptococcales-Tissierellales","Family_XI","Anaerococcus",NA
"a0c04cb944f71f2cc5e0eba29ac75f7c","d__Bacteria","Firmicutes","Clostridia","Peptostreptococcales-Tissierellales","Family_XI","Finegoldia",NA
"a17a24264b7e222ba8dd1ff24ada9279","d__Bacteria","Actinobacteriota","Actinobacteria","Propionibacteriales","Propionibacteriaceae",NA,NA
"3d4cbfb684721014a73230a56d486485","d__Bacteria","Proteobacteria","Alphaproteobacteria","Rhodobacterales","Rhodobacteraceae",NA,NA
"9e9d5a7c6a9e7e6e5baa555fc9f4efbe","d__Bacteria","Actinobacteriota","Actinobacteria","Propionibacteriales","Propionibacteriaceae",NA,NA
"8bdf419039a3574f561302b06a2c2e2e","d__Bacteria","Chloroflexi","Ktedonobacteria","Ktedonobacterales","Ktedonobacteraceae","uncultured",NA
"1d9db25ff8db2643519b3c4c6ac92592","d__Bacteria","Proteobacteria","Alphaproteobacteria","Micropepsales","Micropepsaceae","uncultured",NA
"2624fdfc2fd5e3dcc3f5635f2a35638d","d__Bacteria","Proteobacteria","Alphaproteobacteria","Acetobacterales","Acetobacteraceae","Craurococcus-Caldovatus",NA
"9491599baa0650975fc41a735b80e9a9","d__Bacteria","Bdellovibrionota","Bdellovibrionia","Bacteriovoracales","Bacteriovoracaceae","Peredibacter",NA
"2839ea0ec77de2b0fafbff00797f7ebc","d__Bacteria","Actinobacteriota","Actinobacteria","Frankiales","Frankiales","Frankiales",NA
"378ff1bcabb9c7ffc0fb50ba4ce95eb1","d__Bacteria","Actinobacteriota","Actinobacteria","Corynebacteriales","Corynebacteriaceae","Corynebacterium",NA
"337cf2626ef4e5c11fdc8a61da00ae81","d__Bacteria","Bacteroidota","Bacteroidia","Bacteroidales","Prevotellaceae","Prevotella_7",NA
"e813047e35822cb59c937627d4f059e7","d__Bacteria","Firmicutes","Negativicutes","Veillonellales-Selenomonadales","Selenomonadaceae","Centipeda",NA
"1810b9e05f2210253ad6e4430de1a81e","d__Bacteria","Patescibacteria","Saccharimonadia","Saccharimonadales","LWQ8","LWQ8",NA
"3d5b6ba9e6e6ebebb004d54451472a05","d__Bacteria","Firmicutes","Negativicutes","Veillonellales-Selenomonadales","Veillonellaceae","Veillonella",NA
"4935e594f98c045040793178da863a6a","d__Bacteria","Proteobacteria","Gammaproteobacteria","Burkholderiales","Neisseriaceae","Neisseria",NA
"3a3d6631777eb343b7328c3dcf97a225","d__Bacteria","Campylobacterota","Campylobacteria","Campylobacterales","Campylobacteraceae","Campylobacter",NA
"fc7a2877b18e2a615b6dde8a4e46af5a","d__Bacteria","Proteobacteria","Alphaproteobacteria","Defluviicoccales","Defluviicoccaceae","Defluviicoccus",NA
"a41ed9c6b44c3b0dd558d1cb53fc0a10","d__Bacteria","Proteobacteria","Gammaproteobacteria","Enterobacterales","Pasteurellaceae",NA,NA
"fe9c2657af367ac40b01f705cde18491","d__Bacteria","Actinobacteriota","Acidimicrobiia","Microtrichales","Ilumatobacteraceae",NA,NA
"5595c6d0dc9a8813cab6e3940db40765","d__Bacteria","Bacteroidota","Bacteroidia","Bacteroidales","Prevotellaceae","Prevotella_7",NA
"8bf35f349a65bd39bd236afcb034b3ce","d__Bacteria","Actinobacteriota","Actinobacteria","Actinomycetales","Actinomycetaceae","Varibaculum",NA
"ce0114af4777cb6f5b84d3bbc162ee57","d__Bacteria","Cyanobacteria","Cyanobacteriia","Chloroplast","Chloroplast","Chloroplast",NA
"5dd67ed5d51eb2ccbafdcfb91e59fa8c","d__Bacteria","Proteobacteria","Alphaproteobacteria","Rhizobiales","Beijerinckiaceae","Methylobacterium-Methylorubrum",NA
"8519a3b274509df94e5a5296a65e4e59","d__Bacteria","Proteobacteria","Alphaproteobacteria","Rhizobiales","Devosiaceae",NA,NA
"d39f0c7ca0e25d736b8e97ab7aa995de","d__Bacteria","Actinobacteriota","Coriobacteriia","Coriobacteriales","Eggerthellaceae","Senegalimassilia",NA
"4c5d409097c33525fadd2a1384d22308","d__Eukaryota","Vertebrata","Actinopterygii","Teleostei","Teleostei","Teleostei",NA
"a58065dbc9f405c53d77b2ff71cb110b","d__Bacteria","Actinobacteriota","Coriobacteriia","Coriobacteriales","Eggerthellaceae",NA,NA
"47c2c76a06ea1c72775cc45a54dfa31c","d__Bacteria","Planctomycetota","OM190","OM190","OM190","OM190",NA
"0212dd76233121177d7e7b3136f0fe7b","d__Bacteria","Patescibacteria","Saccharimonadia","Saccharimonadales","WWH38","WWH38",NA
"732a88f72720e9134e1e7662c6105e50","d__Bacteria","Firmicutes","Clostridia","Lachnospirales","Lachnospiraceae",NA,NA
"534067dc875349dfed9177173551874b","d__Bacteria","Patescibacteria","Saccharimonadia","Saccharimonadales","Saccharimonadaceae","Saccharimonadaceae",NA
"b7137b57f378b96743c30fdc2dcbba64","d__Bacteria","Actinobacteriota","Actinobacteria","Pseudonocardiales","Pseudonocardiaceae","Pseudonocardia",NA
"ac8ea5da66233064dd8bda5bac365c87","d__Bacteria","Myxococcota","Polyangia","Nannocystales","Nannocystaceae","Nannocystis",NA
"07eb1d355c59f04e7f65080fcb1a106b","d__Bacteria","Actinobacteriota","Actinobacteria",NA,NA,NA,NA
"17fd028ed283b80ad9cbe81631b1d245","d__Bacteria","Acidobacteriota","Vicinamibacteria","Vicinamibacterales","uncultured","uncultured",NA
"a53119b174ea4ac027e94bcfa17c1c05","d__Bacteria","Actinobacteriota","Actinobacteria","Micrococcales","Micrococcaceae",NA,NA
"c0a2edb31861e0ff77730aff993c4253","d__Bacteria","Proteobacteria","Alphaproteobacteria","Rhizobiales","Rhizobiaceae","Allorhizobium-Neorhizobium-Pararhizobium-Rhizobium",NA
"10d23d16f05d95199d9a37bcde5f17ae","d__Bacteria","Actinobacteriota","Actinobacteria","Pseudonocardiales","Pseudonocardiaceae","Pseudonocardia",NA
"58a6ddd73c70eaa1cc3e5744cd56ddde","d__Bacteria","Actinobacteriota","Thermoleophilia","Solirubrobacterales","Solirubrobacteraceae","Conexibacter",NA
"6c40a5947c156114f80359548354d035","d__Bacteria","Proteobacteria","Alphaproteobacteria","Caulobacterales","Caulobacteraceae","Phenylobacterium",NA
"69642d5a8df2600af30595468699fae6","d__Bacteria",NA,NA,NA,NA,NA,NA
"bf9619808a9eb3a8097a8125d935f6b1","d__Bacteria","Cyanobacteria","Cyanobacteriia","Cyanobacteriales","Chroococcidiopsaceae","Aliterella",NA
"4ea86888212dae6afd33fba250007e70","d__Bacteria","Cyanobacteria","Cyanobacteriia","Chloroplast","Chloroplast","Chloroplast",NA
"2880df09ce11301147bb65da267c61a6","d__Bacteria","Firmicutes","Clostridia","Peptostreptococcales-Tissierellales","Family_XI","Peptoniphilus",NA
"4469d9d0d2d51f7ced9274f5fd737204","d__Bacteria","Firmicutes","Bacilli","Lactobacillales","Streptococcaceae","Streptococcus",NA
"d5e5421850560a02410cd1254ebe3f1a","d__Bacteria","Actinobacteriota","Actinobacteria","Micrococcales",NA,NA,NA
"4781eb449318fe393abd7a60cd92e8fd","d__Bacteria","Actinobacteriota","Actinobacteria","Micrococcales","Micrococcaceae","Micrococcus",NA
"19d88ea64440933f2842fded802dbac8","d__Bacteria","Actinobacteriota","Actinobacteria","Micrococcales","Micrococcaceae",NA,NA
"21251a731430cdff25a3b12045a01e85","d__Bacteria","Firmicutes","Bacilli","Staphylococcales","Staphylococcaceae","Staphylococcus",NA
"5b872893bd4a2e08e067149182a23367","d__Bacteria","Bacteroidota","Bacteroidia","Flavobacteriales","Weeksellaceae",NA,NA
"9948d180f448767b0e5e1a90707ab314","d__Bacteria","Firmicutes","Negativicutes","Veillonellales-Selenomonadales","Veillonellaceae","Veillonella",NA
"cf49a85f60fd17021ccd00aea21a5da6","d__Bacteria","Firmicutes","Bacilli","Thermoactinomycetales","Thermoactinomycetaceae","Thermoactinomyces",NA
"d9781abe39c809288997ee85063a48dd","d__Bacteria","Firmicutes","Negativicutes","Veillonellales-Selenomonadales","Veillonellaceae","Megasphaera",NA
"a3296185e0c057c01dd09ad68f765df4","d__Bacteria","Patescibacteria","Saccharimonadia","Saccharimonadales",NA,NA,NA
"3e306baff080c34bfd3eb6de9d2e033a","d__Bacteria","Firmicutes","Clostridia","Peptostreptococcales-Tissierellales","Anaerovoracaceae","Mogibacterium",NA
"546bcd12e4e57693f5e8451383882b34","d__Bacteria","Bacteroidota","Bacteroidia","Bacteroidales","Prevotellaceae",NA,NA
"110667bc8cd703c67c102a9050d5437d","d__Bacteria","Proteobacteria","Alphaproteobacteria","Acetobacterales","Acetobacteraceae",NA,NA
"d809461c4b5929221667dc639e59202f","d__Bacteria","Desulfobacterota","Desulfobulbia","Desulfobulbales","Desulfocapsaceae",NA,NA
"0f57d6da149d3ff34de85f3d99a4b2c9","d__Bacteria","Actinobacteriota","Actinobacteria","Corynebacteriales","Corynebacteriaceae","Corynebacterium",NA
"755fef2ed57aae30ccdd27ff2553f9fd","d__Bacteria","Firmicutes","Clostridia","Eubacteriales","Eubacteriaceae","uncultured",NA
"ab2d9eb94be3ed5462e1c3211b1edcf3","d__Bacteria","Firmicutes","Bacilli","Staphylococcales","Staphylococcaceae","Staphylococcus",NA
"e6aa5375d1da5348276db3ce2515ba55","d__Bacteria","Patescibacteria","Saccharimonadia","Saccharimonadales","LWQ8","LWQ8",NA
"e0278796a28cbfe7b226e3277bf58552","d__Bacteria",NA,NA,NA,NA,NA,NA
"ff6f679b3933e774ea68745a8ccdbdd4","d__Bacteria","Campylobacterota","Campylobacteria","Campylobacterales","Sulfurimonadaceae","Sulfurimonas",NA
"20ca33a5edef8baee424bf5c7f525812","d__Bacteria","Firmicutes","Bacilli","Paenibacillales","Paenibacillaceae","Paenibacillus",NA
"1ba78adcd9ef44af604ab01eb9769c33","d__Bacteria","Firmicutes","Clostridia","Lachnospirales","Lachnospiraceae","Shuttleworthia",NA
"cf0d78a76bcb7fed3eebd0051fe27580","d__Bacteria","Firmicutes","Clostridia","Peptostreptococcales-Tissierellales","Family_XI","Peptoniphilus",NA
"6569482d94c19c4142de1b6fc06616fb","d__Bacteria","Desulfobacterota","Desulfobacteria","Desulfobacterales","Desulfosarcinaceae",NA,NA
"c072baa9e87e559e1bed8bee74ad63a4","d__Bacteria","Bacteroidota","Bacteroidia","Bacteroidales","Prevotellaceae","Prevotella_7",NA
"ecb601e25d47bb0e8c78f7fe678d8d4b","d__Bacteria","Proteobacteria","Alphaproteobacteria","SAR11_clade","Clade_I","Clade_Ia",NA
"256390b57331f9ba34fff341d08d6495","d__Bacteria","Proteobacteria","Alphaproteobacteria","Rhizobiales","Rhizobiaceae","Aureimonas",NA
"65beaa86497051f1ce9b2b93c2dea711","d__Bacteria","Bacteroidota","Bacteroidia","Chitinophagales",NA,NA,NA
"c681c5229ef22b7a2e7674ad7d8d23ab","d__Bacteria","Proteobacteria","Gammaproteobacteria","Pseudomonadales","Halomonadaceae","Halomonas",NA
"1e6d5f04b2c37b3befa4f1ea00cef10d","d__Bacteria","Firmicutes","Clostridia","Peptococcales","Peptococcaceae","Peptococcus",NA
"e81e73eac7b4258bad50f5d197ab81bd","Unassigned",NA,NA,NA,NA,NA,NA
"a932377f3dc21f6e75b1c0f4cdb4f19d","d__Bacteria","Firmicutes","Bacilli","Lactobacillales",NA,NA,NA
"a354bbea088f9c795df54f8dae758c0f","d__Bacteria","Actinobacteriota","Coriobacteriia","Coriobacteriales","Atopobiaceae",NA,NA
"bd9796a3fa9954b20eabe18929477f00","d__Bacteria","Bacteroidota","Bacteroidia","Bacteroidales","Prevotellaceae","Prevotella",NA
"be698e35214aee57a42c037c71fc8e7d","d__Bacteria","Actinobacteriota","Actinobacteria","Bifidobacteriales","Bifidobacteriaceae",NA,NA
"24f22814eca21641ba486746e68ab7fe","d__Bacteria","Firmicutes","Bacilli","Lactobacillales",NA,NA,NA
"36d81c28a266280091506227869e86f8","d__Bacteria","Actinobacteriota","Actinobacteria","Propionibacteriales","Propionibacteriaceae",NA,NA
"70e110cd9ba6fbc01b2672dfe8c98f63","d__Bacteria","Bacteroidota","Bacteroidia","Bacteroidales","Prevotellaceae","Prevotella_7",NA
"36bc711ff84ecec4cfbaad8b7d0a4758","d__Bacteria","Proteobacteria","Gammaproteobacteria","Diplorickettsiales","Diplorickettsiaceae",NA,NA
"cb79bc440df52ca776283a31e78a46bb","d__Bacteria","Proteobacteria","Alphaproteobacteria","Sphingomonadales","Sphingomonadaceae","Sphingomonas",NA
"21db701a7ab31630ae711552edc3f94c","d__Bacteria","Proteobacteria","Alphaproteobacteria","Rhizobiales","Rhizobiaceae",NA,NA
"843a063ea82c65bad3abf29adee53c65","d__Bacteria","Firmicutes","Clostridia","Lachnospirales","Lachnospiraceae",NA,NA
"20c523003b56be13b9a96c3a4e4bddaa","d__Bacteria","Proteobacteria",NA,NA,NA,NA,NA
"c17c5b281896248d01c3987dd3b46927","d__Bacteria","Proteobacteria","Alphaproteobacteria","Rhizobiales","Rhizobiaceae","Martelella",NA
"e1641b73f019b5e1e6428bdada41434c","d__Bacteria","Proteobacteria","Alphaproteobacteria","Rhodobacterales","Rhodobacteraceae",NA,NA
"5d016d6ca3362b91c821ad4f6468997d","d__Bacteria","Actinobacteriota","Actinobacteria","Propionibacteriales","Propionibacteriaceae","Friedmanniella",NA
"5a7c52d8a2e930e4372cf7107c7ceb10","d__Bacteria","Proteobacteria","Gammaproteobacteria","Xanthomonadales","Xanthomonadaceae","Thermomonas",NA
"f152c518774a3f5f498fc70fd9bc6387","d__Bacteria","Proteobacteria","Alphaproteobacteria","Sphingomonadales","Sphingomonadaceae",NA,NA
"9ec181e8d4ce17b86caafc1adbf1d7b5","d__Bacteria","Acidobacteriota","Blastocatellia","Blastocatellales","Blastocatellaceae",NA,NA
"0e0c5e8281fb521cf3255e105ffc7deb","d__Bacteria","Bacteroidota","Bacteroidia","Chitinophagales","Chitinophagaceae","uncultured",NA
"f7ffc80950fad2b32ac4594430e8c8fe","d__Bacteria","Proteobacteria","Gammaproteobacteria","Burkholderiales","Burkholderiaceae","Lautropia",NA
"113a45fc19f395666c90799e120c5c94","d__Bacteria","Actinobacteriota","Coriobacteriia","Coriobacteriales","Atopobiaceae","Coriobacteriaceae_UCG-003",NA
"fc1afcf8857ad7dc0670eebcf7fd0783","d__Bacteria",NA,NA,NA,NA,NA,NA
"99b350c7067c7ab54575dcb12755a0aa","d__Bacteria","Fusobacteriota","Fusobacteriia","Fusobacteriales","Leptotrichiaceae","Leptotrichia",NA
"453a613f6f82ba10074962c6990a2bdf","d__Bacteria","Proteobacteria","Gammaproteobacteria","Burkholderiales","Neisseriaceae","Neisseria",NA
"e44a384073d411a6a6d5f88036a9341c","d__Bacteria","Firmicutes",NA,NA,NA,NA,NA
"f48ea6d86131aba1dca3258518ca5b10","d__Bacteria","Actinobacteriota","Actinobacteria","Actinomycetales","Actinomycetaceae","Actinomyces",NA
"37f897824fc597a5dc3810768fefbbbe","d__Bacteria","Proteobacteria","Gammaproteobacteria","Burkholderiales","Burkholderiaceae","Lautropia",NA
"547067852d2b85b7631378378713b250","d__Bacteria","Proteobacteria","Alphaproteobacteria","Acetobacterales","Acetobacteraceae","Rhodopila",NA
"df7e75c8322701994420319b312ed34c","d__Bacteria","Proteobacteria","Gammaproteobacteria","Burkholderiales","Hydrogenophilaceae","Hydrogenophilus",NA
"4ad1e52436f4583753d9415e06618ed5","d__Bacteria","Acidobacteriota","Vicinamibacteria","Vicinamibacterales","uncultured","uncultured",NA
"168d970b7afc62d79cf16c2493ca5ccf","d__Bacteria","Bacteroidota","Bacteroidia","Flavobacteriales","Flavobacteriaceae","Flavobacterium",NA
"44c5424e7b07ce59f1421697ae78246f","d__Bacteria","Actinobacteriota","Actinobacteria","Frankiales","Geodermatophilaceae",NA,NA
"f01c4029cfc3b42ef46768fa103ef7ef","d__Bacteria","Bacteroidota","Bacteroidia","Bacteroidales","Prevotellaceae","Prevotella_9",NA
"b59730b71d62380393c15979a3a50337","d__Bacteria","Bdellovibrionota","Bdellovibrionia","Bacteriovoracales","Bacteriovoracaceae","Peredibacter",NA
"8fbd84a6246880aa47970549c2c1f967","d__Bacteria","Proteobacteria","Alphaproteobacteria","Sphingomonadales","Sphingomonadaceae","Sandarakinorhabdus",NA
"ffa144e4d2bf017dd1ea17bb5b27d8f7","d__Bacteria","Patescibacteria","Saccharimonadia","Saccharimonadales","LWQ8","LWQ8",NA
"862030521e6fec82e6c78349a09e1d6d","d__Bacteria","Patescibacteria","Saccharimonadia","Saccharimonadales","Saccharimonadales","Saccharimonadales",NA
"ede8378900f9be32e28ccea528553f53","d__Bacteria","Firmicutes","Clostridia","Oscillospirales","Hungateiclostridiaceae",NA,NA
"ced06a3818e167774a02627fac912e02","d__Bacteria","Firmicutes","Bacilli","Paenibacillales","Paenibacillaceae","Paenibacillus",NA
"6b1ed38efae5b8ea4ee740d9b35d3001","d__Bacteria","Bacteroidota","Bacteroidia","Sphingobacteriales","Sphingobacteriaceae","Sphingobacterium",NA
"d49366be647ba6aa452171a3ae131e66","d__Bacteria","Proteobacteria","Alphaproteobacteria","Sphingomonadales","Sphingomonadaceae",NA,NA
"259dfefec24d16d84f11e61888db0e66","d__Bacteria","Fusobacteriota","Fusobacteriia","Fusobacteriales","Fusobacteriaceae","Fusobacterium",NA
"46893f68c85e69db82483bc4b19df504","d__Bacteria","Firmicutes","Clostridia","Lachnospirales","Lachnospiraceae","Stomatobaculum",NA
"0e665d28382e46966cef9a86d63c2c17","d__Bacteria","Firmicutes","Clostridia","Lachnospirales","Lachnospiraceae","Oribacterium",NA
"5e40a5194649e0e638cbe5ef9d245f40","d__Bacteria","Bacteroidota","Bacteroidia","Bacteroidales","Bacteroidaceae","Bacteroides",NA
"9f8c9c1b53a407893d8bf20d6b9364cc","d__Bacteria","Firmicutes","Clostridia","Lachnospirales","Lachnospiraceae",NA,NA
"7fb975691427e04d0ff218b8eeb94c60","d__Bacteria","Proteobacteria","Gammaproteobacteria","Enterobacterales","Enterobacteriaceae",NA,NA
"7dc86987964611969a7220a93cbaed50","d__Bacteria","Actinobacteriota","Acidimicrobiia","IMCC26256","IMCC26256","IMCC26256",NA
"5b4398a47107e8fd0435329e27ac8ff5","d__Bacteria",NA,NA,NA,NA,NA,NA
"856943383562697fba06540d3c3789ea","d__Bacteria","Chloroflexi","Anaerolineae","Caldilineales","Caldilineaceae","uncultured",NA
"7644c9d0180fe42c4301cc8ba819a7b2","d__Bacteria","Chloroflexi","TK10","TK10","TK10","TK10",NA
"2fa58b41967a61c66dedc33f085faca3","d__Bacteria","Actinobacteriota","MB-A2-108","MB-A2-108","MB-A2-108","MB-A2-108",NA
"f783a4e0d53b9665c7b04b3e71d41379","d__Bacteria","Bdellovibrionota","Bdellovibrionia","Bdellovibrionales","Bdellovibrionaceae","OM27_clade",NA
"a724ec9738c49609457cc2b1697de4e9","d__Bacteria","Proteobacteria","Gammaproteobacteria","Pseudomonadales","Moraxellaceae","Acinetobacter",NA
"5082c03be9b9fcd14fa3b3f619dbb628","d__Bacteria","Firmicutes","Bacilli","Bacillales","Planococcaceae",NA,NA
"3a48b7a714199db3eb1f20c3dfbaa510","d__Bacteria","Actinobacteriota","Thermoleophilia","Solirubrobacterales","Solirubrobacteraceae","Solirubrobacter",NA
"4c84d6e68458f26f0c14ba67de6f24a9","d__Bacteria","Proteobacteria","Alphaproteobacteria","Acetobacterales","Acetobacteraceae","Acetobacter",NA
"89b8cbe3671c54561a16dc1a0c323660","d__Bacteria","Firmicutes","Bacilli",NA,NA,NA,NA
"cdf5b52eba0a90cd7480bb6cbcd1b940","d__Bacteria","Actinobacteriota","Actinobacteria","Propionibacteriales","Nocardioidaceae","Aeromicrobium",NA
"7cf26b727e9c1dedb57286582963142a","d__Bacteria","Proteobacteria","Gammaproteobacteria","Burkholderiales","Alcaligenaceae","Alcaligenes",NA
"63c5c4e2f547ac5927b1673888fa6b57","d__Bacteria","Myxococcota","Polyangia","Polyangiales","BIrii41","BIrii41",NA
"19a5e77438b8d9beef89955ab940bdd1","d__Bacteria","Actinobacteriota","Actinobacteria","Pseudonocardiales","Pseudonocardiaceae","Actinomycetospora",NA
"81d213640631f0d95b5b63ee85dd8763","d__Bacteria","Bacteroidota","Bacteroidia","Bacteroidales","Porphyromonadaceae","Porphyromonas",NA
"544c1e6cfbd8b082d8315111a01da27d","d__Bacteria","Verrucomicrobiota","Chlamydiae","Chlamydiales","Parachlamydiaceae","Neochlamydia",NA
"c562b40e25f380159e2c5ad11716a420","d__Bacteria","Bacteroidota","Bacteroidia",NA,NA,NA,NA
"e849ec8eb2db12ebf7bc35eb21246ea6","d__Bacteria","Desulfobacterota","Desulfobacteria","Desulfobacterales","Desulfobacteraceae",NA,NA
"c17ab7679115811b01ad07b177ba48cb","d__Bacteria","Acidobacteriota","Thermoanaerobaculia","Thermoanaerobaculales","Thermoanaerobaculaceae","Subgroup_10",NA
"a5c2f83d8ccbaefae7af1d29e3683b3f","d__Bacteria","Actinobacteriota","WCHB1-81","WCHB1-81","WCHB1-81","WCHB1-81",NA
"57e586aa4a0ec962a42426f0cb8ee948","d__Bacteria","Synergistota","Synergistia","Synergistales","Synergistaceae","Jonquetella",NA
"0c39a037c462c55ed48474979607309d","d__Bacteria","Actinobacteriota","Actinobacteria","Propionibacteriales","Nocardioidaceae","Actinopolymorpha",NA
"c0f6f20ec382645e9c5da1daad37c141","d__Bacteria","Firmicutes","Clostridia","Oscillospirales","Oscillospiraceae","UCG-003",NA
"49d4d3073895ee042962bba42516c899","d__Bacteria","Proteobacteria","Alphaproteobacteria","Rhizobiales","Rhizobiaceae","Allorhizobium-Neorhizobium-Pararhizobium-Rhizobium",NA
"d493759e8d4ca760776f5b9660e84e85","d__Bacteria","Actinobacteriota","Actinobacteria","Bifidobacteriales","Bifidobacteriaceae","Gardnerella",NA
"33efc39981801ce9d34678a5487f3ab8","d__Bacteria","Proteobacteria","Gammaproteobacteria","Burkholderiales","Comamonadaceae",NA,NA
"b11f525d1a33ddee13edf77fabb623f3","d__Bacteria","Firmicutes","Bacilli","Paenibacillales","Paenibacillaceae","Paenibacillus",NA
"5f2948ebd1df9ef3e067fcf9c6b943c5","d__Bacteria","Firmicutes","Desulfotomaculia","Desulfotomaculales","Desulfotomaculales_Incertae_Sedis","Desulfallas-Sporotomaculum",NA
"81d91019e13d1cbbb82922e9b81f85d7","d__Bacteria","Proteobacteria","Alphaproteobacteria","Sphingomonadales","Sphingomonadaceae","Sphingobium",NA
"dacb27999c03b166c4a021fa6266d962","d__Bacteria","Fibrobacterota","Fibrobacteria","Fibrobacterales","TG3","TG3",NA
"309664f75d36d6366487517ff74b0d90","d__Bacteria","Firmicutes","Bacilli","Lactobacillales","Lactobacillaceae","Levilactobacillus",NA
"46a35c828cef9716b6433a0fc4393e84","d__Bacteria","Proteobacteria","Gammaproteobacteria","Burkholderiales","Comamonadaceae",NA,NA
"e61173caeab8d392c51e6f32cd8114a8","d__Bacteria","Firmicutes","Clostridia","Clostridiales","Clostridiaceae","Clostridium_sensu_stricto_13",NA
"eb15a89cbcc4e3efc28eb9d653fb09e3","d__Bacteria","Firmicutes","Bacilli","Alicyclobacillales","Alicyclobacillaceae","Alicyclobacillus",NA
"cc8339d1a375863609110e70b3071213","d__Bacteria","Firmicutes","Clostridia","Lachnospirales","Lachnospiraceae",NA,NA
"c62057ea4efc87558fbf309ab4015cc9","d__Bacteria","Actinobacteriota","Coriobacteriia","Coriobacteriales","Eggerthellaceae","uncultured",NA
"26d24805059db8fe254590ab172dbcaa","d__Bacteria","Firmicutes","Clostridia","Oscillospirales","[Eubacterium]_coprostanoligenes_group","[Eubacterium]_coprostanoligenes_group",NA
"e5b9a74ee9da0a7cee8a0236fded4546","d__Bacteria","Proteobacteria","Gammaproteobacteria","Enterobacterales","Erwiniaceae","Pantoea",NA
"d709f327b8967d1e0c8bfff8825d0b43","d__Bacteria","Bacteroidota","Bacteroidia",NA,NA,NA,NA
"7a1cd43cc109421312a68979b7090fe3","d__Bacteria","Proteobacteria","Alphaproteobacteria","Sphingomonadales","Sphingomonadaceae","Sphingobium",NA
"e0c71135d8450d899c2a9aa99b8b9484","d__Bacteria","Proteobacteria","Gammaproteobacteria","Diplorickettsiales","Diplorickettsiaceae","Aquicella",NA
"fd1720359affc8c57c245939afcc045d","d__Bacteria","Cyanobacteria","Cyanobacteriia","Cyanobacteriales","Nostocaceae",NA,NA
"0e5e42e09d7586c52d4ccee3e594d7de","d__Bacteria","Fusobacteriota","Fusobacteriia","Fusobacteriales","Leptotrichiaceae","Leptotrichia",NA
"87ed5563abfeeac77f191ae73a956559","d__Bacteria","Planctomycetota","Planctomycetes","Pirellulales","Pirellulaceae","Pir4_lineage",NA
"032b66fd4aa4f8bfbe98c1847b2cb4b9","d__Bacteria","Firmicutes","Clostridia","Peptostreptococcales-Tissierellales","Peptostreptococcaceae","Romboutsia",NA
"193dd9ae978fbbf807f05cf86c7ba820","d__Bacteria","Firmicutes","Bacilli","Lactobacillales","Streptococcaceae","Streptococcus",NA
"88d2eb30e85049abe5e247c4ad2175a7","d__Bacteria","Firmicutes","Bacilli","Lactobacillales","Streptococcaceae","Streptococcus",NA
"83572314db228dbd937c57b495ca7ae8","d__Bacteria","Firmicutes","Bacilli",NA,NA,NA,NA
"936672f0f973eb170ffb403df9f264a7","d__Bacteria","Bacteroidota","Bacteroidia","Bacteroidales","Prevotellaceae","Prevotella_7",NA
"7f22f5f930e1a7a4428812a34b81e419","d__Bacteria","Bacteroidota","Bacteroidia","Bacteroidales","Prevotellaceae",NA,NA
"f847d24a20a2c3801caa95f0a16c5be7","d__Bacteria","Firmicutes","Negativicutes","Veillonellales-Selenomonadales","Selenomonadaceae",NA,NA
"8ec38ce6ab74eb792fad38488614efe3","d__Bacteria",NA,NA,NA,NA,NA,NA
"fac2580874ec0d486091636d89712620","d__Bacteria","Bacteroidota","Bacteroidia","Bacteroidales","Prevotellaceae",NA,NA
"fa2e550e87ce88c9afbf0093a7defbff","d__Bacteria",NA,NA,NA,NA,NA,NA
"02bd7cd4fbd341424b05207295e01980","d__Bacteria","Bacteroidota","Bacteroidia","Bacteroidales","Porphyromonadaceae","Porphyromonas",NA
"99b11435ab810cbbcb1b7c8b1962a1b2","d__Bacteria","Firmicutes","Clostridia","Peptostreptococcales-Tissierellales","Family_XI","Finegoldia",NA
"5cf7439ec733a0056b78dec7cf499825","d__Bacteria",NA,NA,NA,NA,NA,NA
"40795c1d12b6ef35ca16a0252e27ca96","d__Bacteria","Actinobacteriota","Actinobacteria","Actinomycetales","Actinomycetaceae","Actinobaculum",NA
"66109ad866989699185b0b27df1c8dd1","d__Bacteria","Firmicutes","Bacilli","Lactobacillales","Enterococcaceae",NA,NA
"070caf25ee31e376a2c1b1043694e136","d__Bacteria","Firmicutes","Bacilli","Staphylococcales","Staphylococcaceae","Staphylococcus",NA
"642d4635d59c4c7ca1f81b8b371b338a","d__Bacteria","Bacteroidota","Bacteroidia","Flavobacteriales","Weeksellaceae","Chryseobacterium",NA
"44ba774c6267419f39720a93c6d05533","d__Bacteria","Actinobacteriota","Acidimicrobiia","IMCC26256","IMCC26256","IMCC26256",NA
"5e8b5de515ea976b9318ac90d3c8a341","d__Bacteria","Firmicutes","Bacilli","Paenibacillales","Paenibacillaceae","Cohnella",NA
"c18f36504cd472795c5e0ef7a9853299","d__Bacteria","Firmicutes","Negativicutes","Veillonellales-Selenomonadales","Selenomonadaceae","Selenomonas",NA
"ffd14dbb7641ff7730a0cbb60f89c975","d__Bacteria","Bacteroidota","Bacteroidia","Bacteroidales","Prevotellaceae",NA,NA
"7c7824ca163d3ec4a301bf08306c8711","d__Bacteria","Myxococcota","Polyangia","Haliangiales","Haliangiaceae","Haliangium",NA
"b088f394304231541f8be4ef2120587b","d__Bacteria","Firmicutes","Bacilli","Bacillales","Planococcaceae","Lysinibacillus",NA
"4d5aca757509736aebfbdbc2e84faf81","d__Bacteria","Firmicutes","Bacilli","Staphylococcales","Staphylococcaceae","Staphylococcus",NA
"aeca54531f483b00d1dabfcfbfbb4ae8","d__Bacteria","Proteobacteria","Gammaproteobacteria","Pseudomonadales","Pseudomonadaceae","Pseudomonas",NA
"dc998a820ac12cd44a1f76f601470807","d__Bacteria","Actinobacteriota","Actinobacteria","Propionibacteriales","Nocardioidaceae",NA,NA
"312f0dc338f92fee1e10e74804b9ea96","d__Bacteria","Actinobacteriota","Actinobacteria","Propionibacteriales","Propionibacteriaceae","Cutibacterium",NA
"510c530127a629fb6d72bba021f99344","d__Bacteria","Proteobacteria","Gammaproteobacteria","Burkholderiales","Oxalobacteraceae",NA,NA
"f13fb64e08939a337367b410dda23993","d__Bacteria","Firmicutes","Bacilli","Lactobacillales","Streptococcaceae","Streptococcus",NA
"7037f0f515f1734e24aeeab152c608c2","d__Bacteria","Actinobacteriota","Coriobacteriia","Coriobacteriales","Atopobiaceae","Atopobium",NA
"753201f7ebf071ef7f5e290e58f01465","d__Bacteria","Proteobacteria","Alphaproteobacteria","Rhizobiales","Rhizobiaceae",NA,NA
"ff600a219039b84ebb02b0ffb19dc7c7","d__Bacteria","Firmicutes","Negativicutes","Veillonellales-Selenomonadales","Veillonellaceae","Dialister",NA
"094d5e640ff1e81b813d12ad7dd550a5","d__Bacteria","Actinobacteriota","Coriobacteriia","Coriobacteriales","Atopobiaceae",NA,NA
"6a178f57852842eaceb8c870d043105b","d__Bacteria",NA,NA,NA,NA,NA,NA
"c84b3aab59e1f29cfbacd484fdab3aa9","d__Bacteria","Firmicutes","Bacilli","Bacillales","Marinococcaceae","Marinococcus",NA
"a708c6f5c4e7928c0d6e6ee008eb7f83","d__Bacteria","Acidobacteriota","Acidobacteriae","Acidobacteriales","Acidobacteriaceae_(Subgroup_1)",NA,NA
"92d79c2267cf564579228d4d6691cf13","d__Bacteria","Proteobacteria","Gammaproteobacteria","Burkholderiales","Oxalobacteraceae","Massilia",NA
"d332660e60b4aae4b1d45a5ae1391b32","d__Bacteria","Actinobacteriota","Actinobacteria","Corynebacteriales","Nocardiaceae","Gordonia",NA
"247086b5620c75a46892eaadf0ee088d","d__Bacteria","Proteobacteria","Gammaproteobacteria","Enterobacterales","Enterobacteriaceae","Escherichia-Shigella",NA
"2f378ce2d2da5450feaa906ca4d6d654","d__Bacteria","Actinobacteriota","Actinobacteria",NA,NA,NA,NA
"078e35e35e9b104ff87b87f346d95312","d__Bacteria","Firmicutes","Negativicutes","Veillonellales-Selenomonadales","Selenomonadaceae",NA,NA
"ff713f6b0080170ebf0b3412653fc098","d__Bacteria","Firmicutes","Bacilli","Lactobacillales","Streptococcaceae","Streptococcus",NA
"b1d95e0b87d2d9cd16d7590f23944e4d","d__Bacteria","Chloroflexi","Chloroflexia","Thermomicrobiales","JG30-KF-CM45","JG30-KF-CM45",NA
"e5d9e5f70855ab5e0889c0a06bb51be3","d__Bacteria","Firmicutes","Clostridia","Lachnospirales","Lachnospiraceae",NA,NA
"f377223a47297971f9af8259e9be51ff","d__Bacteria","Firmicutes","Bacilli","Staphylococcales","Staphylococcaceae","Staphylococcus",NA
"6973c33697c9cc2cd1dc0670c9ad23e7","d__Bacteria","Bacteroidota","Bacteroidia","Chitinophagales","Chitinophagaceae","uncultured",NA
"5023c534c4237b9507451d2235681c4c","d__Bacteria","Proteobacteria","Alphaproteobacteria","Rhizobiales","Xanthobacteraceae",NA,NA
"46d698f4fc55002068113e006c9a8f2a","d__Bacteria","Patescibacteria","Saccharimonadia","Saccharimonadales",NA,NA,NA
"96acf751e6fceacbdc692b3cc6c559da","d__Bacteria","Actinobacteriota","Actinobacteria","Micrococcales","Dermatophilaceae","uncultured",NA
"dff0721e3ca825fe0b141b22ca731633","d__Bacteria","Proteobacteria","Alphaproteobacteria","Rhizobiales","Rhizobiales_Incertae_Sedis","uncultured",NA
"15c05aa47b35c0fc8738fc368b51f21b","d__Bacteria","Proteobacteria","Gammaproteobacteria","Enterobacterales",NA,NA,NA
"acc9455d66690e1dc5c55cdfad9b651d","d__Bacteria","Actinobacteriota","Actinobacteria","Pseudonocardiales","Pseudonocardiaceae","Actinomycetospora",NA
"f6024e5bf8363ab565eec82b0cb3f316","d__Bacteria","Bacteroidota","Bacteroidia","Bacteroidales","Porphyromonadaceae","Porphyromonas",NA
"c8989f763c2525165cf051d0a4299f08","d__Bacteria","Firmicutes","Bacilli","Bacillales","Bacillaceae","Anoxybacillus",NA
"66a9a92a24ae1caecb0c19c8fdc31b5e","d__Bacteria","Firmicutes","Bacilli","Lactobacillales","Aerococcaceae","Facklamia",NA
"fd2433ae54f98929c18db8748a83c43f","d__Bacteria",NA,NA,NA,NA,NA,NA
"ba9e5e1cd8990ca32d2b685d6bf9bd65","d__Bacteria","Actinobacteriota","Actinobacteria","Actinomycetales","Actinomycetaceae","Varibaculum",NA
"ec9f6e574a13f0ee6ba92d1868b37f77","d__Bacteria","Acidobacteriota","Vicinamibacteria","Subgroup_17","Subgroup_17","Subgroup_17",NA
"c32f7f13c8913d8763b14702b18e2d20","d__Bacteria","Proteobacteria","Alphaproteobacteria","Defluviicoccales","Defluviicoccaceae","Defluviicoccus",NA
"ad7a1f1c97d7b7f4305d7a3f3223b57e","d__Bacteria","Patescibacteria","Gracilibacteria","JGI_0000069-P22","JGI_0000069-P22","JGI_0000069-P22",NA
"39b5fd428501666f38db749faeca2834","d__Bacteria","Proteobacteria","Gammaproteobacteria","Burkholderiales","Neisseriaceae","Neisseria",NA
"c70371b0f7f09bf478a0728cc9f91393","d__Bacteria","Proteobacteria","Gammaproteobacteria","Burkholderiales","Neisseriaceae",NA,NA
"5fd9bc3a0eda3181d7e68fe32d066615","d__Bacteria","Fusobacteriota","Fusobacteriia","Fusobacteriales","Leptotrichiaceae","Leptotrichia",NA
"c59e30856b29bca7929c230c982ce81e","d__Bacteria","Chloroflexi","Chloroflexia","Thermomicrobiales","JG30-KF-CM45","JG30-KF-CM45",NA
"cc5376b251e8e84a70a696ff2bc0480c","d__Bacteria","Cyanobacteria","Cyanobacteriia","Cyanobacteriales","Microcystaceae","Chalicogloea_CCALA_975",NA
"c900ba4f4194f16d77e2d95844e2f8ed","d__Bacteria","Proteobacteria","Gammaproteobacteria",NA,NA,NA,NA
"2914e6ba2726d609352e6e1a6293c367","d__Bacteria","Proteobacteria","Alphaproteobacteria","Rickettsiales","Mitochondria","Mitochondria",NA
"37ebae068cd71f5b47e09a46a6e8047e","d__Bacteria","Firmicutes","Clostridia","Peptostreptococcales-Tissierellales","Family_XI","Parvimonas",NA
"bacea5738b7b674c669ab2c6f18a52f0","d__Bacteria","Bacteroidota","Bacteroidia","Flavobacteriales","Weeksellaceae",NA,NA
"81ce0a7536c2ee184297955bd59fb233","d__Bacteria","Firmicutes","Clostridia","Christensenellales","Christensenellaceae",NA,NA
"daf7e36853897806b6eb8c456c062671","d__Bacteria","Proteobacteria","Gammaproteobacteria","Pseudomonadales","Pseudomonadaceae","Pseudomonas",NA
"3fd8eb3a304eec244fd48fc2b0e89ca5","d__Bacteria","Firmicutes","Clostridia","Peptostreptococcales-Tissierellales","Family_XI","Peptoniphilus",NA
"85caa1d4d5b9b46ed76d1e4d34a5d307","d__Bacteria","Firmicutes","Clostridia","Clostridiales","Clostridiaceae",NA,NA
"ebfa41551494d8e906ae2a39e0a1f714","d__Bacteria","Firmicutes","Bacilli","Staphylococcales","Gemellaceae","Gemella",NA
"5f2f9c5b56fed17a85419252643c61cf","d__Bacteria","Proteobacteria","Alphaproteobacteria",NA,NA,NA,NA
"8c1906f5a15bcc0854c07302d22e98dd","d__Bacteria","Proteobacteria","Gammaproteobacteria","Pseudomonadales","Pseudomonadaceae","Pseudomonas",NA
"cd91b4eaf9a07be32d1da6412bc0e92f","d__Bacteria","Proteobacteria","Gammaproteobacteria","Pseudomonadales","Nitrincolaceae",NA,NA
"a0af10eaf69fe5235b1e258b8dc08a76","d__Bacteria","Myxococcota","Myxococcia","Myxococcales","Myxococcaceae",NA,NA
"5ce77cf3ed28c437b5321f07eb94e51c","d__Bacteria","Firmicutes","Bacilli","Lactobacillales","Lactobacillaceae","Levilactobacillus",NA
"05a1ded0ad214c96a9877a5dda062035","d__Bacteria","Proteobacteria","Alphaproteobacteria","Rhizobiales","Beijerinckiaceae","Methylobacterium-Methylorubrum",NA
"9dd0f9a4dc9b1af4a92244c2ebcba5a2","d__Bacteria","Actinobacteriota","Actinobacteria","Propionibacteriales","Propionibacteriaceae","Cutibacterium",NA
"bbc76415ba4dd0a01ca1f340c76f1e91","d__Bacteria","Firmicutes","Clostridia","Christensenellales","Christensenellaceae","Christensenellaceae_R-7_group",NA
"9a6c0d53b358f59826d557b166ab1642","d__Bacteria","Firmicutes","Bacilli","Lactobacillales","Lactobacillaceae","Limosilactobacillus",NA
"c207accca05571303ed6a1f1472d2f94","d__Bacteria","Proteobacteria","Gammaproteobacteria","Pseudomonadales","Moraxellaceae","Acinetobacter",NA
"993ccb7ba4b36902a92e8278c8997214","d__Bacteria","Firmicutes","Bacilli","Staphylococcales","Staphylococcaceae","Staphylococcus",NA
"6c3efa5c575518c13a1ba7ca9f1701ff","d__Bacteria","Firmicutes","Clostridia","Lachnospirales","Lachnospiraceae",NA,NA
"737c94f595fade67485146de6e590e30","d__Bacteria","Proteobacteria","Gammaproteobacteria","R7C24","R7C24","R7C24",NA
"434b11b3680a8ddb27a4e11ba489da38","d__Bacteria","Planctomycetota","Planctomycetes","Pirellulales","Pirellulaceae","Pir4_lineage",NA
"5e04868e2010689907a791d0a5a06ea4","d__Bacteria","Firmicutes","Bacilli","Lactobacillales","Carnobacteriaceae","Atopostipes",NA
"aa6b62a41ce6c8d17a1e2ce5ee2c892a","d__Bacteria","Verrucomicrobiota","Chlamydiae","Chlamydiales","Parachlamydiaceae","Neochlamydia",NA
"2ac42b6bce868a26ce06c8d5d964864c","d__Bacteria","Firmicutes","Negativicutes","Veillonellales-Selenomonadales","Veillonellaceae","Veillonella",NA
"acc2eb0fccf85219aceaff485a53cbc5","d__Bacteria","Actinobacteriota","Actinobacteria",NA,NA,NA,NA
"ffeb017893fa34f7aaefa712e463d558","d__Bacteria","Firmicutes","Bacilli","Lactobacillales","Enterococcaceae","Enterococcus",NA
"59050b70e22b192402bc5f246bd0557d","d__Bacteria","Firmicutes","Clostridia","Peptostreptococcales-Tissierellales","Peptostreptococcaceae","Peptostreptococcus",NA
"03c7433e082f95e9c1da448913396a2e","d__Bacteria",NA,NA,NA,NA,NA,NA
"7440ae55e41f9bff1096b00248efee3e","d__Bacteria","Bacteroidota","Bacteroidia","Bacteroidales","Tannerellaceae","Tannerella",NA
"2340e1e7e4136cac08eba45d91450ea1","d__Bacteria","Fusobacteriota","Fusobacteriia","Fusobacteriales","Leptotrichiaceae","Sneathia",NA
"0eece9467e3cf7dc4cd6240f0839f616","d__Bacteria","Actinobacteriota","Actinobacteria","Frankiales","Geodermatophilaceae",NA,NA
"9e827959c0ff91f0348850c6c87b598f","d__Bacteria","Cyanobacteria","Cyanobacteriia","Chloroplast","Chloroplast","Chloroplast",NA
"32d651a0b16c9d8bf272ba2fe0fc2b28","d__Bacteria","Acidobacteriota","Blastocatellia","Blastocatellales","Blastocatellaceae",NA,NA
"90614648ce34cb9f0a7fd7cc9539b868","d__Bacteria","Firmicutes","Clostridia","Peptostreptococcales-Tissierellales","Family_XI","Peptoniphilus",NA
"8c160a4e1ea4589659ebbce1ac0d5674","d__Bacteria","Acidobacteriota","Blastocatellia","Blastocatellales","Blastocatellaceae",NA,NA
"97bb70b0079457d3739de3ff49dda477","d__Bacteria","Chloroflexi","Anaerolineae","RBG-13-54-9","RBG-13-54-9","RBG-13-54-9",NA
"6b83340fa6b7c7d23717b810a7c34c27","d__Bacteria","Verrucomicrobiota","Chlamydiae","Chlamydiales","Parachlamydiaceae",NA,NA
"c9a17872669ae3b1f2e199f7433b0bf5","d__Bacteria","Proteobacteria","Alphaproteobacteria","Tistrellales","Geminicoccaceae","Candidatus_Alysiosphaera",NA
"bdf1c8473eec0a846cce0da23dfe0d1a","d__Bacteria","Proteobacteria","Gammaproteobacteria","R7C24","R7C24","R7C24",NA
"f6fcddab47d4c5f2dbf014ecf26d2b6f","d__Bacteria","Chloroflexi","Ktedonobacteria","C0119","C0119","C0119",NA
"2517ed067335f633587618c62e766a95","d__Bacteria","Bacteroidota","Bacteroidia","Flavobacteriales","Weeksellaceae","Chryseobacterium",NA
"e660d16f340b205dba2afb14696ad5be","d__Bacteria","Proteobacteria","Gammaproteobacteria","Cardiobacteriales","Cardiobacteriaceae","Cardiobacterium",NA
"21632d6ca5fbd19e661ea05ede687924","d__Bacteria","Firmicutes","Bacilli","Lactobacillales","Lactobacillaceae",NA,NA
"d38591d5f963195848aad9f6d427b925","d__Bacteria","Bacteroidota","Bacteroidia","Bacteroidales","Prevotellaceae","Prevotella",NA
"d02f025a432f6426e9e80c4a08f203fa","d__Bacteria","Actinobacteriota","Actinobacteria","Actinomycetales","Actinomycetaceae","Actinomyces",NA
"5a505d503cc47cd8c13f8ffd82278d7f","d__Bacteria","Actinobacteriota","Actinobacteria",NA,NA,NA,NA
"c7221e8f489ecc0229a9ec2eef889397","d__Bacteria","Verrucomicrobiota","Chlamydiae","Chlamydiales","Criblamydiaceae","Estrella",NA
"aaa4fdc09c88aff5384f034787726146","d__Bacteria","Planctomycetota","Planctomycetes","Isosphaerales","Isosphaeraceae","Tundrisphaera",NA
"98e76c2ceca436a0030f8a5d7d581fd4","d__Bacteria","Firmicutes","Clostridia","Lachnospirales","Lachnospiraceae",NA,NA
"8ca55eeadb19ed9331268fbfb8594f72","d__Bacteria","Cyanobacteria","Cyanobacteriia","Chloroplast","Chloroplast","Chloroplast",NA
"4cb90f55049408691c4caaced7afb130","d__Bacteria","Firmicutes","Clostridia","Oscillospirales","Ruminococcaceae","Incertae_Sedis",NA
"acfb11a482e97c9027cf6c9e0eb45ed5","d__Bacteria","Bacteroidota","Bacteroidia","Flavobacteriales","Flavobacteriaceae","Capnocytophaga",NA
"1dd3da9c11ac98614f968c605995da36","Unassigned",NA,NA,NA,NA,NA,NA
"498b1a6e165c9e514995dff466660bba","d__Bacteria","Firmicutes","Bacilli","Lactobacillales","Carnobacteriaceae","Jeotgalibaca",NA
"2c27db09d7802ef77210be4d2702391b","d__Bacteria","Bacteroidota","Bacteroidia","Bacteroidales","Prevotellaceae",NA,NA
"22e3254421c6272c96c3e5cd6ad9b4e3","d__Bacteria","Actinobacteriota","Thermoleophilia","Solirubrobacterales","Solirubrobacteraceae","Conexibacter",NA
"7508a6b2c56e2eb4e4711c536a389cf9","d__Bacteria","Firmicutes","Clostridia","Lachnospirales","Lachnospiraceae",NA,NA
"2e1efb885f5465693ebe4149cde2dcf7","d__Bacteria","Firmicutes","Bacilli","Lactobacillales","Streptococcaceae","Streptococcus",NA
"e5407b9d298884c8fe548575b39fb7e8","d__Bacteria","Actinobacteriota","Actinobacteria","Propionibacteriales","Propionibacteriaceae",NA,NA
"49b2e2af1f596d07ed33dfa8808fb59d","d__Bacteria","Firmicutes","Clostridia","Peptostreptococcales-Tissierellales","Family_XI","Anaerococcus",NA
"95e2a7203d11ca2b4a2fbd30c88455fe","d__Bacteria","Bdellovibrionota","Oligoflexia","0319-6G20","0319-6G20","0319-6G20",NA
"9d73e51414e8957112b75731cb871ea2","d__Bacteria","Actinobacteriota","Actinobacteria","Micromonosporales","Micromonosporaceae",NA,NA
"7e5f82b27edbdb6a2f0b4bf4a3d9fc3c","d__Bacteria",NA,NA,NA,NA,NA,NA
"9f9fd68663b2b740af23de2ea74e85a1","d__Bacteria","Chloroflexi","Chloroflexia","Thermomicrobiales","JG30-KF-CM45","JG30-KF-CM45",NA
"40dc36638c4cb7f0d1717082efab3d35","d__Bacteria","Planctomycetota","Planctomycetes","Isosphaerales","Isosphaeraceae",NA,NA
"e9e78b3599acacca6d429c0e66cb883b","d__Bacteria","Proteobacteria","Alphaproteobacteria","Acetobacterales","Acetobacteraceae","Roseomonas",NA
"c006e4667813f186c75682ede46a9c27","d__Bacteria","Chloroflexi","KD4-96","KD4-96","KD4-96","KD4-96",NA
"61a05faf7b4d9ccec9384ae7c2d2b31c","d__Bacteria","Actinobacteriota","Actinobacteria","Propionibacteriales","Nocardioidaceae","Nocardioides",NA
"efd1af48cdd046e64dde2ba2d6bee32c","d__Bacteria","Chloroflexi","Chloroflexia","Thermomicrobiales","JG30-KF-CM45","JG30-KF-CM45",NA
"a18152c75544ff3a96d291286a4716ba","d__Bacteria","Actinobacteriota","Thermoleophilia","Gaiellales","uncultured","uncultured",NA
"a49d17b42ae3016051ce5fd927bd5fff","d__Bacteria","Actinobacteriota","Actinobacteria","Propionibacteriales","Propionibacteriaceae","Microlunatus",NA
"33796df17851760bfdfd1a73d9f1b00f","d__Bacteria","Desulfobacterota","Desulfobulbia","Desulfobulbales","Desulfobulbaceae","Candidatus_Electrothrix",NA
"a37a91c75e370998b250a5364358403c","d__Bacteria","Desulfobacterota","Desulfobacteria","Desulfobacterales",NA,NA,NA
"20acedc14a2c75b6d1f775274440433e","d__Bacteria",NA,NA,NA,NA,NA,NA
"2c7342d11bf2af32d000261eb67b9e86","d__Bacteria","Calditrichota","Calditrichia","Calditrichales","Calditrichaceae","Calditrichaceae",NA
"48cc668116a346dfe883d8c6afa0399e","d__Bacteria","Bacteroidota","Bacteroidia","Flavobacteriales","Flavobacteriaceae","Flavobacterium",NA
"988eef177e9dceba772506db634c23f3","d__Bacteria","Actinobacteriota","Actinobacteria","Bifidobacteriales","Bifidobacteriaceae","Gardnerella",NA
"82dabc4ef6eb7b3ceae9e937f132e5fb","d__Bacteria","Proteobacteria","Alphaproteobacteria","Rhodobacterales","Rhodobacteraceae",NA,NA
"758efd99cd6c7704f0d02a1933d8e4c9","d__Bacteria","Firmicutes","Clostridia","Peptostreptococcales-Tissierellales","Family_XI","W5053",NA
"c0483ec57502a6e0fc98927f33c9192a","d__Bacteria","Actinobacteriota","Actinobacteria","Corynebacteriales","Mycobacteriaceae","Mycobacterium",NA
"5f7b14bd1e5a1f209a4baa2482acec15","d__Bacteria","Bacteroidota","Bacteroidia","Bacteroidales","Prevotellaceae","Prevotella_7",NA
"b56d60fe66340356957cd3a48d587c1f","d__Bacteria","Actinobacteriota","Actinobacteria","Corynebacteriales","Corynebacteriaceae","Corynebacterium",NA
"6ee45519d249245131b4392afb7df810","d__Bacteria","Actinobacteriota","Actinobacteria","Corynebacteriales","Corynebacteriaceae","Corynebacterium",NA
"c4ecfb2cd10f423d9a804b6f0262a80a","d__Bacteria","Firmicutes","Bacilli","Lactobacillales","Streptococcaceae","Streptococcus",NA
"ca79f7f550fcbdcdb9856f25e958ae18","d__Bacteria","Actinobacteriota","Actinobacteria","Micrococcales","Brevibacteriaceae","Brevibacterium",NA
"884f171190a39ba11ec8ac82f33c368b","d__Bacteria","Patescibacteria","Saccharimonadia","Saccharimonadales","Saccharimonadales","Saccharimonadales",NA
"3adf075c640be25d26e9a12e3fd13071","d__Bacteria","Dependentiae","Babeliae","Babeliales",NA,NA,NA
"e74590ba264a3df8330bfb2307c694b6","d__Bacteria","Acidobacteriota","Blastocatellia","11-24","11-24","11-24",NA
"69a6a61ec70714f98349186283dbb887","d__Bacteria","Actinobacteriota","Actinobacteria","Streptosporangiales","Thermomonosporaceae","Actinoallomurus",NA
"6824c6ff3dfcad7545019c5040b24f88","d__Bacteria","Firmicutes","Bacilli","Lactobacillales","Lactobacillaceae","Ligilactobacillus",NA
"191bdde815dd5be7903c7b2f602fe267","d__Bacteria","Proteobacteria","Gammaproteobacteria","Legionellales","Legionellaceae","Legionella",NA
"03bc1c74eed17509ca75e3f4f6722e79","d__Bacteria","Actinobacteriota","Actinobacteria","Propionibacteriales","Propionibacteriaceae","Microlunatus",NA
"2c8eef67527b94858b31853ddde42065","d__Bacteria","Bdellovibrionota","Oligoflexia","0319-6G20","0319-6G20","0319-6G20",NA
"59794fa32510ef2b0821c189b5b79208","d__Bacteria","Planctomycetota","Planctomycetes","Isosphaerales","Isosphaeraceae","Paludisphaera",NA
"3899bccd00dfdc71e7244fc6d87003aa","d__Bacteria","Cyanobacteria","Cyanobacteriia","Chloroplast","Chloroplast","Chloroplast",NA
"b213dab78b42457f96b42d8fee8c8196","d__Bacteria","Proteobacteria","Alphaproteobacteria","Sphingomonadales","Sphingomonadaceae",NA,NA
"23b1f0aecd8dbd3099eca31185bccae0","d__Bacteria","Planctomycetota","Phycisphaerae","Phycisphaerales","Phycisphaeraceae","AKYG587",NA
"53c4e657367e7f8a96fd2f59ca809618","d__Bacteria","Proteobacteria","Gammaproteobacteria",NA,NA,NA,NA
"d1a20c1333cb0876aab9cc7e6d7ad7c0","d__Bacteria","Actinobacteriota","Actinobacteria",NA,NA,NA,NA
"d1d1a3cd6c2427407e9e0d45287d9356","d__Bacteria","Proteobacteria","Alphaproteobacteria",NA,NA,NA,NA
"fcf713dbb00e6385e94b820ac97af84f","d__Bacteria","Chloroflexi","KD4-96","KD4-96","KD4-96","KD4-96",NA
"b5a376fff97e5d0b6729e356659740ff","d__Bacteria","Bacteroidota","Bacteroidia","Bacteroidales","Prevotellaceae",NA,NA
"66a337ff26d2c373396c5eb3a59b5685","d__Bacteria","Firmicutes","Limnochordia","M55-D21","M55-D21","M55-D21",NA
"66ebb1d152335891e3a1379689dd4d76","d__Bacteria","Chloroflexi","Chloroflexia","Thermomicrobiales","JG30-KF-CM45","JG30-KF-CM45",NA
"3ce01298c655dfd3fa98787a59a35eda","d__Bacteria","Firmicutes","Bacilli","Lactobacillales","Listeriaceae","Listeria",NA
"ff6f342e4aa64e6c354da88727d33ad8","d__Bacteria","Firmicutes","Thermoanaerobacteria","Thermoanaerobacterales","Family_III","Thermoanaerobacterium",NA
"74930171ac1978616cd2a6c3a6b7b083","d__Bacteria","Bacteroidota","Bacteroidia","Flavobacteriales","Flavobacteriaceae","Flavobacterium",NA
"1bff0356e7fb582e03c9316ab4bb605d","d__Bacteria","Fusobacteriota","Fusobacteriia","Fusobacteriales","Fusobacteriaceae","Fusobacterium",NA
"e9fbe58e90843a41c553a9cf77c57dbd","d__Bacteria","Firmicutes","Clostridia","Lachnospirales","Lachnospiraceae",NA,NA
"3cf16dd6dd78423902c6bd6559dd8938","d__Bacteria","Patescibacteria","Gracilibacteria","Absconditabacteriales_(SR1)","Absconditabacteriales_(SR1)","Absconditabacteriales_(SR1)",NA
"3bed0019675ea49f5c6f289170b7f8c3","d__Bacteria","Firmicutes","Clostridia","Peptostreptococcales-Tissierellales","Family_XI","Finegoldia",NA
"af1fe2b4f1c4d0c2035254b2dea66aa3","d__Bacteria","Bacteroidota","Bacteroidia","Bacteroidales","Porphyromonadaceae","Porphyromonas",NA
"fe4a74747a2e2f02181461fab860785f","d__Bacteria","Actinobacteriota","Actinobacteria","Actinomycetales","Actinomycetaceae","Actinomyces",NA
"57cd99d0f6ab20e76c3404eae6766e19","d__Bacteria","Actinobacteriota","Actinobacteria",NA,NA,NA,NA
"043da898eb0a183acee76bd57d042c42","d__Bacteria","Proteobacteria","Gammaproteobacteria","Enterobacterales","Enterobacteriaceae",NA,NA
"6968631759f2d015c5fd005a97aa3b11","d__Bacteria","Actinobacteriota","Actinobacteria","Bifidobacteriales","Bifidobacteriaceae","Gardnerella",NA
"39f9e1bbeb1be20308db43b8336a4e8a","d__Bacteria","Actinobacteriota","Actinobacteria","Bifidobacteriales","Bifidobacteriaceae","Bifidobacterium",NA
"eb09ee198803338cc6b14fd258ea66c2","d__Bacteria","Firmicutes","Clostridia","Peptostreptococcales-Tissierellales","Family_XI","Peptoniphilus",NA
"177566fb29fc91c0f0064d4713675fa3","d__Bacteria","Fusobacteriota","Fusobacteriia","Fusobacteriales","Leptotrichiaceae","Leptotrichia",NA
"e3a30e448742320ab292ad3ca1a69a0a","d__Bacteria",NA,NA,NA,NA,NA,NA
"165e5c6c258f2efd04c5baadaab00c86","d__Bacteria","Verrucomicrobiota","Chlamydiae","Chlamydiales","Parachlamydiaceae",NA,NA
"6cc1b259d38f4b69bd1ab33e09e54798","d__Bacteria","Proteobacteria","Gammaproteobacteria","Burkholderiales","Burkholderiaceae","Lautropia",NA
"c429ff910484379ea5911e00628b2460","d__Bacteria","Planctomycetota","Planctomycetes","Isosphaerales","Isosphaeraceae","uncultured",NA
"7403b49495e88b962cf01c30ac93cc15","d__Bacteria","Proteobacteria","Alphaproteobacteria","Acetobacterales","Acetobacteraceae",NA,NA
"311e60c7e3fb1b1bc927a0afae5fa683","d__Bacteria","Actinobacteriota","Actinobacteria","Actinomycetales","Actinomycetaceae","Actinomyces",NA
"2f9378d091eb80c7e134086c709ba300","d__Bacteria","Proteobacteria","Gammaproteobacteria","Burkholderiales","Neisseriaceae",NA,NA
"445bb8364533e903cdc0e24f9ec4cfd3","d__Bacteria","Proteobacteria","Gammaproteobacteria","Burkholderiales","Rhodocyclaceae","Zoogloea",NA
"5b8d283ff5728de25954f1313df8950a","d__Bacteria","Firmicutes","Clostridia","Lachnospirales","Lachnospiraceae",NA,NA
"2874a08c929056a11ca6d7187067dfcf","d__Bacteria","Actinobacteriota","Actinobacteria","Actinomycetales","Actinomycetaceae","Actinomyces",NA
"ec4106371c87c2efa468e1fd493c747d","d__Bacteria","Firmicutes","Bacilli","Lactobacillales","Streptococcaceae","Streptococcus",NA
"2a6732dd50b00bdc74a62235cb060148","d__Bacteria","Dependentiae","Babeliae","Babeliales","Babeliaceae","Babeliaceae",NA
"838209a21183740d33ef349c30240392","Unassigned",NA,NA,NA,NA,NA,NA
"0ecc4f6622c341d9498196bf6261a447","d__Bacteria","Proteobacteria","Alphaproteobacteria","Rickettsiales","Mitochondria","Mitochondria",NA
"693f6eb08c7ad419c8a9704d7ad56ef4","d__Bacteria","Proteobacteria","Gammaproteobacteria","Burkholderiales","Comamonadaceae",NA,NA
"33deed1968701b2847aa1e0f49591108","d__Bacteria","Firmicutes","Bacilli","Lactobacillales","Lactobacillaceae","Lactobacillus",NA
"404f12506f25acef5c38ccf4b03c9ced","d__Bacteria","Firmicutes","Bacilli","Bacillales","Bacillaceae","Virgibacillus",NA
"cdfe9a0994511f74c4420d7dea951190","d__Bacteria","Proteobacteria","Alphaproteobacteria","Rhizobiales","Rhizobiaceae",NA,NA
"3602089842465f148a7e2828e3324064","d__Bacteria","Bacteroidota","Bacteroidia","Bacteroidales","Prevotellaceae","Prevotella",NA
"a21b789446215d6a38623c68d75e148e","d__Bacteria","Firmicutes","Bacilli","Staphylococcales","Staphylococcaceae","Staphylococcus",NA
"34f78095c22dac1b633077a5071ce161","d__Bacteria","Dependentiae","Babeliae","Babeliales",NA,NA,NA
"9e776969e5d553ae8fc37ab24415ecde","d__Bacteria","Actinobacteriota","Actinobacteria","Actinomycetales","Actinomycetaceae","Actinomyces",NA
"33561ab105257b23b38b62451c347260","d__Bacteria","Actinobacteriota","Actinobacteria",NA,NA,NA,NA
"e56d982b4c8cfcf211cc6bb8972bb695","d__Bacteria",NA,NA,NA,NA,NA,NA
"94bf86a2e40b44398d2bfa147a6ef0ab","d__Bacteria",NA,NA,NA,NA,NA,NA
"e5ec868fe2dac106ab33eaf0b603b5ab","d__Bacteria","Firmicutes","Clostridia","Oscillospirales","Ruminococcaceae","Candidatus_Soleaferrea",NA
"fc745eee936b22ba7ec230482d6c2080","d__Bacteria","Firmicutes","Clostridia","Lachnospirales","Lachnospiraceae",NA,NA
"df85acad86c5bf91706f872961234e03","d__Bacteria","Proteobacteria","Alphaproteobacteria","Rickettsiales","Mitochondria","Mitochondria",NA
"c938860ae9a17586ca02dd7db506496e","d__Bacteria","Bacteroidota","Bacteroidia","Flavobacteriales","Weeksellaceae",NA,NA
"8243aaf1fba60817357ab33192b240fe","d__Bacteria","Bacteroidota","Bacteroidia","Cytophagales","Microscillaceae","Ohtaekwangia",NA
"a8e63b5d3a12f3b66723770bc5ace3ac","d__Bacteria","Firmicutes","Bacilli","Bacillales","Bacillaceae","Fictibacillus",NA
"3eed81cf2a7bd468c3e07886608fe87a","d__Bacteria","Proteobacteria","Alphaproteobacteria","Rhizobiales","Rhizobiales_Incertae_Sedis","Alsobacter",NA
"acba998c6378042583344ae066fb2a12","d__Bacteria","Actinobacteriota","Thermoleophilia","Gaiellales",NA,NA,NA
"660ba9657201370ece552c545eaeaf9e","d__Bacteria","Firmicutes","Bacilli","Paenibacillales","Paenibacillaceae",NA,NA
"cf39003c37f1c0c954053980382c2b96","d__Bacteria","Patescibacteria","Saccharimonadia","Saccharimonadales","LWQ8","LWQ8",NA
"a03c6d65534b927fcab9843526356f0f","d__Bacteria","Bdellovibrionota","Oligoflexia","0319-6G20","0319-6G20","0319-6G20",NA
"ad396acb24a81e850cd23e616dbd0cbf","d__Bacteria","Actinobacteriota","Thermoleophilia","Solirubrobacterales","Solirubrobacteraceae","Conexibacter",NA
"fc8e56056c61cf68bebebe436046a809","d__Bacteria","Actinobacteriota","Thermoleophilia","Gaiellales","uncultured","uncultured",NA
"7bbf18865a8e63c2f43ac3fbb9ba6e23","d__Bacteria","Actinobacteriota","Acidimicrobiia","Actinomarinales","uncultured","uncultured",NA
"f01351cf9157201f3da6a1f2b31f342d","d__Bacteria","Firmicutes","Bacilli","Lactobacillales","Streptococcaceae","Streptococcus",NA
"179f733ad0ae9b0472d8884ce410f4cd","d__Bacteria","Verrucomicrobiota","Chlamydiae","Chlamydiales","Parachlamydiaceae","Neochlamydia",NA
"eda55ca287383e19d4bb95c0f2d5ee35","d__Bacteria","Actinobacteriota","Thermoleophilia","Solirubrobacterales","67-14","67-14",NA
"9a6ff5e97d4af6e4664c81f047ef6abc","d__Bacteria","Firmicutes","Bacilli","Erysipelotrichales","Erysipelotrichaceae","Turicibacter",NA
"d95591e74047e04d3cfc2a6e3b05d05a","d__Bacteria","Bacteroidota","Bacteroidia","Bacteroidales","Porphyromonadaceae","Porphyromonas",NA
"8f62a751cbe4f457fb65d78504dce16a","d__Bacteria","Campylobacterota","Campylobacteria","Campylobacterales","Campylobacteraceae","Campylobacter",NA
"2bdfafe5a10b6414ca7b89b3404a8015","d__Bacteria","Acidobacteriota","Vicinamibacteria","Vicinamibacterales","Vicinamibacteraceae","Vicinamibacteraceae",NA
"4bedd6898b07fc21bb3a4d716b68e793","d__Bacteria","Actinobacteriota","Coriobacteriia","Coriobacteriales","Atopobiaceae","Atopobium",NA
"7928937ca23e665ccd4b9f286dbf5475","d__Bacteria","Bacteroidota","Bacteroidia","Cytophagales","Cyclobacteriaceae","uncultured",NA
"950b82bc74c89b45e7150c00a28567a6","d__Bacteria","Firmicutes","Bacilli","Staphylococcales","Staphylococcaceae","Staphylococcus",NA
"b0996e56cbe0a9d17497e1f0b380cc97","d__Bacteria","Planctomycetota","Planctomycetes","Isosphaerales","Isosphaeraceae","Tundrisphaera",NA
"e90ef361ebeb8205de94c4c69a028f0f","d__Bacteria","Actinobacteriota","Actinobacteria","Corynebacteriales","Corynebacteriaceae","Corynebacterium",NA
"6d4ea76d52bb5fc38486ae457fb58479","d__Bacteria","Proteobacteria","Gammaproteobacteria","Enterobacterales",NA,NA,NA
"188bd3142e4cd65c7741393a7e8c4602","d__Bacteria","Patescibacteria","Saccharimonadia","Saccharimonadales","Saccharimonadaceae","TM7a",NA
"c8e7d3230d9baa645f3fc70bc1202b78","d__Bacteria","Myxococcota","Myxococcia","Myxococcales","Myxococcaceae",NA,NA
"acb2a92176981fa5299103a5cc6567f9","d__Bacteria","Proteobacteria","Alphaproteobacteria","Acetobacterales","Acetobacteraceae",NA,NA
"e680906689f3b3d1a0ea2863d3eadad0","d__Bacteria","Proteobacteria","Alphaproteobacteria","Rhizobiales","Xanthobacteraceae","uncultured",NA
"f1a6544a674772608bf91dd50a519c02","d__Bacteria","Firmicutes","Clostridia","Oscillospirales","Hungateiclostridiaceae",NA,NA
"bbf6644219e227b238efd78054034440","d__Bacteria","Proteobacteria","Alphaproteobacteria","Rhizobiales","Rhizobiales_Incertae_Sedis","Phreatobacter",NA
"f60fff219a152db156b591e3ce82c8be","d__Bacteria","Proteobacteria","Alphaproteobacteria","Acetobacterales","Acetobacteraceae","Rubritepida",NA
"909bb807ee667bb79c855130b0933d79","d__Bacteria","Deinococcota","Deinococci","Deinococcales","Deinococcaceae","Deinococcus",NA
"cf89d2bc25aae46d860cd67e7adb7acb","d__Bacteria","Actinobacteriota","Actinobacteria","Corynebacteriales","Corynebacteriaceae","Corynebacterium",NA
"9940f511aedcc443fe11c913ef7a3a55","d__Bacteria","Firmicutes","Bacilli","Staphylococcales","Staphylococcaceae","Staphylococcus",NA
"3ee2fb79fbd47acfb77394ff96140381","d__Bacteria","Firmicutes","Negativicutes","Veillonellales-Selenomonadales","Veillonellaceae","Dialister",NA
"695b3994a4cee7ddd5ba4870d4cf73df","d__Bacteria","Proteobacteria","Gammaproteobacteria","Pseudomonadales","Pseudomonadaceae","Pseudomonas",NA
"51a33bd35c9d3cc48b8fff4b46a07f40","d__Bacteria","Firmicutes","Bacilli","Lactobacillales","Vagococcaceae","Vagococcus",NA
"e33ed9b00e9e543c816fb7118fe9f13d","d__Bacteria","Actinobacteriota","Actinobacteria","Corynebacteriales","Corynebacteriaceae","Corynebacterium",NA
"6e23e64f07df5e1ee7d9dd9a9d456b7a","d__Bacteria","Cyanobacteria","Cyanobacteriia","Cyanobacteriales",NA,NA,NA
"f7a1588315148964640fdcb8f5ae8087","d__Bacteria","Proteobacteria","Alphaproteobacteria",NA,NA,NA,NA
"5c49f95eff36e441d7348914e59a7afc","d__Bacteria",NA,NA,NA,NA,NA,NA
"aca93a8187e329f1e1befe26d156fbf4","d__Bacteria",NA,NA,NA,NA,NA,NA
"52b48b09f28f269c9d67eef04d7196a3","d__Bacteria","Bacteroidota","Bacteroidia","Flavobacteriales","Flavobacteriaceae",NA,NA
"e256f7e1932ed3c3a005322ac389384d","d__Bacteria","Actinobacteriota","Actinobacteria","Propionibacteriales","Propionibacteriaceae","Friedmanniella",NA
"11804a46a1ed271f7d1d0c9e5ef294a8","d__Bacteria","Firmicutes","Bacilli","Lactobacillales",NA,NA,NA
"50976dd8cbc1eefb2eff5a4224a27807","d__Bacteria","Proteobacteria","Alphaproteobacteria","Rickettsiales","AB1","AB1",NA
"b4029b30f2a2433f81344be9b1a84354","d__Bacteria","Actinobacteriota","Thermoleophilia","Solirubrobacterales","67-14","67-14",NA
"7b583e7937308c59882fca2d5236b462","d__Bacteria","Actinobacteriota","Actinobacteria","Micrococcales","Micrococcales_Incertae_Sedis","Timonella",NA
"b3be863dcddff7798bcee5281ec6f663","d__Bacteria","Actinobacteriota","Actinobacteria","Corynebacteriales","Corynebacteriaceae","Corynebacterium",NA
"933a44939537b2f21e9e29aacb18f17b","d__Bacteria","Proteobacteria","Gammaproteobacteria","Enterobacterales","Pasteurellaceae",NA,NA
"1521953f63a8713ca5e2a4ba39ddd028","d__Bacteria","Actinobacteriota","Actinobacteria","Micrococcales","Micrococcaceae","Kocuria",NA
"db465ea4bbc36471d742063f77001163","d__Bacteria","Chloroflexi","KD4-96","KD4-96","KD4-96","KD4-96",NA
"7f080255dfc8165a1a1cec718b6e188e","d__Bacteria","Actinobacteriota","Actinobacteria","Frankiales",NA,NA,NA
"f856aa92f40b06174d1d0731084ac112","d__Bacteria","Firmicutes","Clostridia","Lachnospirales","Lachnospiraceae",NA,NA
"c3c60529ebf249e107058eb29b1b8537","d__Bacteria","Actinobacteriota","Coriobacteriia","Coriobacteriales","Atopobiaceae","Atopobium",NA
"4ac27ea5c9cd3fd439797a1bd03658b4","d__Bacteria","Bacteroidota","Bacteroidia","Bacteroidales","Prevotellaceae","Alloprevotella",NA
"1a38996ddd3668a663ddd15845daa7b8","d__Bacteria","Firmicutes","Bacilli","Lactobacillales","Streptococcaceae","Streptococcus",NA
"659004ab3155e183ea0e8bf599df98c8","d__Bacteria","Proteobacteria","Gammaproteobacteria","Enterobacterales","Enterobacteriaceae",NA,NA
"db944059f1605f5a0030464be6782dc0","d__Bacteria","Bacteroidota","Bacteroidia","Bacteroidales","Prevotellaceae",NA,NA
"004e40a3cf4ac2e61c71702d3f9dc8bd","d__Bacteria","Actinobacteriota","Actinobacteria","Bifidobacteriales","Bifidobacteriaceae",NA,NA
"010febb34dbfb24c27a2ba07df117d36","d__Bacteria","Firmicutes","Clostridia",NA,NA,NA,NA
"294d8dfa3c3f3d064bf9686329dbc862","d__Bacteria","Firmicutes","Bacilli","Lactobacillales","Streptococcaceae","Streptococcus",NA
"c587976caaa690a64d72381538749f7d","d__Bacteria",NA,NA,NA,NA,NA,NA
"657874ac3554095466eb34c357983645","d__Bacteria","Bacteroidota","Bacteroidia","Bacteroidales","Prevotellaceae",NA,NA
"c4a3bfa27bb3a34e761c1f07eac5ee62","d__Bacteria","Firmicutes","Clostridia","Peptostreptococcales-Tissierellales","Family_XI","Anaerococcus",NA
"fbe6ae4ef258379e7e06d69fd1f8e5a3","d__Bacteria","Bacteroidota","Bacteroidia","Bacteroidales","Prevotellaceae",NA,NA
"2bc61125ffe1e57318b4e90dd1d28cf7","d__Bacteria","Patescibacteria","Parcubacteria",NA,NA,NA,NA
"ccc6122c4a83cb3ebf4dd4db98e0bc6a","d__Bacteria","Actinobacteriota","Actinobacteria","Propionibacteriales","Nocardioidaceae","Nocardioides",NA
"cd55beef63ab4fe1684a4ac319f1ce42","d__Bacteria","Cyanobacteria","Cyanobacteriia","Chloroplast","Chloroplast","Chloroplast",NA
"9a1e77078c09b068408228fee4d587c9","d__Bacteria","Firmicutes","Bacilli","Lactobacillales","Streptococcaceae","Streptococcus",NA
"cd2e2b67fe4d8663c873638ec7bbf7b3","d__Bacteria","Firmicutes","Negativicutes","Veillonellales-Selenomonadales","Veillonellaceae","Dialister",NA
"7cf0b8eccc2126ea2b760d44c93212f8","d__Bacteria",NA,NA,NA,NA,NA,NA
"bef582397e7634593ef6407306321df6","d__Bacteria","Bacteroidota","Bacteroidia","Bacteroidales","Prevotellaceae","Prevotella_7",NA
"1a18e49d6b9e9bcc933b965f973b5c9c","d__Bacteria","Proteobacteria","Alphaproteobacteria","Sphingomonadales","Sphingomonadaceae",NA,NA
"01ab26ecff91fe9a5f690c00a1bab8f8","d__Bacteria","Actinobacteriota","Actinobacteria","Micrococcales","Micrococcaceae",NA,NA
"4d55990cdda5f16e17f459635d87e200","d__Bacteria","Cyanobacteria","Cyanobacteriia","Chloroplast","Chloroplast","Chloroplast",NA
"75ca2965e1a1bc20608bd1f6f1032e88","d__Bacteria","Firmicutes","Clostridia","Peptostreptococcales-Tissierellales","Family_XI","Anaerococcus",NA
"e1c7b642bc97fb9e8d307813a9442799","d__Bacteria","Bacteroidota","Bacteroidia","Chitinophagales","Chitinophagaceae","Segetibacter",NA
"f9cd6af03f8dc8f595dfca22879de5fd","d__Bacteria","Firmicutes","Bacilli","Paenibacillales","Paenibacillaceae","Paenibacillus",NA
"4de9dee870b720a517fad6274d9a441c","d__Bacteria",NA,NA,NA,NA,NA,NA
"ac53c12a6680cb0a62f8dfb9b4bb4304","d__Bacteria","Firmicutes","Bacilli","Staphylococcales","Staphylococcaceae",NA,NA
"e73d8495c3a6c48091f977e32872ccdb","d__Bacteria","Actinobacteriota","Thermoleophilia","Solirubrobacterales","Solirubrobacteraceae","Solirubrobacter",NA
"104625f7a3b0bee79a190e01f3c3590c","d__Bacteria","Firmicutes","Bacilli","Brevibacillales","Brevibacillaceae","Brevibacillus",NA
"17f02e26928d4eaa0140a7a41f5346db","d__Bacteria","Actinobacteriota","Actinobacteria","Bifidobacteriales","Bifidobacteriaceae","Bifidobacterium",NA
"a40cb435426d27ccc0a300753e6397fa","d__Bacteria","Bacteroidota","Bacteroidia","Sphingobacteriales","Sphingobacteriaceae",NA,NA
"215c0568ce717209e33aa21d43f3b256","d__Bacteria","Proteobacteria","Alphaproteobacteria","Rhizobiales","Beijerinckiaceae","Microvirga",NA
"59eea0a696ddbbe1a725971d4fe8e5aa","d__Bacteria","Firmicutes","Bacilli","Lactobacillales","Lactobacillaceae","Liquorilactobacillus",NA
"63d84b524a038d9d885a7d4370aad5ba","d__Bacteria","Firmicutes","Bacilli","Lactobacillales","Streptococcaceae","Streptococcus",NA
"5ae2dee7fd01599cc6fbbb8852b70b32","d__Bacteria",NA,NA,NA,NA,NA,NA
"8f757b13cbb73157baa6c0a41e80fa0a","d__Bacteria","Proteobacteria","Gammaproteobacteria","Enterobacterales","Enterobacteriaceae",NA,NA
"30353498a24afa65fff848615fc28bf7","d__Bacteria","Firmicutes","Clostridia","Oscillospirales","Hungateiclostridiaceae",NA,NA
"ff40de55bf1e660b9f24c57831bb7a1c","d__Bacteria","Patescibacteria","Saccharimonadia","Saccharimonadales","WWH38","WWH38",NA
"120d621c0250be0d4e50c8394d175ce6","d__Bacteria","Cyanobacteria","Cyanobacteriia","Leptolyngbyales","Leptolyngbyaceae","Leptolyngbya_Es-Yyy1000",NA
"158e1906f78e87691ad758f9ad77dcd0","d__Bacteria",NA,NA,NA,NA,NA,NA
"12b972649e24a7d38abd73f0e1292af0","d__Bacteria","Proteobacteria","Alphaproteobacteria","Rhizobiales","D05-2","D05-2",NA
"438dc10455292574d668f02d5adc979b","d__Bacteria","Firmicutes","Bacilli","Bacillales","Bacillaceae",NA,NA
"2b0e12831d600d24b6894833517d06ba","d__Bacteria","Actinobacteriota","Actinobacteria","Streptomycetales","Streptomycetaceae",NA,NA
"41ecd85a734b1c19f2c9c0827aa2e04f","d__Bacteria","Proteobacteria","Gammaproteobacteria","Xanthomonadales","Xanthomonadaceae",NA,NA
"3ae764dff2d3512efeaf02f011c77272","d__Bacteria","Firmicutes",NA,NA,NA,NA,NA
"b540bd9a71db4bbc13b58b4665efa87b","d__Bacteria","Firmicutes","Bacilli","Lactobacillales","Streptococcaceae","Streptococcus",NA
"b4d8d61a05480f4148d78abeb2c4c1b2","d__Bacteria","Actinobacteriota","Actinobacteria","Propionibacteriales","Nocardioidaceae","Nocardioides",NA
"af460b988c75053b1a2341aa194ba81c","d__Bacteria","Actinobacteriota","Actinobacteria","Propionibacteriales","Propionibacteriaceae","Luteococcus",NA
"2d5002869d4a354f4b9e4b8fd7292783","d__Bacteria",NA,NA,NA,NA,NA,NA
"3980c570855f4e286dc3540ed0c4d131","d__Bacteria","Proteobacteria","Gammaproteobacteria","Pseudomonadales","Moraxellaceae","Enhydrobacter",NA
"69c5992411ca89d7573c53489a34f1e9","d__Bacteria","Chloroflexi","Chloroflexia","Thermomicrobiales","JG30-KF-CM45","JG30-KF-CM45",NA
"778b030d574ffdaa67ac0b998c759e88","d__Bacteria","Proteobacteria","Alphaproteobacteria","Acetobacterales","Acetobacteraceae",NA,NA
"4177e555e03c906a34e740b1cf8833f3","d__Bacteria","Chloroflexi","Anaerolineae","Ardenticatenales","Ardenticatenaceae","uncultured",NA
"887f62bba5c9620aeb32bc6df4057cde","d__Bacteria","Proteobacteria","Gammaproteobacteria","Pseudomonadales","Halieaceae",NA,NA
"df6387c0c898f8249fe36e89e96dd600","Unassigned",NA,NA,NA,NA,NA,NA
"f6c569f98e0dae145e224d3cfe14735b","d__Bacteria","Actinobacteriota","Actinobacteria","Propionibacteriales","Nocardioidaceae","Nocardioides",NA
"8c817f002c72fd402d36fddce4a6aa7a","d__Bacteria",NA,NA,NA,NA,NA,NA
"cab2ea5e485742a568cbfde647f67cf1","d__Bacteria","Firmicutes","Clostridia","Oscillospirales","Ruminococcaceae","UBA1819",NA
"9a5b39266988114ea51309374d1744c1","d__Bacteria","Bacteroidota","Bacteroidia","Chitinophagales","Chitinophagaceae","Chitinophaga",NA
"895ff543d5e272f630662284d54344f9","d__Bacteria","Actinobacteriota","Actinobacteria","Actinomycetales","Actinomycetaceae","Actinomyces",NA
"f8c26c4c1dec5f609986f2ae64f5df6d","d__Bacteria","Bacteroidota","Bacteroidia","Bacteroidales","Prevotellaceae","Prevotella_7",NA
"4f0f38a233946c4f42c0678270e9161a","d__Bacteria","Bacteroidota","Bacteroidia","Sphingobacteriales","Sphingobacteriaceae","Sphingobacterium",NA
"64a47222af16b3e0ae74deb21fc9a8ed","d__Bacteria","Chloroflexi","Chloroflexia","Thermomicrobiales","JG30-KF-CM45","JG30-KF-CM45",NA
"5b418dbcd24f8cd603ea9eaa283e8ff5","d__Bacteria","Firmicutes","Bacilli","Staphylococcales","Staphylococcaceae","Staphylococcus",NA
"ecfafd076c5918a6f462b039b669cbed","d__Bacteria","Actinobacteriota","Actinobacteria","Propionibacteriales","Propionibacteriaceae","Tessaracoccus",NA
"daacc092d4058377d9dd1f27a474fa85","d__Bacteria","Patescibacteria","Dojkabacteria","Dojkabacteria","Dojkabacteria","Dojkabacteria",NA
"218dae0bfd3aa966ce46e33a93827c61","d__Bacteria","Proteobacteria","Gammaproteobacteria","Legionellales","Legionellaceae","Legionella",NA
"4ad9b1264a87c150de99c471ebfbcbd6","d__Bacteria","Actinobacteriota","Actinobacteria","Corynebacteriales","Mycobacteriaceae","Mycobacterium",NA
"dddf93d97b2fdb485e9fd92116ca2374","d__Bacteria","Actinobacteriota","Actinobacteria","Corynebacteriales","Corynebacteriaceae","Corynebacterium",NA
"0931b64719190cf8806e1f5902f51011","d__Bacteria","Proteobacteria","Gammaproteobacteria","Pseudomonadales","Moraxellaceae","Psychrobacter",NA
"d4d7a7d954dd0368bdbdcdbf385adc22","d__Bacteria","Actinobacteriota","Actinobacteria","Corynebacteriales","Corynebacteriaceae","Corynebacterium",NA
"0f6fac557c622b7365c3c60072f180b1","d__Bacteria","Firmicutes","Bacilli","Lactobacillales","Streptococcaceae","Streptococcus",NA
"745c28faf4317856a0cc2923796e542c","d__Bacteria","Proteobacteria","Alphaproteobacteria","Rhizobiales","Xanthobacteraceae",NA,NA
"5dc0f4cbc85630afcc1c095d91470d26","d__Bacteria","Bacteroidota","Bacteroidia","Bacteroidales","Prevotellaceae","Prevotella_9",NA
"398c61d33551a5f7ee206e0eec6eb596","d__Bacteria","Proteobacteria","Gammaproteobacteria","Legionellales","Legionellaceae","Legionella",NA
"d77affdf2a1e3357ffed4f1ee19e70dd","d__Bacteria","Proteobacteria","Gammaproteobacteria",NA,NA,NA,NA
"632956f767817e30c9b5bac4b70e5318","d__Bacteria","Actinobacteriota","Actinobacteria","Corynebacteriales","Corynebacteriaceae",NA,NA
"7cb02e310ab0c9798af5f9dd45ccfbd1","d__Bacteria","Proteobacteria","Alphaproteobacteria","Acetobacterales","Acetobacteraceae",NA,NA
"2e1074e4633ea00b7c6555bfe0af402f","d__Bacteria","Chloroflexi","Ktedonobacteria","Ktedonobacterales","Ktedonobacteraceae",NA,NA
"26eda61b73f207e7cac62b055235b7b1","d__Bacteria","Actinobacteriota","Actinobacteria","Propionibacteriales","Propionibacteriaceae","Pseudopropionibacterium",NA
"e2a07d38b2781627217a47e88c99944d","d__Bacteria","Firmicutes","Bacilli","Bacillales","Bacillaceae",NA,NA
"bd571c47739e4fe158fcb63f4da7feaf","d__Bacteria","Firmicutes","Bacilli","Lactobacillales","Carnobacteriaceae","Alloiococcus",NA
"d7b1010cd7de39ce74167ec115ef1910","d__Bacteria","Firmicutes","Clostridia","Lachnospirales","Lachnospiraceae",NA,NA
"8991b8ab66872275cc098b6234b69f41","d__Bacteria",NA,NA,NA,NA,NA,NA
"f480d98b5cb82095f66d82143a0f044d","d__Bacteria","Firmicutes","Clostridia","Lachnospirales","Lachnospiraceae","Catonella",NA
"560d4a48c43e6f693b3a4b6668b94304","d__Bacteria","Firmicutes","Clostridia","Peptostreptococcales-Tissierellales","Anaerovoracaceae","Mogibacterium",NA
"f0d5e4a609fc4bd9f3c6aa078fdb0ccf","d__Bacteria",NA,NA,NA,NA,NA,NA
"10e836749994031cfa7cccae2aff6d71","d__Bacteria","Firmicutes","Thermacetogenia","Thermacetogeniales","Thermacetogeniaceae","Syntrophaceticus",NA
"007f4fedf46ebe84a0556949915f7f86","d__Bacteria","Actinobacteriota","Actinobacteria","Corynebacteriales","Corynebacteriales_Incertae_Sedis","Tomitella",NA
"b5457870b72a779c75c0517a27fe6872","d__Bacteria","Deinococcota","Deinococci","Deinococcales","Deinococcaceae","Deinococcus",NA
"faf4e2c970160fa5aa328fdeab4c74ed","d__Bacteria","Planctomycetota","Planctomycetes","Planctomycetales","Rubinisphaeraceae","uncultured",NA
"8512c3dcd4405061a59992877d300447","d__Bacteria","Proteobacteria","Gammaproteobacteria","Burkholderiales","Comamonadaceae","Delftia",NA
"57587c30bdf8e0a62705c3a7ae721eb0","Unassigned",NA,NA,NA,NA,NA,NA
"3559afbba725aa91e0801a1c877704cb","d__Bacteria","Actinobacteriota","Coriobacteriia","Coriobacteriales","Atopobiaceae",NA,NA
"04cf1ee74278f07f178a56edaf947b8e","d__Bacteria","Patescibacteria","Saccharimonadia","Saccharimonadales","Saccharimonadaceae",NA,NA
"3f4875b9e381f532219ff427a6578bb7","d__Bacteria",NA,NA,NA,NA,NA,NA
"9161ed5c0d5a9c95a7be976098852f4c","d__Bacteria","Actinobacteriota","Actinobacteria","Actinomycetales","Actinomycetaceae","Actinomyces",NA
"84e010291fd7954b917f1a392c5430e5","d__Bacteria","Actinobacteriota","Actinobacteria","Micrococcales",NA,NA,NA
"fb99e224f7b1292600b22f38034e53cd","d__Bacteria",NA,NA,NA,NA,NA,NA
"4f4b42ae8c281ce55eba3581f86dbb6f","d__Bacteria","Actinobacteriota","Actinobacteria","Bifidobacteriales","Bifidobacteriaceae",NA,NA
"b67d8bf6fb57ae3fa4d08102d9d29721","d__Bacteria",NA,NA,NA,NA,NA,NA
"85cd9235fe66728235ccfa24d98129e3","d__Bacteria","Firmicutes","Clostridia","Peptostreptococcales-Tissierellales","Family_XI","Anaerococcus",NA
"aad8b40d2c4f35d84f02ebba4ed970fa","d__Bacteria","Proteobacteria","Gammaproteobacteria","Pseudomonadales","Pseudomonadaceae","Pseudomonas",NA
"193e6bec5f1a18ece0932916f74b9bd6","d__Bacteria","Proteobacteria","Gammaproteobacteria","Burkholderiales","Neisseriaceae",NA,NA
"1316f754a7cc6019280ef3305a2432e9","d__Bacteria","Firmicutes","Bacilli","Lactobacillales","Aerococcaceae","Abiotrophia",NA
"d12548442dc9e6c257290600381a936c","d__Bacteria","Firmicutes","Bacilli","Staphylococcales","Staphylococcaceae","Staphylococcaceae",NA
"76421ce522730a9d07032878f9db4889","d__Bacteria",NA,NA,NA,NA,NA,NA
"bbd79d2570da8525357e5376ad4cb44a","d__Bacteria","Actinobacteriota","Acidimicrobiia","Microtrichales","Ilumatobacteraceae","CL500-29_marine_group",NA
"dbde6fea69cb06cc0c572b3e2be1ee5b","d__Bacteria","Bacteroidota","Bacteroidia","Sphingobacteriales","Sphingobacteriaceae","Mucilaginibacter",NA
"b3bf2bc358190f76fff4577edbc7a89b","d__Bacteria","Chloroflexi","TK10","TK10","TK10","TK10",NA
"85499e795fce0d1c69ef8e71915ba708","d__Bacteria","Firmicutes","Bacilli","Thermoactinomycetales","Thermoactinomycetaceae","Laceyella",NA
"252460074a9aa18747e4f3459a27e0d1","d__Bacteria","Chloroflexi","Dehalococcoidia","S085","S085","S085",NA
"1e4f3e5bd8f0f117aa941ed2c747e56f","d__Bacteria","Proteobacteria","Alphaproteobacteria","Rhizobiales",NA,NA,NA
"668a91f590fe03b8d781500f61f7de30","d__Bacteria","Bdellovibrionota","Bdellovibrionia","Bacteriovoracales","Bacteriovoracaceae","Peredibacter",NA
"5ad46757266121abe1af1265c77b129f","d__Bacteria","Firmicutes","Bacilli","Erysipelotrichales","Erysipelotrichaceae",NA,NA
"5fd0029b10d040d130a669d636ac8c84","d__Bacteria","Actinobacteriota","Thermoleophilia","Gaiellales",NA,NA,NA
"a6765577cbded6ed5c84c6c6341fecae","d__Bacteria","Firmicutes","Bacilli","Lactobacillales","Lactobacillaceae","Lactobacillus",NA
"f3aab36b2558ee8e87c6f25bdbaec3ce","d__Bacteria","Bacteroidota","Bacteroidia","Bacteroidales","Prevotellaceae","Prevotella_7",NA
"a5a34b98adbfe1850fb13054bcb465a8","d__Bacteria","Bacteroidota","Bacteroidia","Bacteroidales","Prevotellaceae","Prevotella_7",NA
"2602549d96a93cc6b029af7bdb6316c0","d__Bacteria","Actinobacteriota","Actinobacteria","Micrococcales","Micrococcaceae","Rothia",NA
"22ccff1be779630507c5ff42b103054b","d__Bacteria","Firmicutes","Bacilli","Lactobacillales","Streptococcaceae","Streptococcus",NA
"1d4b417b28a46500cd4bfa2690903377","d__Bacteria","Actinobacteriota","Actinobacteria",NA,NA,NA,NA
"d544262d4742888298ec20b62c96a4cb","d__Bacteria","Firmicutes","Clostridia","Peptococcales","Peptococcaceae","Peptococcus",NA
"86d2917fcdcb4afbdc733b4b7c209f91","d__Bacteria","Proteobacteria","Gammaproteobacteria","Pseudomonadales","Alcanivoracaceae1","Alcanivorax",NA
"d09331f7df440dd046fea01f9ea113b1","d__Bacteria","Proteobacteria","Alphaproteobacteria","Rhodobacterales","Rhodobacteraceae","Amaricoccus",NA
"82d2e18c099a561cf942400760d66fbe","d__Bacteria","Proteobacteria","Alphaproteobacteria","Rhizobiales","Xanthobacteraceae",NA,NA
"184fa4da598f8a8455078ecf4546de89","d__Bacteria","Planctomycetota","Planctomycetes","Isosphaerales","Isosphaeraceae","Aquisphaera",NA
"992c1dac4f04263958e685b86db08cca","d__Bacteria","Actinobacteriota","Actinobacteria","Micrococcales","Dermabacteraceae","Brachybacterium",NA
"9d57edf1ff0b9811dbbed4c6b9e9fa7e","d__Bacteria","Actinobacteriota","Rubrobacteria","Rubrobacterales","Rubrobacteriaceae","Rubrobacter",NA
"c1e701fd4d39d899dc9ae803fa57b605","d__Bacteria","Actinobacteriota","Actinobacteria","Actinomycetales","Actinomycetaceae","Actinomyces",NA
"d424440bfaff15153a23030a000eb015","d__Bacteria","Bacteroidota","Bacteroidia","Bacteroidales","Prevotellaceae","Prevotella_7",NA
"73ffc66ce682a690c3c5b74fcdd03acc","d__Bacteria","Firmicutes","Bacilli","Lactobacillales","Streptococcaceae","Streptococcus",NA
"6f9f9f8f8e3a55a495bba0f120671c9d","d__Bacteria","Nitrospirota","4-29-1","4-29-1","4-29-1","4-29-1",NA
"80dd17e259d495c93dce28c33d450706","d__Bacteria","Actinobacteriota","Actinobacteria","Actinomycetales","Actinomycetaceae","Actinomyces",NA
"b42a7dd1ad1834a6f8a2f2dee9c97b74","d__Bacteria","Proteobacteria","Gammaproteobacteria","Enterobacterales","Pasteurellaceae",NA,NA
"da0f7d106d1c55e92ad3b0cc1d184d61","d__Bacteria","Firmicutes","Negativicutes","Veillonellales-Selenomonadales","Veillonellaceae","Veillonella",NA
"f96706b19f764409a1a35be194d30d05","d__Bacteria","Firmicutes","Negativicutes","Veillonellales-Selenomonadales","Veillonellaceae","Veillonella",NA
"0e89c2e82fe1355d184ebb137f957912","d__Bacteria","Firmicutes","Bacilli","Lactobacillales","Streptococcaceae","Streptococcus",NA
"a962842541ae36e89daa9a80ed3a1183","d__Bacteria","Actinobacteriota","Actinobacteria",NA,NA,NA,NA
"54d596f77834bfb9d123130b7c8c76ff","d__Bacteria","Firmicutes","Bacilli","Bacillales","Planococcaceae","Sporosarcina",NA
"97bc83d36f27e1c7b0e5f5920393feb3","d__Bacteria",NA,NA,NA,NA,NA,NA
"ee0d9daabbfa206ff3cc51be03ce567e","d__Bacteria","Proteobacteria","Alphaproteobacteria","Rhizobiales","Beijerinckiaceae",NA,NA
"74eda76ac8e68f12dde2f9a39796c8d7","d__Bacteria","Proteobacteria","Alphaproteobacteria","Sphingomonadales","Sphingomonadaceae",NA,NA
"2c043cd9fd85f24ec7d5733226aa272f","d__Bacteria","Firmicutes","Bacilli","Staphylococcales","Staphylococcaceae","Staphylococcus",NA
"35713f59d52e2838fb25525c17ae11ea","d__Bacteria","Dependentiae","Babeliae","Babeliales",NA,NA,NA
"d4293d46a27d6b99ca75b881d4135c6b","d__Bacteria","Actinobacteriota","Coriobacteriia","Coriobacteriales","Coriobacteriaceae","Collinsella",NA
"13c679325376a1b61cd999297b805c99","d__Bacteria","Firmicutes","Clostridia","Peptostreptococcales-Tissierellales","Family_XI","Peptoniphilus",NA
"f1e37fed0e54f4c2cbb1027a8739bc74","d__Bacteria","Proteobacteria","Gammaproteobacteria","Burkholderiales","Comamonadaceae",NA,NA
"2d25c6c05837da63348bb2ffec5e6338","d__Bacteria","Acidobacteriota","Vicinamibacteria","Vicinamibacterales","Vicinamibacteraceae","Vicinamibacteraceae",NA
"a412b811ee0aa4e09f2fb2927d1710cc","d__Bacteria","Proteobacteria","Alphaproteobacteria","Rhizobiales","Beijerinckiaceae",NA,NA
"904548f5b44aab651a25e67940f04027","d__Bacteria",NA,NA,NA,NA,NA,NA
"54ca726116fb45a712eba11e5835930a","d__Bacteria","Cyanobacteria","Cyanobacteriia","Chloroplast","Chloroplast","Chloroplast",NA
"47da08cf52b1d5a30d5df3029fa1e61c","d__Bacteria","Proteobacteria","Alphaproteobacteria","Rhizobiales",NA,NA,NA
"8cc068e43a977bda96b84b6bc7a6c29f","d__Bacteria","Firmicutes","Clostridia","Peptostreptococcales-Tissierellales","Family_XI","Finegoldia",NA
"9f4138bbba360589affe0788fcc08f41","d__Bacteria","Bacteroidota","Bacteroidia","Flavobacteriales","Flavobacteriaceae","Flavobacterium",NA
"6b0c3b2b8b1cfdd1872fda81319e49af","d__Bacteria","Bacteroidota","Bacteroidia","Sphingobacteriales","Lentimicrobiaceae","Lentimicrobiaceae",NA
"005cde091412001de024570f01fa3541","d__Bacteria","Chloroflexi","Chloroflexia","Thermomicrobiales","JG30-KF-CM45","JG30-KF-CM45",NA
"52af41af8cd7539c75668458a325c5ac","d__Bacteria","Actinobacteriota","Coriobacteriia","Coriobacteriales","Atopobiaceae",NA,NA
"e7fdefb940be9b323bd1e197c0ea9a2e","d__Bacteria","Firmicutes","Clostridia","Lachnospirales","Lachnospiraceae","Epulopiscium",NA
"520e99c7d0fd75444eca9671e7ef7a8c","d__Bacteria","Bacteroidota","Bacteroidia","Chitinophagales","Chitinophagaceae",NA,NA
"d5f3bf23b7609f20d850bae6d6e60bbd","d__Bacteria","Actinobacteriota","Actinobacteria","Corynebacteriales","Corynebacteriaceae","Corynebacterium",NA
"e926dd96bd4a7859e77fba605407a008","d__Bacteria","Bacteroidota","Bacteroidia","Flavobacteriales","Weeksellaceae","Cloacibacterium",NA
"7c574f49d84f9c7bebfced5c035bd325","d__Bacteria","Actinobacteriota","Actinobacteria","Corynebacteriales","Dietziaceae","Dietzia",NA
"c424a82435a7999112f05f9b6e672e6a","d__Bacteria","Actinobacteriota","Actinobacteria","Micrococcales","Brevibacteriaceae","Brevibacterium",NA
"69affc179b7d6400c55c59fdc26dc060","d__Bacteria","Actinobacteriota","Actinobacteria","Micrococcales","Micrococcaceae","Micrococcus",NA
"f77f93f1fec3e68a14f69db1338924e2","d__Bacteria","Actinobacteriota","Actinobacteria","Micrococcales","Brevibacteriaceae","Brevibacterium",NA
"972b35f9430048124a193f29d3ab9031","d__Bacteria","Firmicutes","Bacilli","Erysipelotrichales","Erysipelotrichaceae","Faecalitalea",NA
"897fe974d01209d18695ea1c106cf4f5","d__Bacteria","Firmicutes","Bacilli","Bacillales","Bacillaceae","Bacillus",NA
"f8e71037a250c65ac25aebf54d6f9602","d__Bacteria","Actinobacteriota",NA,NA,NA,NA,NA
"73ca8c51d0c98d7260b20ffcd0714c1b","d__Bacteria","Proteobacteria","Alphaproteobacteria",NA,NA,NA,NA
"2296bd58a5a21df53de7145ed4a81a28","d__Bacteria","Bdellovibrionota","Oligoflexia","Oligoflexales","Oligoflexaceae","uncultured",NA
"0f2f07cc5b831012d12e4cf97497b460","d__Bacteria","Actinobacteriota","Actinobacteria","Corynebacteriales","Corynebacteriaceae",NA,NA
"41ff80a0c7980e871e205ee194b8c58f","d__Bacteria","Bacteroidota","Bacteroidia","Bacteroidales","Bacteroidaceae","Bacteroides",NA
"0790e61e2997949d960c548e82d503d4","d__Bacteria","Actinobacteriota","Coriobacteriia","Coriobacteriales","uncultured","uncultured",NA
"72f78520bd507de4f1da2eeba3c2a31e","d__Bacteria","Actinobacteriota","Actinobacteria","Micrococcales","Micrococcaceae","Kocuria",NA
"e1d0717fac6c4021139e32d5696f96a0","d__Bacteria","Bacteroidota","Bacteroidia","Bacteroidales",NA,NA,NA
"cd2179bb1c8e46958941cda51d322e2f","d__Bacteria","Bacteroidota","Bacteroidia","Bacteroidales","Bacteroidaceae","Bacteroides",NA
"6038940f0dd3178774409b7bbc8a9d6f","d__Bacteria","Firmicutes","Clostridia","Oscillospirales","Oscillospiraceae",NA,NA
"d68fc41e74fd993fb5c85e2691b01d14","d__Bacteria","Bacteroidota","Bacteroidia","Bacteroidales","p-2534-18B5_gut_group","p-2534-18B5_gut_group",NA
"205db9bf36d5132585b6a1c7ab26d86b","d__Bacteria","Actinobacteriota","Actinobacteria","Actinomycetales","Actinomycetaceae","Actinomyces",NA
"14703cd673726ddb36781acf99f54506","d__Bacteria","Actinobacteriota","Actinobacteria","Pseudonocardiales","Pseudonocardiaceae","Saccharopolyspora",NA
"3bf83cc5f4202cd44657e62b2a7c879b","d__Bacteria","Proteobacteria","Alphaproteobacteria","Caulobacterales","Caulobacteraceae","Caulobacter",NA
"38464af973f8f4c80b893093bca59d0e","d__Bacteria","Firmicutes","Limnochordia","Limnochordales","Limnochordaceae","Limnochordaceae",NA
"a5fd391988e73d0d46bf45aa5e39cfb5","d__Bacteria","Proteobacteria","Gammaproteobacteria",NA,NA,NA,NA
"401fa90b0df61a6359ddd181a6d224b7","d__Bacteria","Firmicutes","Clostridia","Peptostreptococcales-Tissierellales","Family_XI","Peptoniphilus",NA
"69decf16cb792a339fd420914638d90c","d__Bacteria","Actinobacteriota","Actinobacteria","Bifidobacteriales","Bifidobacteriaceae",NA,NA
"6499ebc69c170a250ffde523b341e305","d__Bacteria","Proteobacteria","Alphaproteobacteria","Rhodobacterales","Rhodobacteraceae","Amaricoccus",NA
"83b0a02cf2896890f26213267121331f","d__Bacteria","Firmicutes","Bacilli","Staphylococcales","Staphylococcaceae","Staphylococcus",NA
"5d8ece7eb80443148bb8da067c068490","d__Bacteria",NA,NA,NA,NA,NA,NA
"a762a849b1b4efb2600182c7b7e01916","d__Bacteria","Firmicutes","Bacilli","Lactobacillales",NA,NA,NA
"1b1c62104a997a3d0bc4fb92e660d23c","d__Bacteria","Proteobacteria","Alphaproteobacteria","Rhodobacterales","Rhodobacteraceae",NA,NA
"3568780abce7b70c358dfd63439846cd","d__Bacteria","Actinobacteriota","Actinobacteria","Micromonosporales","Micromonosporaceae",NA,NA
"33e40b3f6556a127764f554f46447d98","d__Bacteria","Firmicutes","Bacilli","Bacillales","Planococcaceae","Chungangia",NA
"8b28eb98d4a1a98f6abc88cfd6f3e749","d__Bacteria","Actinobacteriota","Actinobacteria","Propionibacteriales","Propionibacteriaceae","Cutibacterium",NA
"245a277877cfc6ae616fd1967119a568","d__Bacteria","Proteobacteria","Gammaproteobacteria","Enterobacterales","Pasteurellaceae",NA,NA
"64f496bed2c5211036cb4bc3afa03df0","d__Bacteria","Proteobacteria","Alphaproteobacteria","Acetobacterales","Acetobacteraceae",NA,NA
"4d6e0cbf451b146d6b55df4246f0fc6d","d__Bacteria","Firmicutes","Negativicutes","Veillonellales-Selenomonadales","Selenomonadaceae","Selenomonas",NA
"14935ada0177486f45fbc9ce9f1e9b7b","d__Bacteria","Bacteroidota","Bacteroidia","Bacteroidales","Prevotellaceae","Prevotella",NA
"e8b613c4e9b3d4e6e64669d57f522bd6","d__Bacteria","Bacteroidota","Bacteroidia","Bacteroidales","Prevotellaceae","Prevotella",NA
"204b03ce3dba65f2102587ace1aef2f6","d__Bacteria",NA,NA,NA,NA,NA,NA
"ff901e0821f0a3db5f4df70b55354b8b","d__Bacteria","Firmicutes","Bacilli","Lactobacillales","Enterococcaceae","Enterococcus",NA
"e0bba63108f8b53c8685f06516a12118","d__Bacteria","Actinobacteriota","Actinobacteria","Bifidobacteriales","Bifidobacteriaceae","Gardnerella",NA
"d676d94bed4121c27ae6b1ddee4545d9","d__Bacteria","Bacteroidota","Bacteroidia","Bacteroidales","Prevotellaceae","Prevotella_7",NA
"c798ed1aeac3d84b19a1f824442432be","d__Bacteria","Firmicutes","Clostridia","Peptostreptococcales-Tissierellales","Family_XI","Finegoldia",NA
"b779bdfb4dc9e479b1e4e2fc7fbb281e","d__Bacteria","Firmicutes","Bacilli","Lactobacillales",NA,NA,NA
"7f67c577dc853a8511aab203b858c9ab","d__Bacteria","Firmicutes","Bacilli","Lactobacillales","Streptococcaceae","Streptococcus",NA
"97f8f38191491a3070aa32e9fcda1720","d__Bacteria","Firmicutes","Bacilli","Lactobacillales","Lactobacillaceae","Lactobacillus",NA
"8d15fe749f2fb57286ae7cfafe9d70dd","d__Bacteria",NA,NA,NA,NA,NA,NA
"6b25a497b5722c5072c89a72bb0ea39e","d__Bacteria","Firmicutes","Clostridia","Peptostreptococcales-Tissierellales","Family_XI","Anaerococcus",NA
"1759b2a197e1a6b5db55e924a0e22fe0","d__Bacteria","Firmicutes","Bacilli",NA,NA,NA,NA
"e0d7c2fa588f04af0ef325f1f596037e","d__Bacteria","Firmicutes","Clostridia","Peptostreptococcales-Tissierellales","Family_XI","Parvimonas",NA
"5812af7a7cf7327e6b62b9af57848c84","d__Bacteria","Firmicutes","Clostridia","Lachnospirales","Lachnospiraceae","Johnsonella",NA
"83160706e34b1e71dc42a261244c9d72","d__Bacteria","Fibrobacterota","Fibrobacteria","Fibrobacterales","Fibrobacteraceae","uncultured",NA
"6564e312560ee2068799dfd3dfbbfba5","d__Bacteria","Proteobacteria","Alphaproteobacteria","Rhodobacterales","Rhodobacteraceae",NA,NA
"7a2649cbd4460e7f15f845c1c85c618f","d__Bacteria","Firmicutes","Bacilli","Lactobacillales","Lactobacillaceae","Loigolactobacillus",NA
"7e7689bbc28a33e446a374de68b98e5c","d__Bacteria","Firmicutes","Bacilli","Bacillales","Planococcaceae",NA,NA
"d21990c36a32483aed0e3dec1bc4c895","d__Bacteria","Proteobacteria","Gammaproteobacteria","Burkholderiales","Oxalobacteraceae",NA,NA
"15dbe49e41074c5f4171032dc0396f30","d__Bacteria","Actinobacteriota","Acidimicrobiia","Microtrichales","Ilumatobacteraceae",NA,NA
"8158b970c851cc1e50b1a54716fcab24","d__Bacteria","Patescibacteria",NA,NA,NA,NA,NA
"fb10d77384969604fdf3abac65de46e3","d__Bacteria","Verrucomicrobiota","Chlamydiae","Chlamydiales",NA,NA,NA
"781664b5ea369cd672d8b5534d66d7b2","d__Bacteria","Proteobacteria","Alphaproteobacteria","Rhizobiales","uncultured","uncultured",NA
"576ea7489cc4e93037fee0b5ca41eb1e","d__Bacteria","Planctomycetota","Planctomycetes",NA,NA,NA,NA
"10a4998626a79a17b278475c1d4a0672","d__Bacteria","Gemmatimonadota","Longimicrobia","Longimicrobiales","Longimicrobiaceae","YC-ZSS-LKJ147",NA
"a11b8f3fb09477557964092a67b0e3ae","d__Bacteria","Deinococcota","Deinococci","Deinococcales","Deinococcaceae","Deinococcus",NA
"eb7c699e3a97bf0462d9ae0833f65a45","d__Bacteria","Firmicutes","Clostridia","Peptostreptococcales-Tissierellales","Family_XI","Finegoldia",NA
"a798d26e02f9c20b46593d764b1ed4e8","d__Bacteria","Firmicutes","Bacilli","Lactobacillales",NA,NA,NA
"da8924303c19e9db279628a52a700eea","d__Bacteria","Bacteroidota","Bacteroidia","Bacteroidales","Prevotellaceae","Prevotella",NA
"0c3534bdb516199a449d3027129142c1","d__Bacteria","Patescibacteria","Saccharimonadia","Saccharimonadales","Saccharimonadaceae","TM7x",NA
"14374b3b68a355730a0ed7cb967732c8","d__Bacteria","Actinobacteriota","MB-A2-108","MB-A2-108","MB-A2-108","MB-A2-108",NA
"42bc3eef9f75bbb568f2d8ccbac18e3b","d__Bacteria","Proteobacteria","Gammaproteobacteria","Pseudomonadales","Pseudomonadaceae","Pseudomonas",NA
"45721f718e56d40cbbf28658cfc4ed67","d__Bacteria","Chloroflexi","Chloroflexia","Thermomicrobiales","JG30-KF-CM45","JG30-KF-CM45",NA
"2a66e1e8e1755254887d20a3750c01ca","d__Bacteria","Firmicutes","Bacilli","Lactobacillales","Streptococcaceae","Streptococcus",NA
"a49583d00cd7b7cea2b7ab55c5c8c8de","d__Bacteria","Actinobacteriota","Thermoleophilia","Solirubrobacterales","67-14","67-14",NA
"73eb43221b1f2ca145127f3f4239574e","d__Bacteria","Proteobacteria","Alphaproteobacteria","Rhizobiales","Hyphomicrobiaceae","Hyphomicrobium",NA
"cea37e283e810b9582de33331ec5a96b","d__Bacteria","Actinobacteriota","Actinobacteria","Propionibacteriales","Propionibacteriaceae","uncultured",NA
"453f542e2849d6d735dd898327086b4a","d__Bacteria","Proteobacteria","Gammaproteobacteria","Burkholderiales","Neisseriaceae",NA,NA
"2fbc5cf844213c8e649bdaf5c891a5e9","d__Bacteria","Firmicutes","Bacilli","Staphylococcales","Staphylococcaceae","Staphylococcus",NA
"2dc31615419b751ee8dd85ac5b2f602c","d__Bacteria","Proteobacteria","Alphaproteobacteria","Rhizobiales","Beijerinckiaceae","Methylobacterium-Methylorubrum",NA
"bf83d23a5b244be58e87a4f4540a22c7","d__Bacteria","Proteobacteria","Alphaproteobacteria","SAR11_clade",NA,NA,NA
"77c410efdb80ff26c2465f8987435263","d__Bacteria","Proteobacteria","Gammaproteobacteria","Gammaproteobacteria_Incertae_Sedis","Unknown_Family","uncultured",NA
"a778d56442c5683290a71d8ad4702885","d__Bacteria","Firmicutes","Clostridia",NA,NA,NA,NA
"5490a28fa7bf86dd590c4e3f357475fe","d__Bacteria","Chloroflexi",NA,NA,NA,NA,NA
"09f6512dc0e672f1aea5a4d5392bdac4","d__Bacteria","Proteobacteria","Gammaproteobacteria","Burkholderiales","Neisseriaceae","Neisseria",NA
"d1d2f87686a1d977c2b5c965f3d6fab8","d__Bacteria","Firmicutes","Negativicutes","Veillonellales-Selenomonadales","Selenomonadaceae","Selenomonas",NA
"0a4f2f3190b63332c43a9ee9d5403d18","d__Bacteria","Firmicutes",NA,NA,NA,NA,NA
"d8b3465ffa544d00e77a64508edfd738","d__Bacteria",NA,NA,NA,NA,NA,NA
"714c50a44a4aaf9167373f4931b69367","d__Bacteria","Firmicutes","Negativicutes","Veillonellales-Selenomonadales","Veillonellaceae","Veillonella",NA
"098aed1ac251841d65eb03c613902511","d__Bacteria","Patescibacteria","Saccharimonadia","Saccharimonadales","Saccharimonadales","Saccharimonadales",NA
"d2823f798c856dd2d3dbeb6f1ce4ccea","d__Bacteria","Planctomycetota","Planctomycetes","uncultured","uncultured","uncultured",NA
"d3eb8ab43310d08c879df2b3ff405070","d__Bacteria","Acidobacteriota","Vicinamibacteria","Subgroup_17","Subgroup_17","Subgroup_17",NA
"0c9e656407c3a65851d0b7dc14e23b1c","d__Bacteria","Actinobacteriota","Actinobacteria","Propionibacteriales","Propionibacteriaceae",NA,NA
"da484c7c4d90b18873ec2798ce86adac","d__Bacteria","Firmicutes","Clostridia","Lachnospirales","Lachnospiraceae",NA,NA
"c28559f6f418342ee21b699822347e64","d__Bacteria","Proteobacteria","Gammaproteobacteria","Pseudomonadales","Moraxellaceae","Enhydrobacter",NA
"6250338d9ced63fd89c79e71bd0bb8f9","d__Bacteria","Actinobacteriota","Thermoleophilia",NA,NA,NA,NA
"a273e2c59f7d7db76641af11e0d49928","d__Bacteria","Proteobacteria","Alphaproteobacteria","Rhizobiales","Hyphomicrobiaceae","Pedomicrobium",NA
"8342cd6787ee56f79002b8e68c68b639","d__Bacteria","Actinobacteriota","Acidimicrobiia","Microtrichales","uncultured","uncultured",NA
"25810f1655715efb895b8001d68283ba","d__Bacteria","Firmicutes","Clostridia","Oscillospirales","Ruminococcaceae","Subdoligranulum",NA
"508a4fc60230838ccc90c963ca43d9ab","d__Bacteria","Actinobacteriota","Actinobacteria","Corynebacteriales","Corynebacteriaceae",NA,NA
"d6393f609e196d04c1e919d7efcd9f49","d__Bacteria","Proteobacteria","Gammaproteobacteria","Ectothiorhodospirales","Ectothiorhodospiraceae","Thiogranum",NA
"080f2b01343c7410c3bbd29f4236154f","d__Bacteria","Actinobacteriota","Thermoleophilia","Solirubrobacterales","67-14","67-14",NA
"577378b45d5e93d8fada102b43bd0515","d__Bacteria","Firmicutes","Bacilli","Lactobacillales","Streptococcaceae","Streptococcus",NA
"3a3496ff9831a9984cf27fd3223b0707","d__Bacteria",NA,NA,NA,NA,NA,NA
"52d614d9e2c34fe33aaf65018e764db9","d__Bacteria","Firmicutes","Negativicutes","Veillonellales-Selenomonadales","Veillonellaceae","Veillonella",NA
"262fdd3655860192bf9090b26b406aa7","d__Bacteria","Proteobacteria","Gammaproteobacteria","Xanthomonadales","Xanthomonadaceae",NA,NA
"ef62aaf711772868813013509b80da2d","d__Bacteria","Firmicutes","Bacilli","Lactobacillales","Streptococcaceae","Streptococcus",NA
"2cc2c8205f4e1b31960c7941765897ad","d__Bacteria","Bdellovibrionota","Bdellovibrionia","Bdellovibrionales","Bdellovibrionaceae","Bdellovibrio",NA
"9545803817c88aee1851687e437d8f4b","d__Bacteria","Bacteroidota","Bacteroidia","Bacteroidales","Prevotellaceae","Alloprevotella",NA
"a0d77bde4769e5d9939d42fa20748833","d__Bacteria","Proteobacteria","Gammaproteobacteria","Xanthomonadales","Xanthomonadaceae",NA,NA
"4a2aa6c854dc46cd871154181f9c35fa","d__Bacteria","Firmicutes","Bacilli","Paenibacillales","Paenibacillaceae","Paenibacillus",NA
"3b8faf7a2dc6319a4a007990a8b0f364","d__Bacteria","Proteobacteria","Alphaproteobacteria","Sphingomonadales","Sphingomonadaceae","Sphingopyxis",NA
"8858a5ffcbf5dc291d2730bb1b5f6893","d__Bacteria","Firmicutes","Clostridia","Peptostreptococcales-Tissierellales","Family_XI","Anaerococcus",NA
"0b4fd2d98e468c72f39ab1d23a87c507","d__Bacteria","Actinobacteriota","Thermoleophilia","Gaiellales","uncultured","uncultured",NA
"05c1cc046323298cf8cff5f3db07a30c","d__Bacteria","Actinobacteriota","Actinobacteria","Micrococcales","Micrococcaceae","Enteractinococcus",NA
"20a1871d4aab3c0104210c7b48ba78b6","d__Bacteria","Bacteroidota","Bacteroidia","Bacteroidales","Prevotellaceae",NA,NA
"7592c120cac815bff479e1f45a106935","d__Bacteria","Firmicutes","Negativicutes","Veillonellales-Selenomonadales","Selenomonadaceae","Megamonas",NA
"8fc481094cbb4a374336984a11636718","d__Bacteria","Firmicutes","Clostridia","Clostridiales","Clostridiaceae",NA,NA
"f8a8d9b03d18b173819d30146bc6be1f","d__Bacteria","Patescibacteria","Saccharimonadia","Saccharimonadales","Saccharimonadaceae","Candidatus_Saccharimonas",NA
"96a6f72fcadd82cc8128205d26aa7a77","d__Bacteria","Actinobacteriota","Coriobacteriia","Coriobacteriales","Atopobiaceae","Libanicoccus",NA
"6aaa1d9decf5065ad3ece944923c2f37","d__Bacteria","Actinobacteriota","Actinobacteria","Actinomycetales","Actinomycetaceae","Actinomyces",NA
"ee2051b48ab039434e9c53581914434e","d__Bacteria","Firmicutes","Clostridia","Lachnospirales","Lachnospiraceae",NA,NA
"f103d8f7dc4cd6944a0f95657a9155ee","d__Bacteria","Firmicutes","Bacilli","Paenibacillales","Paenibacillaceae",NA,NA
"b51c8c7b64539c96fb0e2610736e29dd","d__Bacteria","Bacteroidota","Bacteroidia","Cytophagales","Microscillaceae","uncultured",NA
"d6f4f5f2e11113e4824c5bdd85571951","d__Bacteria","Firmicutes","Bacilli","Alicyclobacillales","Alicyclobacillaceae","Alicyclobacillus",NA
"fe756e1107b9815f53e0c85111b4efe1","d__Bacteria","Firmicutes","Clostridia","Oscillospirales","Oscillospiraceae",NA,NA
"871b1f6fe4d747792c8658f9852ad3bf","d__Bacteria","Actinobacteriota","Actinobacteria","Propionibacteriales","Nocardioidaceae","Nocardioides",NA
"58cb8695aee473af8a6786c9bf672157","d__Bacteria","Fusobacteriota","Fusobacteriia","Fusobacteriales","Leptotrichiaceae","Leptotrichia",NA
"2e4ea4fa88b3ff7b175455526a834c40","d__Bacteria","Actinobacteriota","Actinobacteria","Actinomycetales","Actinomycetaceae","Actinomyces",NA
"0b128f9da155553728dfa7193e7b36bc","d__Bacteria","Actinobacteriota","Actinobacteria","Actinomycetales","Actinomycetaceae","Actinomyces",NA
"fbe72367f1ecd0fe1e52700db1799882","d__Bacteria","Proteobacteria","Alphaproteobacteria","Rhodobacterales","Rhodobacteraceae",NA,NA
"8ada27ab2236149da53267479ff224ed","d__Bacteria","Chloroflexi","Chloroflexia","Thermomicrobiales","JG30-KF-CM45","JG30-KF-CM45",NA
"15a7d1a6164572a3cdb1f60a67c19998","d__Bacteria","Firmicutes","Limnochordia","Limnochordales","Limnochordaceae","Limnochorda",NA
"17ee8c832db6ee0cf41faf5f2bd14dd4","d__Bacteria","Firmicutes","Clostridia","Clostridiales","Oxobacteraceae","Oxobacter",NA
"5db29ee59c130c50da755e07b5d5e875","d__Bacteria","Actinobacteriota","Actinobacteria","Corynebacteriales","Dietziaceae","Dietzia",NA
"f0c1c7652566985e46984aa21a1ee1e0","d__Bacteria","Chloroflexi","Anaerolineae","uncultured","uncultured","uncultured",NA
"587be7cb702831b540bcf4115d91a903","d__Bacteria","Gemmatimonadota","BD2-11_terrestrial_group","BD2-11_terrestrial_group","BD2-11_terrestrial_group","BD2-11_terrestrial_group",NA
"fd4d60d0159804c9322f009236853fd9","d__Bacteria","Fusobacteriota","Fusobacteriia","Fusobacteriales","Fusobacteriaceae","Fusobacterium",NA
"b6075c3883779d10bda9817c90cf501c","d__Bacteria","Campylobacterota","Campylobacteria","Campylobacterales","Campylobacteraceae","Campylobacter",NA
"43cffd67dc1ac6f1bfc849bb72f251ba","d__Bacteria","Firmicutes","Bacilli","Lactobacillales","Streptococcaceae","Streptococcus",NA
"b5d141b61b33a283d6538867ceb10fbc","d__Bacteria","Bacteroidota","Bacteroidia","Bacteroidales","Prevotellaceae",NA,NA
"80d6f15c9020541f0a3e092f3c0df30f","d__Bacteria",NA,NA,NA,NA,NA,NA
"3bf5c5eaf218e39a594b970130f5a789","d__Bacteria","Actinobacteriota","Actinobacteria","Kineosporiales","Kineosporiaceae","Angustibacter",NA
"7a3b75b8a820bce0530d7444e2f2f97d","d__Bacteria",NA,NA,NA,NA,NA,NA
"db375702d127ed4d0012f3d453409093","d__Bacteria","Bacteroidota","Bacteroidia","Bacteroidales","Prevotellaceae",NA,NA
"439517d05dbfaa3d101f26c49a375df2","d__Bacteria","Proteobacteria","Gammaproteobacteria","Enterobacterales","Succinivibrionaceae",NA,NA
"1ef5d87ab6d57b786100508fd011a4a9","d__Bacteria","Firmicutes","Bacilli","Lactobacillales","Enterococcaceae",NA,NA
"42de2cb801049099e523c0387bbaf0c0","d__Bacteria",NA,NA,NA,NA,NA,NA
"99ac75f1f09647e7653d3e29727b363c","d__Bacteria","Proteobacteria","Gammaproteobacteria","Enterobacterales",NA,NA,NA
"1791061229b154dc7102a3aef3c29484","d__Bacteria","Actinobacteriota","Actinobacteria","Corynebacteriales","Corynebacteriaceae","Corynebacterium",NA
"325bbc50680c2b714d02fda0a533f26a","d__Bacteria","Actinobacteriota","Actinobacteria","Corynebacteriales","Corynebacteriaceae","Corynebacterium",NA
"7f72489e34a2c1497322f19deed89fe5","d__Bacteria","Firmicutes","Negativicutes","Veillonellales-Selenomonadales","Veillonellaceae","Veillonella",NA
"c180b7c5a1a4df4cc758eb1f2ed28b42","d__Bacteria","Firmicutes","Bacilli","Staphylococcales","Staphylococcaceae","Staphylococcus",NA
"b07d01875f5cfbecb69c414c55d99cb4","d__Bacteria","Proteobacteria","Alphaproteobacteria","Sphingomonadales","Sphingomonadaceae",NA,NA
"983aa1bd9d3608e4be44dc46a22cb5db","d__Bacteria","Chloroflexi","Chloroflexia","Thermomicrobiales","JG30-KF-CM45","JG30-KF-CM45",NA
"be58fd0857c66ef1416812b0afcc9507","d__Bacteria","Proteobacteria","Gammaproteobacteria","Burkholderiales","Alcaligenaceae","Verticiella",NA
"6f7b52fe7ebb23cf136a1227d5afacf5","d__Bacteria","Proteobacteria","Gammaproteobacteria","Burkholderiales","SC-I-84","SC-I-84",NA
"f328310ac3ad5bf17b047d1f99e71ca3","d__Bacteria","Actinobacteriota","Thermoleophilia","Solirubrobacterales","67-14","67-14",NA
"57dc40e5f1a3c50181da2c050a12be44","d__Bacteria","Bdellovibrionota","Bdellovibrionia","Bdellovibrionales","Bdellovibrionaceae","Bdellovibrio",NA
"61ea6073b157fcb2ce54bd437b476402","d__Bacteria","Firmicutes","Incertae_Sedis","DTU014","DTU014","DTU014",NA
"410495341977b8dd9b28399bf403a945","d__Bacteria","Proteobacteria","Gammaproteobacteria","Xanthomonadales","Xanthomonadaceae",NA,NA
"dcb5cf7032e42517c1366d7c402482e8","d__Bacteria","Actinobacteriota","Actinobacteria","Micrococcales","Microbacteriaceae","Agromyces",NA
"bc6508a70359ea4f1e4fc6b2b13a0e41","d__Bacteria","Firmicutes","Bacilli","Lactobacillales","Streptococcaceae","Streptococcus",NA
"ceb7278b4df042d77662a58e77f41108","d__Bacteria","Firmicutes","Bacilli","Lactobacillales","Streptococcaceae","Streptococcus",NA
"423c1a13e1baa468dac2e2a4f6c14483","d__Bacteria","Firmicutes","Bacilli","Staphylococcales","Staphylococcaceae","Staphylococcus",NA
"52efdec789948cdbf4e48059a04aeca5","d__Bacteria","Actinobacteriota","Actinobacteria","Actinomycetales","Actinomycetaceae","Actinomyces",NA
"0fc7d433e79557c435ba36d3e3dd615a","d__Bacteria","Actinobacteriota","Actinobacteria","Micrococcales","Brevibacteriaceae","Brevibacterium",NA
"341ed1ae85fc96ee0c480e1e37a59bc5","d__Bacteria","Proteobacteria","Gammaproteobacteria","Pseudomonadales","Moraxellaceae","Acinetobacter",NA
"bc6d0153b7b8bdcedf127e1d59e79348","d__Bacteria","Firmicutes","Bacilli","Lactobacillales","Lactobacillaceae","Ligilactobacillus",NA
"c36936405f51e32425432d2fa86422ef","d__Bacteria","Proteobacteria","Gammaproteobacteria","Xanthomonadales","Xanthomonadaceae","SN8",NA
"9510575e225c0846b706b674efb5ddeb","d__Bacteria","Bdellovibrionota","Oligoflexia","Oligoflexales","Oligoflexaceae","uncultured",NA
"73ed61306bb2712055d1b1ef68f6be46","d__Bacteria","Verrucomicrobiota","Verrucomicrobiae","Chthoniobacterales","Chthoniobacteraceae","Chthoniobacter",NA
"e44c52cd6e000679052a6b86ea285043","d__Bacteria","Bacteroidota","Bacteroidia","Bacteroidales","Prevotellaceae",NA,NA
"bb019e8858e99628cbd7e1fc37f0969a","d__Bacteria","Firmicutes","Bacilli","Lactobacillales","Streptococcaceae","Streptococcus",NA
"b9457806d665f49a27ae155c33a702f1","d__Bacteria","Cyanobacteria","Cyanobacteriia","Synechococcales","Cyanobiaceae",NA,NA
"d427aab3859e8e5e90d92653c2a65369","d__Bacteria","Spirochaetota","Spirochaetia","Spirochaetales","Spirochaetaceae","Treponema",NA
"1efbd025a27ae50ee0fd807fa1bd50be","d__Bacteria","Fusobacteriota","Fusobacteriia","Fusobacteriales","Leptotrichiaceae","Leptotrichia",NA
"6636e8c87ecbafeb3e9d865a13d1c333","d__Bacteria","Actinobacteriota","Actinobacteria","Corynebacteriales","Corynebacteriaceae","Corynebacterium",NA
"0b12059313c4da48ff45b15127f15a67","d__Bacteria","Proteobacteria","Gammaproteobacteria","Burkholderiales","Burkholderiaceae","Burkholderia-Caballeronia-Paraburkholderia",NA
"ab290d2351f881b54b435720d11eb22e","d__Bacteria","Proteobacteria","Gammaproteobacteria","Xanthomonadales","Xanthomonadaceae","Stenotrophomonas",NA
"e3fe93c1c24fe1806d6cb021fcc5d0a2","d__Bacteria","Firmicutes","Bacilli","Staphylococcales","Staphylococcaceae","Staphylococcus",NA
"6c97004db7c99480e9c39fd57058bdb1","d__Bacteria","Planctomycetota","Planctomycetes","Isosphaerales","Isosphaeraceae",NA,NA
"c33139026a8342f500d77c684bbcf58f","d__Bacteria","Bacteroidota","Bacteroidia","Bacteroidales","Bacteroidaceae","Bacteroides",NA
"1412d62269fb1897b8b9c3d073eda72a","d__Bacteria","Firmicutes","Bacilli","Staphylococcales","Staphylococcaceae","Staphylococcus",NA
"e85d14db490db5b4f028e4c980d49b5a","d__Bacteria","Firmicutes","Bacilli","Staphylococcales","Staphylococcaceae","Staphylococcus",NA
"ab41351fccd2cc8c0bced84a313cf524","d__Bacteria","Actinobacteriota","Actinobacteria","Corynebacteriales","Corynebacteriaceae","Corynebacterium",NA
"dd1aafc53cfd3c31f41a78482610f250","d__Bacteria","Firmicutes","Bacilli","Paenibacillales","Paenibacillaceae",NA,NA
"6c03a2e448073215607bde9728cde64c","d__Bacteria",NA,NA,NA,NA,NA,NA
"f1721dbbf139a5393ffbf16719b0903e","d__Bacteria","Proteobacteria","Alphaproteobacteria","Rhizobiales","A0839","A0839",NA
"43e508009cfec0d953de0b9ff9ce366f","d__Eukaryota","Vertebrata","Actinopterygii","Teleostei","Teleostei","Teleostei",NA
"35bfb2e9157d2d343b128514b76507cd","d__Bacteria","Bacteroidota","Bacteroidia","Chitinophagales","Chitinophagaceae",NA,NA
"28c8cca408354a8de49888a5e1bd77c3","d__Bacteria","Firmicutes","Negativicutes","Veillonellales-Selenomonadales","Veillonellaceae","Veillonella",NA
"ca84553c787afcea0e5d46f06d4e998a","d__Bacteria","Firmicutes","Bacilli","Lactobacillales","Aerococcaceae","Aerococcus",NA
"33b7ec623c690b8bfe6d52133da1470a","d__Bacteria","Firmicutes","Clostridia","Peptostreptococcales-Tissierellales","Family_XI","Anaerococcus",NA
"0dcc07ac40c3036f4b93206fe4229adb","d__Bacteria","Firmicutes","Bacilli","Bacillales","Planococcaceae",NA,NA
"f6f5bc6c2edf3c247be7bd44f2b8bee6","d__Bacteria",NA,NA,NA,NA,NA,NA
"b3735cfa2708b915bcaa6770715e7d60","d__Bacteria","Gemmatimonadota","Gemmatimonadetes","Gemmatimonadales","Gemmatimonadaceae","uncultured",NA
"eca837b016235da1506e752023605ce0","d__Bacteria","Bacteroidota","Bacteroidia",NA,NA,NA,NA
"2bc297ddd3128e9f32895f639fc46a27","d__Bacteria","Actinobacteriota","Actinobacteria","Micrococcales","Micrococcaceae","Glutamicibacter",NA
"92e7e2d8d2c9052f4a2117107e3d4f06","d__Bacteria",NA,NA,NA,NA,NA,NA
"20dd595589fa0782e4bb278ce63a1572","d__Bacteria","Proteobacteria","Gammaproteobacteria","Burkholderiales","Alcaligenaceae","Alcaligenes",NA
"be15b6782b7d639c3d295e6c74bcc6b0","d__Bacteria","Bacteroidota","Bacteroidia","Sphingobacteriales","Sphingobacteriaceae","Sphingobacterium",NA
"b64a03144573a46a9669a632172a0c09","d__Bacteria","Fusobacteriota","Fusobacteriia","Fusobacteriales","Fusobacteriaceae","Fusobacterium",NA
"76e5b2657b5b71d738e84785054fa29f","d__Bacteria","Bacteroidota","Bacteroidia","Bacteroidales","Bacteroidaceae","Bacteroides",NA
"ab56ba2b1df94ffee4c5ecfbc2636e8e","d__Bacteria","Actinobacteriota","Actinobacteria","Micrococcales","Microbacteriaceae","Leucobacter",NA
"74052dc569e49a7c366c4a431890a048","d__Bacteria","Proteobacteria","Alphaproteobacteria","Rhizobiales","Rhizobiaceae",NA,NA
"dde6062f49ef2498c55759e3c926ab34","d__Bacteria","Verrucomicrobiota","Chlamydiae","Chlamydiales",NA,NA,NA
"5a5619b0adaa7c2bb182db85d9e3ce3d","d__Bacteria","Firmicutes","Bacilli","Lactobacillales","Streptococcaceae","Lactococcus",NA
"4fe9b26a7ba36c28c1c4ea82823e9fda","d__Bacteria","Actinobacteriota","Thermoleophilia","Solirubrobacterales","Solirubrobacteraceae","Solirubrobacter",NA
"b076239c81d132e573a0f727896de808","d__Bacteria","Firmicutes","Clostridia","Oscillospirales","Ruminococcaceae",NA,NA
"6a977cb937e0aff0e10ba3b76154fd91","d__Bacteria","Actinobacteriota","Actinobacteria","Pseudonocardiales","Pseudonocardiaceae","Pseudonocardia",NA
"3a6e2449fda3a029aeb49bf8c63b479b","d__Bacteria","Proteobacteria","Alphaproteobacteria","Reyranellales","Reyranellaceae","Reyranella",NA
"5ef22ce5f749a3aca2b6104e19253d77","d__Bacteria","Proteobacteria","Gammaproteobacteria","Burkholderiales","Neisseriaceae","Neisseria",NA
"c90fe974d179ba68e6c2c35fcb4ade87","d__Bacteria","Proteobacteria","Alphaproteobacteria","Rhodobacterales","Rhodobacteraceae","Amaricoccus",NA
"c636be7086001abb331907319517af21","d__Bacteria","Proteobacteria","Alphaproteobacteria","Rhizobiales","Xanthobacteraceae","Pseudolabrys",NA
"dfe2e0770e6d6cca337d8760258fd33e","d__Bacteria","Actinobacteriota","Coriobacteriia","Coriobacteriales","Eggerthellaceae",NA,NA
"714609986733161d5e49491a4c4680e6","d__Bacteria","Firmicutes","Bacilli","Lactobacillales","Streptococcaceae","Streptococcus",NA
"00d85c309a5d845ffe272fb271a74927","d__Bacteria","Firmicutes","Clostridia","Lachnospirales","Lachnospiraceae",NA,NA
"0d9005d12a8b907da4b6c020f206662d","d__Bacteria","Proteobacteria","Alphaproteobacteria","Rickettsiales","Mitochondria","Mitochondria",NA
"d25b810fb51c8d9ddbd768cda4e58818","d__Bacteria","Verrucomicrobiota","Chlamydiae","Chlamydiales","Parachlamydiaceae","Neochlamydia",NA
"d17f86ae623102ddced443fcf3e7d8f3","d__Bacteria","Actinobacteriota","Actinobacteria","Kineosporiales","Kineosporiaceae","Quadrisphaera",NA
"2027f77c181e3e179e4d812b4bb8e267","d__Bacteria","Patescibacteria","Saccharimonadia","Saccharimonadales","Saccharimonadaceae","TM7a",NA
"f955c0d655499de3c3f3fa97e27c5726","d__Bacteria","Actinobacteriota","Actinobacteria","Actinomycetales","Actinomycetaceae","Actinomyces",NA
"5f54e9fa3ee2f7472cbda58ff9f2a3ce","d__Bacteria","Proteobacteria","Gammaproteobacteria","Burkholderiales","Neisseriaceae","Neisseria",NA
"bf89ea8263e548bf9492348e603d725b","d__Bacteria","Bacteroidota","Bacteroidia","Bacteroidales","Porphyromonadaceae","Porphyromonas",NA
"84f537aa71ea7fd757f72467b1a7aa00","d__Bacteria","Cyanobacteria","Cyanobacteriia","Chloroplast","Chloroplast","Chloroplast",NA
"004740b1df730463215d63f13741e02f","d__Bacteria","Planctomycetota","Planctomycetes","Isosphaerales","Isosphaeraceae","uncultured",NA
"bf25de0d1b57bab678d57d66d68aa903","d__Bacteria","Firmicutes","Clostridia","Oscillospirales","Butyricicoccaceae","Butyricicoccus",NA
"714b0f440bcaa40153254aca7b5ab27e","d__Bacteria","Firmicutes","Bacilli","Mycoplasmatales","Mycoplasmataceae","Mycoplasma",NA
"5e58e272ceebe66c18e0c0cc50e6668d","d__Bacteria","Actinobacteriota","Acidimicrobiia","Actinomarinales","Actinomarinales","Actinomarinales",NA
"728081941de4bbba7071e6d55ce60c6c","d__Bacteria","Proteobacteria","Gammaproteobacteria","Cardiobacteriales","Cardiobacteriaceae","Cardiobacterium",NA
"2fa58775a37a5343736ab3c20350b522","d__Bacteria","Firmicutes","Bacilli","Bacillales","Bacillaceae",NA,NA
"2cb44cf923ee05e11dabb3c464432244","d__Bacteria",NA,NA,NA,NA,NA,NA
"ea2b2d621d72bb40d7b8fe6ae1d417b7","d__Bacteria","Firmicutes",NA,NA,NA,NA,NA
"26ab3dca1b0b554714111f6e9aff7c39","d__Bacteria","Bacteroidota","Bacteroidia","Bacteroidales","Prevotellaceae","Prevotella_7",NA
"1bce3b811fe11a70ce158954ff461e28","d__Bacteria","Bacteroidota","Bacteroidia","Bacteroidales","Prevotellaceae",NA,NA
"dd77881391bfc533b7ddbd316edf1b58","d__Bacteria","Firmicutes","Clostridia","Peptostreptococcales-Tissierellales","Family_XI","Finegoldia",NA
"9cb0977b0cec2e4f76bfccefe54adc00","d__Bacteria","Firmicutes","Clostridia","Peptostreptococcales-Tissierellales","Family_XI","Finegoldia",NA
"ea8c0bc65ac6aaf7fc71586e27470c80","d__Bacteria","Actinobacteriota","Actinobacteria","Actinomycetales","Actinomycetaceae","Actinobaculum",NA
"2628d1f305a2f1b85105fac237e2848a","d__Bacteria",NA,NA,NA,NA,NA,NA
"0e4690ebd6e799cc5ddc861e980c9f83","d__Bacteria","Bacteroidota","Bacteroidia","Bacteroidales","Prevotellaceae","Prevotella",NA
"bb3ffe676e538889f742339bd6bd02aa","d__Bacteria","Firmicutes","Bacilli","Lactobacillales","Streptococcaceae","Streptococcus",NA
"faf2f0ee433b0e7fd091ee8d2d6ac945","d__Bacteria","Actinobacteriota","Acidimicrobiia","Microtrichales","Ilumatobacteraceae","uncultured",NA
"7d109e3949a36fd1fa42f380c848c5f0","d__Bacteria","Firmicutes","Bacilli","Thermoactinomycetales","Thermoactinomycetaceae","uncultured",NA
"f6a16f8133682e888211bee7530a96f5","d__Bacteria","Actinobacteriota","Actinobacteria","Propionibacteriales","Propionibacteriaceae","Propioniciclava",NA
"c9fe7f14d4419db29ac1e471ac8a6bc2","d__Bacteria","Bdellovibrionota","Bdellovibrionia","Bacteriovoracales","Bacteriovoracaceae","Bacteriovorax",NA
"027a5cd609b4faf2c8e2743a9848adca","d__Bacteria","Firmicutes","Clostridia",NA,NA,NA,NA
"b42c7a407fb54406f0771f705d8361b2","d__Bacteria","Firmicutes","Clostridia","Oscillospirales","Oscillospiraceae",NA,NA
"38de955436e4e61a44a88937a3f3ed9b","d__Bacteria","Patescibacteria","Saccharimonadia","Saccharimonadales","Saccharimonadales","Saccharimonadales",NA
"3948f054f7fcf6565698ed9ad9dc6818","d__Bacteria","Firmicutes","Clostridia","Peptostreptococcales-Tissierellales","Family_XI","Peptoniphilus",NA
"2a7a0eb9d687d709a75543aed11c9b18","d__Bacteria","Firmicutes","Clostridia","Lachnospirales","Lachnospiraceae",NA,NA
"c9703b3a89e33f99f7393c8f52dcc1b8","d__Bacteria","Proteobacteria","Gammaproteobacteria","Burkholderiales","Oxalobacteraceae","Massilia",NA
"e1d9fd0a6a2b4f4399c06b012bac61c6","d__Bacteria",NA,NA,NA,NA,NA,NA
"cb257065aff401f4347c5c986399808c","d__Bacteria","Actinobacteriota","Actinobacteria","Corynebacteriales","Corynebacteriaceae","Corynebacterium",NA
"2eb30f0bf6e61bd00925bca4d300b5f3","d__Bacteria","Firmicutes","Clostridia","Peptostreptococcales-Tissierellales","Family_XI","Anaerococcus",NA
"4f21e548be83aaa040263a3171723b0a","d__Bacteria","Firmicutes","Clostridia","Lachnospirales","Lachnospiraceae",NA,NA
"f09f398f8de9d60c6cb667f72da43ca1","d__Bacteria","Verrucomicrobiota","Chlamydiae","Chlamydiales","Parachlamydiaceae","Neochlamydia",NA
"675536c11535c05bd2c127e4a2f34baf","d__Bacteria","Firmicutes","Limnochordia","Limnochordales","Limnochordaceae","Limnochordaceae",NA
"abf7ce19b4ee68ae609cf5193220a5fb","d__Bacteria","Actinobacteriota","Thermoleophilia","Solirubrobacterales",NA,NA,NA
"6e467b4018ade7fe9d3ffddd5a28bd7a","d__Bacteria","Firmicutes","Clostridia",NA,NA,NA,NA
"1217fb44523e3632e6ab1384ae7c73ad","d__Bacteria","Firmicutes","Bacilli","Lactobacillales","Streptococcaceae","Streptococcus",NA
"733b87009f13649fc14f27fdd7d130ab","d__Bacteria","Bacteroidota","Bacteroidia","Bacteroidales","Prevotellaceae","Prevotella",NA
"9e4dcd45d1aef13b86e8110db4793041","d__Bacteria","Firmicutes","Bacilli","Lactobacillales","Streptococcaceae","Streptococcus",NA
"7622c0b90495796e5ebaf649b3947b47","d__Bacteria","Firmicutes","Bacilli","Staphylococcales","Staphylococcaceae","Staphylococcus",NA
"5444b830bb9e6efc9ebd788c81890fe0","d__Bacteria","Actinobacteriota","Actinobacteria","Corynebacteriales","Corynebacteriaceae","Corynebacterium",NA
"2b09997fda3549c48c58db08b739535c","d__Bacteria","Chloroflexi","Ktedonobacteria","Ktedonobacterales","Ktedonobacteraceae",NA,NA
"76b29056730bd732200461b2d51f17c2","d__Bacteria","Proteobacteria","Alphaproteobacteria","Rhizobiales","Beijerinckiaceae","1174-901-12",NA
"6d58cc9e6b76d31bf942a9349a11dd75","d__Bacteria","Proteobacteria","Gammaproteobacteria","Legionellales","Legionellaceae","Legionella",NA
"3b787ea936220ab65e4e4c9ef48b12ce","d__Bacteria","Firmicutes","Bacilli","Lactobacillales","Streptococcaceae","Streptococcus",NA
"d4b5e21076ba15fb9feddd2ca9fdd628","d__Bacteria","Actinobacteriota","Actinobacteria","Micrococcales",NA,NA,NA
"1c144d1ddfe201e3da8fa8383b9eef95","d__Bacteria","Firmicutes","Negativicutes","Veillonellales-Selenomonadales","Veillonellaceae","Veillonella",NA
"a974fc68816a5fb13b387ba46c434152","d__Bacteria","Proteobacteria","Gammaproteobacteria","Burkholderiales","Burkholderiaceae","Lautropia",NA
"5a258037bc23fee39fd82206b30e07b8","d__Bacteria","Firmicutes","Bacilli","Lactobacillales","Streptococcaceae","Streptococcus",NA
"7f23bf89e52a3cda85d71999e4daa922","d__Bacteria","Firmicutes","Bacilli","Lactobacillales","Streptococcaceae","Streptococcus",NA
"72a081137330e3d485cea523f4158772","d__Bacteria","Proteobacteria","Gammaproteobacteria","Enterobacterales","Pasteurellaceae",NA,NA
"ecf69314dc13e3b397a0c81cc99d3bf6","d__Bacteria","Proteobacteria","Gammaproteobacteria","Burkholderiales","Neisseriaceae","Kingella",NA
"ccd7865d06b49241e089ca1caf9f2a61","d__Bacteria","Bacteroidota","Bacteroidia","Bacteroidales",NA,NA,NA
"24db049a637a53a44ea862c05a1728a5","d__Bacteria","Actinobacteriota","Actinobacteria","Micrococcales","Micrococcaceae","Tersicoccus",NA
"f54ee19245c026b9cc128eed4706539e","d__Bacteria","Firmicutes","Bacilli","Staphylococcales","Staphylococcaceae","Nosocomiicoccus",NA
"2dccc7f9f43d7ce743535489862ff6a1","d__Bacteria","Proteobacteria","Gammaproteobacteria","Gammaproteobacteria_Incertae_Sedis","Unknown_Family","Candidatus_Berkiella",NA
"02aae50dcfae915daa8e4cdabe98a1dc","d__Bacteria","Firmicutes","Clostridia","Peptostreptococcales-Tissierellales","Family_XI","Peptoniphilus",NA
"c3a5bb0dbb3f5d79ba72fbe77d599b24","d__Bacteria","Firmicutes","Bacilli","Bacillales","Bacillaceae",NA,NA
"de3c1566a838d9791072e98a8b4bb51f","d__Bacteria","Firmicutes","Bacilli","Lactobacillales","Streptococcaceae","Streptococcus",NA
"f808a1a241f72462fad6687704c8037a","d__Bacteria","Actinobacteriota","Actinobacteria","Frankiales","Acidothermaceae","Acidothermus",NA
"f69c758302581db7350e264dfcdb78ec","d__Bacteria","Proteobacteria","Gammaproteobacteria","Enterobacterales","Enterobacteriaceae",NA,NA
"e9f8fe07926405d399ba43b3218c11f6","d__Bacteria","Proteobacteria","Gammaproteobacteria","Enterobacterales",NA,NA,NA
"83bb3680b78bf75fd4a1a294c848c723","d__Bacteria","Firmicutes","Bacilli","Staphylococcales","Staphylococcaceae","Staphylococcus",NA
"bfa5b64c37ed0e1ccd67962f07a08162","d__Bacteria","Planctomycetota","OM190","OM190","OM190","OM190",NA
"a8ed75b7796367e1370aa10a62dd68b8","d__Bacteria","Chloroflexi","Anaerolineae","uncultured","uncultured","uncultured",NA
"0c20dd60454671948995b29d663855f6","d__Bacteria","Actinobacteriota","Actinobacteria","Propionibacteriales","Nocardioidaceae","Nocardioides",NA
"3449917a142d5c042bb9a00be0c9729e","d__Bacteria","Firmicutes",NA,NA,NA,NA,NA
"44ba01b1dd429a93dc721e61f0fb4e3d","d__Bacteria","Firmicutes","Clostridia","Peptostreptococcales-Tissierellales","Family_XI","Peptoniphilus",NA
"c7298db688e7d835fef6cafb6f9eb1fc","d__Bacteria","Actinobacteriota","Actinobacteria","Corynebacteriales","Corynebacteriaceae","Corynebacterium",NA
"4738f87bd5e1edee54d4b0a878a09476","d__Bacteria","Firmicutes","Bacilli","Staphylococcales","Gemellaceae","Gemella",NA
"48b70858b5fb0a9b0c38866053daf481","d__Bacteria","Cyanobacteria","Cyanobacteriia","Synechococcales","Cyanobiaceae",NA,NA
"a3516c2f553eaed8fbc378419ff6a9ac","d__Bacteria","Proteobacteria","Gammaproteobacteria","Enterobacterales","Pasteurellaceae","Haemophilus",NA
"7d544906a20c9c8e07579798dc5a9ec1","d__Bacteria","Firmicutes","Bacilli","Staphylococcales","Staphylococcaceae","Staphylococcus",NA
"be4a1052a0ba85eb982907e7b27595ba","d__Bacteria","Actinobacteriota","Actinobacteria","Micrococcales",NA,NA,NA
"6c6e4a646b107fcb7ad45db83846079c","d__Bacteria","Actinobacteriota","Actinobacteria","Micrococcales","Micrococcaceae","Glutamicibacter",NA
"df5f607cdc1dfc4dcd2e6edc4bbcbdd3","d__Bacteria","Actinobacteriota","Actinobacteria",NA,NA,NA,NA
"d2636d9723acacdc6297b42f322d3f76","d__Bacteria","Actinobacteriota","Actinobacteria","Micrococcales",NA,NA,NA
"d9d25f3e346bc06cb5a2f3a1d84d8d59","d__Bacteria","Proteobacteria","Gammaproteobacteria","Xanthomonadales","Xanthomonadaceae",NA,NA
"9fea3b5031c3f93fa3b69cac1c053f2a","d__Bacteria",NA,NA,NA,NA,NA,NA
"7be24de4d4fcf92dde2b5d52af068266","d__Bacteria","Firmicutes","Bacilli","Lactobacillales","Lactobacillaceae","Schleiferilactobacillus",NA
"8dfd3b23a1899828eebcb35a02490102","d__Bacteria","Firmicutes","Bacilli","Bacillales","Bacillaceae","Pseudogracilibacillus",NA
"54c2c42ab1df12542da4115fbf1f8e5e","d__Bacteria","Firmicutes","Clostridia","Peptostreptococcales-Tissierellales","Family_XI","Peptoniphilus",NA
"3b73b0794fe64a73b465a3f31ecf9699","d__Bacteria","Actinobacteriota","Actinobacteria","Actinomycetales","Actinomycetaceae","Actinomyces",NA
"fc9ea01784a8c4a21fa2b5fbeadc82d4","d__Bacteria","Proteobacteria","Alphaproteobacteria","Rhizobiales","Xanthobacteraceae",NA,NA
"b983b499b626e2303f69ac819cecdf71","d__Bacteria","Firmicutes","Clostridia","Lachnospirales","Lachnospiraceae",NA,NA
"43cc849b5e74624e7507937a986b7e34","d__Bacteria","Elusimicrobiota","Elusimicrobia","Lineage_IV","Lineage_IV","Lineage_IV",NA
"0ed60cd26c6ce5a27923a175e60f45f7","d__Bacteria","Actinobacteriota","Actinobacteria","Pseudonocardiales","Pseudonocardiaceae",NA,NA
"e111cbb1c786df3f3dea0000aea2e10b","d__Bacteria","Proteobacteria","Alphaproteobacteria","Rhodobacterales","Rhodobacteraceae",NA,NA
"d81faf26a9a3ec2c823e9fadae5107d4","d__Bacteria",NA,NA,NA,NA,NA,NA
"cefb67a8286c5923b6beed57325141e3","d__Bacteria","Cyanobacteria","Cyanobacteriia","Chloroplast","Chloroplast","Chloroplast",NA
"ab21100522b46cbee4510a1338286e61","d__Bacteria","Proteobacteria","Gammaproteobacteria","Burkholderiales","Burkholderiaceae","Cupriavidus",NA
"4b15d068f35df5ebf32830c88a4dc432","d__Bacteria",NA,NA,NA,NA,NA,NA
"8c16008ec8503d7a188614556dcae618","d__Bacteria",NA,NA,NA,NA,NA,NA
"2074d78a066cd7fe782d0ef86e4bd203","d__Bacteria","Proteobacteria","Gammaproteobacteria","Legionellales","Legionellaceae","Legionella",NA
"460037c8779b069eaccbf0d3bbdc64ce","d__Bacteria","Proteobacteria","Gammaproteobacteria","Enterobacterales","Enterobacteriaceae",NA,NA
"4206d88ecd9c4d782058433403847ec5","d__Bacteria","Firmicutes","Bacilli","Lactobacillales","Streptococcaceae","Streptococcus",NA
"81b2b6dc3a5b39dab131f424d89ec348","d__Bacteria","Proteobacteria","Alphaproteobacteria",NA,NA,NA,NA
"8336d9361b7778ecf65341c3086d8fc4","d__Bacteria","Actinobacteriota","Acidimicrobiia","Microtrichales","Ilumatobacteraceae",NA,NA
"3bb79d1c953dee04801ab6b11c95f723","d__Bacteria","Firmicutes","Clostridia","Lachnospirales","Lachnospiraceae",NA,NA
"6fb81f914f18c033e7a73b9d9493dbe4","d__Bacteria","Proteobacteria","Gammaproteobacteria",NA,NA,NA,NA
"ea3b48b51a556d9c483d8eaa240e6718","d__Bacteria","Firmicutes",NA,NA,NA,NA,NA
"925ff2d0f3c88d98a2e69e2a091ffb45","d__Bacteria","Fusobacteriota","Fusobacteriia","Fusobacteriales","Fusobacteriaceae","Fusobacterium",NA
"6d7e500d67465eeac0eae435bc40ef22","d__Bacteria","Firmicutes","Clostridia","Peptostreptococcales-Tissierellales","Family_XI","Parvimonas",NA
"a39b09fe9f7cd36c6852c77b05665a48","d__Bacteria","Bacteroidota","Bacteroidia","Flavobacteriales","Flavobacteriaceae","Capnocytophaga",NA
"02c1c73e3e006417653bdc7b6246eea3","d__Bacteria","Proteobacteria","Gammaproteobacteria","Burkholderiales","Neisseriaceae","Neisseria",NA
"4c3b856292e03593a4a4202dd5744b40","d__Bacteria","Bacteroidota","Bacteroidia",NA,NA,NA,NA
"a63e4c2ec0c962d7e3932fe132286425","d__Bacteria","Proteobacteria","Gammaproteobacteria","Enterobacterales","Pasteurellaceae",NA,NA
"6475ab711359c56ba41da4844a5e8348","d__Bacteria",NA,NA,NA,NA,NA,NA
"1191d61f26808092091199cee16f51db","d__Bacteria",NA,NA,NA,NA,NA,NA
"876d91a2d668193fe1095c89311a42c2","d__Bacteria","Bacteroidota","Bacteroidia","Bacteroidales","Prevotellaceae",NA,NA
"003a8bd4cd8618c90779b3e0e344a33d","d__Bacteria","Actinobacteriota","Actinobacteria","Corynebacteriales","Corynebacteriaceae","Corynebacterium",NA
"ac5ddaf5a1646068a5f74e2ab1d7be05","d__Bacteria","Firmicutes","Bacilli","Lactobacillales",NA,NA,NA
"0323f4b41fe225e725e94be654d3867f","d__Bacteria",NA,NA,NA,NA,NA,NA
"1d76956a55fae462b82f765e3fdca2ca","d__Bacteria","Firmicutes","Clostridia","Peptostreptococcales-Tissierellales","Family_XI","Finegoldia",NA
"5332e80473afdbf4f2adb361317d19cf","d__Bacteria","Firmicutes","Bacilli","Lactobacillales",NA,NA,NA
"41cb35857a8f5f89182475f4b344161f","d__Bacteria","Firmicutes","Bacilli","Lactobacillales","Streptococcaceae","Streptococcus",NA
"484b4301b63e265cc69023b3ab0a48a4","d__Bacteria","Proteobacteria","Gammaproteobacteria","Enterobacterales",NA,NA,NA
"f10586c30b406a2c8e6199e3491594f3","d__Bacteria","Firmicutes","Bacilli","Lactobacillales",NA,NA,NA
"e8358b4c8528844f6fd1ca4abea3c04b","d__Bacteria","Actinobacteriota","Actinobacteria","Bifidobacteriales","Bifidobacteriaceae",NA,NA
"16baf3d1c2ee26e3baf48468decd5e58","d__Bacteria","Actinobacteriota","Actinobacteria","Bifidobacteriales","Bifidobacteriaceae",NA,NA
"86548bd6e4169aa7c3c65164e26f2d3a","d__Bacteria","Firmicutes","Clostridia","Peptostreptococcales-Tissierellales","Peptostreptococcaceae","Peptostreptococcus",NA
"e664da2d7d4e10eac1bd924bd3de088f","d__Bacteria","Firmicutes","Bacilli","Lactobacillales","Streptococcaceae","Streptococcus",NA
"3e3788f5fbbbd0f93508403449e91bfe","d__Bacteria","Proteobacteria","Gammaproteobacteria","Enterobacterales","Pasteurellaceae","Haemophilus",NA
"fcc955c7a378df18349fed7ae0718f4b","d__Bacteria","Firmicutes","Clostridia","Lachnospirales","Lachnospiraceae","[Eubacterium]_hallii_group",NA
"b1a698e00d51c7cd2627db27883eede5","d__Bacteria","Actinobacteriota","Actinobacteria","Micromonosporales","Micromonosporaceae",NA,NA
"8711d1ef1bbca250988d88bda3762696","d__Bacteria","Firmicutes","Negativicutes","Veillonellales-Selenomonadales","Veillonellaceae","Dialister",NA
"907f02fdad7ab5250ba3e7b82af18c5d","d__Bacteria","Proteobacteria","Alphaproteobacteria","Rhizobiales","Rhizobiaceae",NA,NA
"9ccf1c257465dc6f0cf5a54124e225dd","d__Bacteria","Actinobacteriota","Actinobacteria","Bifidobacteriales","Bifidobacteriaceae",NA,NA
"925861f263d24a28d59ab14d3f37053b","d__Bacteria","Bacteroidota","Bacteroidia","Bacteroidales","Prevotellaceae","Prevotella_7",NA
"fa4b1b8576016d36d2711bd62b682b9d","d__Bacteria","Proteobacteria","Gammaproteobacteria","Enterobacterales","Vibrionaceae",NA,NA
"584aa75630c7798c423cf651d3c04939","d__Bacteria","Proteobacteria","Alphaproteobacteria","Sphingomonadales","Sphingomonadaceae",NA,NA
"76997a30144278aee35b6a50874c6e12","d__Bacteria","Acidobacteriota","Blastocatellia","Blastocatellales","Blastocatellaceae",NA,NA
"e7745b87e0060271f66941c6d17e315a","d__Bacteria","Patescibacteria","Saccharimonadia","Saccharimonadales","LWQ8","LWQ8",NA
"23daca4a18c3d67a1983a2e58bce8a3d","d__Bacteria","Actinobacteriota","Actinobacteria","Micrococcales","Micrococcaceae",NA,NA
"84d64eed8df2ae8e1b5f5b8fc0b84760","d__Bacteria","Proteobacteria","Gammaproteobacteria","Burkholderiales","Burkholderiaceae","Lautropia",NA
"9e8a329019a4199f9adced94c6c2be48","d__Bacteria","Actinobacteriota","Actinobacteria","Micromonosporales","Micromonosporaceae","uncultured",NA
"eb17317f04dcbe5fc298de16989d5186","d__Bacteria","Proteobacteria","Alphaproteobacteria","Rhizobiales","A0839","A0839",NA
"39716b72ec85ad7dfefa7566310b0fd5","d__Bacteria","Firmicutes","Bacilli","Staphylococcales","Staphylococcaceae","Staphylococcus",NA
"811981f2ea82afe319b9dccfee02bcc9","d__Bacteria",NA,NA,NA,NA,NA,NA
"73714a9fd2d89acc9b0ecf6ba3e43bda","d__Bacteria","Firmicutes","Bacilli","Staphylococcales","Staphylococcaceae","Staphylococcus",NA
"bd4b4be135653b2ecbe8769942be4d9d","d__Bacteria","Patescibacteria","Gracilibacteria","Absconditabacteriales_(SR1)","Absconditabacteriales_(SR1)","Absconditabacteriales_(SR1)",NA
"73be3b78e845c1820aa00e6df4b52c18","d__Bacteria","Actinobacteriota","Actinobacteria","Bifidobacteriales","Bifidobacteriaceae","Gardnerella",NA
"e005d6cb3ebe85b16c8cef94f6389fc9","d__Bacteria","Firmicutes","Clostridia","Lachnospirales","Lachnospiraceae",NA,NA
"dca2a987357ae3a673cba1cdc25e222f","d__Bacteria",NA,NA,NA,NA,NA,NA
"e88dadd0fa9c5f42b640301a01ddb05f","d__Bacteria","Actinobacteriota","Actinobacteria","Corynebacteriales","Nocardiaceae","Rhodococcus",NA
"3cdc00484f68dda432df8decc726eb93","d__Bacteria","Actinobacteriota","Actinobacteria","Corynebacteriales","Corynebacteriaceae","Corynebacterium",NA
"ee59e7a0cf016aa2eb3d96b73b190330","d__Bacteria","Actinobacteriota","Actinobacteria","Corynebacteriales","Corynebacteriaceae","Corynebacterium",NA
"462f2f18464b7556e611aa6baced7a03","d__Bacteria","Proteobacteria","Gammaproteobacteria","Pseudomonadales","Moraxellaceae","Psychrobacter",NA
"50be31762f3704c541fdd0faa20e0418","d__Bacteria",NA,NA,NA,NA,NA,NA
"c057e58d5e881ea0c83909523e26e176","d__Bacteria","Firmicutes","Bacilli","Staphylococcales","Staphylococcaceae","Staphylococcus",NA
"179746052e3e81c016110c598cd7b800","d__Bacteria","Firmicutes","Clostridia","Peptostreptococcales-Tissierellales","Peptostreptococcaceae",NA,NA
"39df9a4215c514e1076f7877f7d6eeb6","d__Bacteria",NA,NA,NA,NA,NA,NA
"32f1724e9ab0cfc1a4cc6cfc5df72c9d","d__Bacteria","Actinobacteriota","Actinobacteria","Propionibacteriales","Nocardioidaceae","Nocardioides",NA
"ae92cdc27cb17132a13d4d53a81eb692","d__Bacteria","Actinobacteriota","Actinobacteria","Frankiales",NA,NA,NA
"894db08ed4c1b659552be6f5c58e52ad","d__Bacteria","Chloroflexi","Chloroflexia","Thermomicrobiales","JG30-KF-CM45","JG30-KF-CM45",NA
"daadfd0858d4f019c8dd5252c00d403d","d__Bacteria","Firmicutes","Clostridia","Peptostreptococcales-Tissierellales","Anaerovoracaceae","Mogibacterium",NA
"a849d0e7ae9fab1e5ba500888ca4dd48","d__Bacteria","Deferribacterota","Deferribacteres","Deferribacterales","Deferribacteraceae","Mucispirillum",NA
"5e34761a84666256781a10d7f1767ddc","d__Bacteria","Bacteroidota","Bacteroidia","Bacteroidales","Prevotellaceae",NA,NA
"95fe0d71ffadc250cd88ae8fa24f67f8","d__Bacteria","Actinobacteriota","Actinobacteria","Bifidobacteriales","Bifidobacteriaceae","Bifidobacteriaceae",NA
"98742a7a6fc85f9e1d3a1c4bf515f120","d__Bacteria","Bacteroidota","Bacteroidia","Bacteroidales","Prevotellaceae","Prevotella",NA
"8c4802ce5b7fc09e82e4bb128cf56348","d__Bacteria",NA,NA,NA,NA,NA,NA
"46ea02b36ddf72112d0508b4b7b1764d","d__Bacteria","Bacteroidota","Bacteroidia","Bacteroidales","Prevotellaceae","Prevotella_7",NA
"8136fdbb1028ee1021bbd779d3694cf3","d__Bacteria","Bacteroidota","Bacteroidia","Bacteroidales","Prevotellaceae","Prevotella_9",NA
"9e327f4536d348e0b7cfcd0025c4bcdc","d__Bacteria","Actinobacteriota","Actinobacteria","Propionibacteriales","Nocardioidaceae","Nocardioides",NA
"f86f7aac5b82dba8901aa267f164d48a","d__Bacteria","Actinobacteriota","Acidimicrobiia","Microtrichales","uncultured","uncultured",NA
"2a7e4268c00a8b4a63ad1fc9e50e971d","d__Bacteria","Actinobacteriota","Actinobacteria","Pseudonocardiales","Pseudonocardiaceae","Saccharomonospora",NA
"9b24b478a2856614dd411338234f0819","d__Bacteria","Firmicutes","Bacilli","Paenibacillales","Paenibacillaceae",NA,NA
"2b60db7490c8a249ba467baa391a2730","d__Bacteria","Firmicutes","Bacilli","Staphylococcales","Staphylococcaceae","Staphylococcus",NA
"520a323123875b2b2cdcb05c2f066549","d__Bacteria","Firmicutes","Clostridia","Peptostreptococcales-Tissierellales","Family_XI","Peptoniphilus",NA
"3a27d97f3067aa3d3450d048f5f46b5f","d__Bacteria","Proteobacteria","Gammaproteobacteria","Diplorickettsiales","Diplorickettsiaceae","Aquicella",NA
"70d01f9b45accfe7032ee702a1e3ded1","d__Bacteria","Firmicutes","Clostridia","Peptostreptococcales-Tissierellales","Family_XI","Fenollaria",NA
"6f3dab86d12dffc1286d2acad5fcdca9","d__Bacteria","Fusobacteriota","Fusobacteriia","Fusobacteriales","Leptotrichiaceae","Leptotrichia",NA
"55bddb3e7e2ba45d6e5d30725f66ae2c","d__Bacteria",NA,NA,NA,NA,NA,NA
"308255c374167e1e6e8d2a0ba6e7d7b3","d__Bacteria","Actinobacteriota","Actinobacteria","Micrococcales","Micrococcaceae","Rothia",NA
"bbf76882f1b26a48a634a11c727f57ea","d__Bacteria","Firmicutes","Bacilli","Lactobacillales","Streptococcaceae","Streptococcus",NA
"d705b9be373160e8376a2865eec5acee","d__Bacteria","Firmicutes","Negativicutes","Veillonellales-Selenomonadales","Veillonellaceae",NA,NA
"8eb01b43f1fa6a705db12abc8d520308","d__Bacteria",NA,NA,NA,NA,NA,NA
"9bd51e0f8a4304ebfac48fe94a0dc80b","d__Bacteria",NA,NA,NA,NA,NA,NA
"c7cf7f19e539252ca2707b40e0cb8606","d__Bacteria","Actinobacteriota","Actinobacteria","Propionibacteriales","Propionibacteriaceae","Propionibacterium",NA
"b4ce2ea67b1cd420ae60ce13f9bd094d","d__Bacteria","Actinobacteriota","Actinobacteria","Micrococcales","Micrococcaceae","Rothia",NA
"f0f9322f7a9f21dd8d1ce48ec0c4cfdd","d__Bacteria","Firmicutes","Bacilli","Lactobacillales","Streptococcaceae","Streptococcus",NA
"7e0fe6b4a3e6d5008fcce2aba31b77aa","d__Bacteria",NA,NA,NA,NA,NA,NA
"b1a0b0dcdb60d40162cfcbde87bbc294","d__Bacteria","Proteobacteria","Alphaproteobacteria","Rhizobiales","Rhizobiaceae",NA,NA
"364f5fc62839af8193a74ccfb7db3a4a","d__Bacteria","Bdellovibrionota","Oligoflexia","0319-6G20","0319-6G20","0319-6G20",NA
"5ca5d0730f01948cf602b7b7a04bd5a4","d__Bacteria","Myxococcota","Polyangia","Polyangiales","Sandaracinaceae","uncultured",NA
"8b71b9239196e1a9822fc10ff06b1eb8","d__Bacteria","Proteobacteria","Gammaproteobacteria","Xanthomonadales","Xanthomonadaceae",NA,NA
"b9335ffcb4aa382b1a9ff4a5e5eea9d2","d__Bacteria","Actinobacteriota","Thermoleophilia","Solirubrobacterales","Solirubrobacteraceae","Patulibacter",NA
"e2e16359f85b46bb5b26c1759d8d0270","d__Bacteria","Proteobacteria","Gammaproteobacteria","Burkholderiales","Neisseriaceae","Neisseria",NA
"f3f96c9aacd58cce1df457a78761ad04","d__Bacteria","Proteobacteria","Alphaproteobacteria","Rhizobiales","Methyloligellaceae","Methyloligellaceae",NA
"28479ad755523cd6e4e000fdd551dc13","d__Bacteria","Firmicutes","Bacilli","Thermoactinomycetales","Thermoactinomycetaceae","Planifilum",NA
"b4b499b2eecf15981d4bc3cb014cf9bf","d__Bacteria","Cyanobacteria","Cyanobacteriia","Chloroplast","Chloroplast","Chloroplast",NA
"07402f4b7e74265cc0a8598ad5c7962d","d__Bacteria","Firmicutes","Clostridia","Peptostreptococcales-Tissierellales","Peptostreptococcaceae","Sporacetigenium",NA
"f55aede9301f9eb90450efebc211391d","d__Bacteria","Firmicutes","Bacilli","Staphylococcales","Staphylococcaceae",NA,NA
"1ce1426ee2e7101b3c1370d281804722","d__Bacteria","Firmicutes","Bacilli","Paenibacillales","Paenibacillaceae","Cohnella",NA
"60648810ee3b37051d6dd6192d4715a3","d__Bacteria","Proteobacteria","Gammaproteobacteria","Xanthomonadales","Xanthomonadaceae",NA,NA
"dec6b9a13c843f6ab7c83fa85158248d","d__Bacteria",NA,NA,NA,NA,NA,NA
"6fcacbea8085f01b6563383334b587dd","d__Bacteria","Patescibacteria","Saccharimonadia","Saccharimonadales","Saccharimonadaceae","Saccharimonadaceae",NA
"4b1f039d7572732148ed37b9433da6d0","d__Bacteria","Proteobacteria","Alphaproteobacteria","Rhizobiales","Beijerinckiaceae","Microvirga",NA
"cdb49d9b2720e0b11ba4e19a7427b181","d__Bacteria","Firmicutes","Clostridia","Lachnospirales","Lachnospiraceae","Anaerostignum",NA
"e5c581a8a2bcc233cfe99118a9407d6d","d__Bacteria","Chloroflexi","Chloroflexia","Thermomicrobiales","JG30-KF-CM45","JG30-KF-CM45",NA
"6d885ce4a1adb29bb70dfb9456204e26","d__Bacteria","Proteobacteria","Alphaproteobacteria","Defluviicoccales","Defluviicoccaceae","Defluviicoccus",NA
"4b9e6eb3fc77380ff6f2ccbe22f348db","d__Bacteria",NA,NA,NA,NA,NA,NA
"6cadf5c1a7bc8a40653f0a7c9c57a6ad","d__Bacteria","Firmicutes","Bacilli","Staphylococcales","Staphylococcaceae","Staphylococcus",NA
"572caff9a663b23ba72748ffdc25e561","d__Bacteria","Patescibacteria","Saccharimonadia","Saccharimonadales","Saccharimonadaceae","Saccharimonadaceae",NA
"69e0a7107d721aaaec7e692c268238b8","d__Bacteria","Firmicutes",NA,NA,NA,NA,NA
"0db15ed072d3463a7ea69199e19d016b","d__Bacteria","Firmicutes","Clostridia","Peptostreptococcales-Tissierellales","Family_XI","Anaerococcus",NA
"1e5d61099c18e27735b075c54bff5d58","d__Bacteria","Firmicutes","Bacilli","Staphylococcales","Staphylococcaceae",NA,NA
"f34e150f748ac98d721186d14d521af8","d__Bacteria","Firmicutes","Bacilli","Lactobacillales","Streptococcaceae","Streptococcus",NA
"5390fb625fa4cdb89b61183d0c969041","d__Bacteria","Firmicutes","Bacilli","Lactobacillales","Streptococcaceae","Streptococcus",NA
"6f7eba91cea793f82877a9f32ec0bf9d","d__Bacteria","Actinobacteriota","Actinobacteria","Actinomycetales","Actinomycetaceae","Actinomyces",NA
"2f55778fd0dff69f02f089af649a26bd","d__Bacteria","Firmicutes","Negativicutes","Veillonellales-Selenomonadales","Selenomonadaceae","Selenomonas",NA
"3a7e967f5010c025fcbb67599c6c66a4","d__Bacteria","Actinobacteriota","Actinobacteria","Micrococcales",NA,NA,NA
"34b0fa9bbe9705f39fa0625e59efd049","d__Bacteria","Proteobacteria","Alphaproteobacteria","Rhodobacterales","Rhodobacteraceae",NA,NA
"21868e22de5bab2cebb2e39290c72028","d__Bacteria","Firmicutes","Bacilli","Lactobacillales","Lactobacillaceae","Ligilactobacillus",NA
"34055d6476a5b5c58e00e195717fb371","d__Bacteria","Firmicutes","Bacilli","Staphylococcales","Staphylococcaceae","Staphylococcus",NA
"cd91c11eec112edf11f34e84913f7017","d__Bacteria","Proteobacteria","Alphaproteobacteria",NA,NA,NA,NA
"97dd976cf45065f8cfc7f266a346c836","d__Bacteria","Proteobacteria","Alphaproteobacteria","Acetobacterales","Acetobacteraceae",NA,NA
"bf0438f23fdac39acaf4c08d1f0868c9","d__Bacteria","Firmicutes","Clostridia","Lachnospirales","Lachnospiraceae",NA,NA
"c351505873390a76220ab164dc29f004","d__Bacteria","Firmicutes","Clostridia","Peptostreptococcales-Tissierellales","Family_XI","Parvimonas",NA
"adc12d4a3c93d9d253d190067ab9f0cd","d__Bacteria","Firmicutes","Bacilli","Thermoactinomycetales","Thermoactinomycetaceae","Risungbinella",NA
"6efcc75bf9e362f40b2c2b70ff9299de","d__Bacteria","Proteobacteria","Alphaproteobacteria","Rhodobacterales","Rhodobacteraceae","uncultured",NA
"7eb51b3a157b3bad57b854e4ab999ba2","d__Bacteria","Actinobacteriota","Actinobacteria","Corynebacteriales","Corynebacteriaceae","Corynebacterium",NA
"ad6f092c07572cdbcd4fff16196be21a","d__Bacteria","Firmicutes","Clostridia","Lachnospirales","Lachnospiraceae",NA,NA
"1bb303e9ac3ee793609d696957b6bfe5","d__Bacteria","Firmicutes","Bacilli","Lactobacillales","Streptococcaceae","Streptococcus",NA
"01c5798a6d5b702b708466e47ef58aed","d__Bacteria","Proteobacteria","Gammaproteobacteria","Steroidobacterales","Steroidobacteraceae","Steroidobacter",NA
"8837732686c877b9ac9043ed75043f58","d__Bacteria",NA,NA,NA,NA,NA,NA
"92f8179a10e6f15ce77794181b0668d0","d__Bacteria","Proteobacteria","Alphaproteobacteria","Acetobacterales","Acetobacteraceae",NA,NA
"7e1abff9c697dc70b712b55e4993781c","d__Bacteria","Actinobacteriota","Actinobacteria","Micrococcales","Micrococcales_Incertae_Sedis","Timonella",NA
"96f3e5730e2523bb4777d782c4ba789c","d__Bacteria","Actinobacteriota","Actinobacteria","Actinomycetales","Actinomycetaceae","Actinomyces",NA
"7fb05c21236880056184944f6e2b2057","d__Bacteria",NA,NA,NA,NA,NA,NA
"97b6a3c5c6c1122d6f4f6558f0f66ba7","d__Bacteria",NA,NA,NA,NA,NA,NA
"cbc29cae67447dd0efe49e53f634f345","d__Eukaryota","Vertebrata","Actinopterygii","Teleostei","Teleostei","Teleostei",NA
"50f9bae87d59ddfef5741e951e14cdf7","d__Bacteria","Proteobacteria","Gammaproteobacteria",NA,NA,NA,NA
"a7fdf01fd7c3dc293bf17f8f2b05dfd6","d__Bacteria","Verrucomicrobiota","Verrucomicrobiae","Opitutales","Opitutaceae","Lacunisphaera",NA
"99faeceb900a1673335af0ce7b3fab6e","d__Bacteria","Proteobacteria","Gammaproteobacteria","Pseudomonadales","Moraxellaceae","Acinetobacter",NA
"9fe35db7def930f4e5856910c7176b18","d__Bacteria",NA,NA,NA,NA,NA,NA
"221fa66575c610b430f9463395dfdd3b","d__Bacteria","Fusobacteriota","Fusobacteriia","Fusobacteriales","Fusobacteriaceae","Fusobacterium",NA
"a8e716977ffde7920dcb497c30c337f8","d__Bacteria","Firmicutes",NA,NA,NA,NA,NA
"1cea5c3de6ade18a9da9b48930580e01","d__Bacteria","Bacteroidota","Bacteroidia","Bacteroidales","Prevotellaceae","Prevotella_7",NA
"d0420c9edd32ed84a15c1b711c54bdf4","d__Bacteria","Firmicutes","Bacilli","Lactobacillales","Streptococcaceae","Streptococcus",NA
"9814c352b79fb213051aa14e63f28820","d__Bacteria","Actinobacteriota","Actinobacteria","Bifidobacteriales","Bifidobacteriaceae",NA,NA
"4ed2e58cf2a5110bdf8ac7ea3aac344e","d__Bacteria","Actinobacteriota","Actinobacteria","Corynebacteriales","Corynebacteriaceae","Corynebacterium",NA
"0a84759d56891b5da536cdf59f7a015e","d__Bacteria","Firmicutes","Clostridia","Oscillospirales","Ruminococcaceae","Faecalibacterium",NA
"e67a4a209a2255a81891d68e9dcaae17","d__Bacteria","Bacteroidota","Bacteroidia","Bacteroidales","Bacteroidaceae","Bacteroides",NA
"b52bea4227553d8f5c904d698fed66fb","d__Bacteria","Bacteroidota","Bacteroidia","Bacteroidales","Prevotellaceae","Prevotella",NA
"2a4570222ce207cac3ce7caaa282063e","d__Bacteria",NA,NA,NA,NA,NA,NA
"e95c37773e317a3710b18f5971aafdef","d__Bacteria","Actinobacteriota","Actinobacteria","Propionibacteriales","Propionibacteriaceae","Propionimicrobium",NA
"5960db365941897778b0fe20a56ae6a7","d__Bacteria","Bacteroidota","Bacteroidia","Bacteroidales","Prevotellaceae","Prevotella_7",NA
"16df538a905ac05ad19e9a5c8a5f11e3","d__Bacteria","Actinobacteriota","Actinobacteria","Bifidobacteriales","Bifidobacteriaceae","Gardnerella",NA
"5cfd871716a1b9a8c41b6a73eded5077","d__Bacteria","Firmicutes","Clostridia","Lachnospirales","Lachnospiraceae",NA,NA
"a62678dc32918585ff26c2d0b180e467","d__Bacteria","Actinobacteriota","Actinobacteria","Micrococcales",NA,NA,NA
"1a44f07df667ba89ee9f8b883025c31e","d__Bacteria",NA,NA,NA,NA,NA,NA
"afb6224d05e07352239d18a272db88c0","d__Bacteria","Firmicutes","Bacilli","Lactobacillales","Streptococcaceae","Streptococcus",NA
"ab6cfba5ba36340e75d8ca0c5d6e07d0","d__Bacteria","Bacteroidota","Bacteroidia","Bacteroidales","Prevotellaceae",NA,NA
"53d1543e4be0f4d4d604add9b86d5520","d__Bacteria","Bacteroidota","Bacteroidia","Bacteroidales","Prevotellaceae","Prevotella_7",NA
"64d98d617c6a2e1481e7db22f2d0d176","d__Bacteria","Actinobacteriota","Acidimicrobiia",NA,NA,NA,NA
"95ffbc7cd029bef0ded25ded1464da18","d__Bacteria","Proteobacteria","Gammaproteobacteria","Pseudomonadales","Moraxellaceae","Acinetobacter",NA
"23d4a9803d203469bf0427f99e3fc53b","d__Bacteria","Actinobacteriota","Actinobacteria","Corynebacteriales","Corynebacteriaceae","Corynebacterium",NA
"258508d06b022adac556f733cb862e3b","d__Bacteria","Bacteroidota","Bacteroidia","Bacteroidales","Prevotellaceae","Prevotella",NA
"89645c086f74cbd90d29564254a29c22","d__Bacteria","Actinobacteriota","Actinobacteria","Micrococcales","Micrococcaceae",NA,NA
"4a907e118817424bb138145029e524b3","d__Bacteria","Proteobacteria","Alphaproteobacteria","Rhizobiales","Xanthobacteraceae","Xanthobacter",NA
"c25cd40baccc118ead3ea9dc221510c6","d__Bacteria","Firmicutes","Bacilli","Exiguobacterales","Exiguobacteraceae","Exiguobacterium",NA
"ed3578b879a26b317f3d57844b1a376c","d__Bacteria","Actinobacteriota","Thermoleophilia","Solirubrobacterales",NA,NA,NA
"838c3154f7e73cbe02c4c9551d711a28","d__Bacteria","Actinobacteriota","Actinobacteria","Corynebacteriales","Corynebacteriaceae","Corynebacterium",NA
"a84eff431ed4f62842ab50be01b5fd96","d__Bacteria","Firmicutes","Bacilli",NA,NA,NA,NA
"5a931905b8665106e243711ef5823a90","d__Bacteria",NA,NA,NA,NA,NA,NA
"e9dd892ac1041572afdaa7506daf7dd3","d__Bacteria","Firmicutes","Bacilli","Staphylococcales","Staphylococcaceae","Staphylococcus",NA
"8a6af872746950bd3926850563005cd1","d__Bacteria","Bacteroidota","Bacteroidia","Bacteroidales","Prevotellaceae","Alloprevotella",NA
"9ce4bf0897e332e360bc81441639c79b","d__Bacteria","Bacteroidota","Bacteroidia","Bacteroidales","Tannerellaceae","Parabacteroides",NA
"79dd87537c5a72f7366e2ed044dc86c5","d__Bacteria","Proteobacteria","Alphaproteobacteria","Sphingomonadales","Sphingomonadaceae","Sphingomonas",NA
"193d66d23b7b586f135b7f22f72a1a8a","d__Bacteria","Actinobacteriota","Thermoleophilia","Gaiellales","uncultured","uncultured",NA
"027fe946479aae470c3742e2fbd941fe","d__Bacteria",NA,NA,NA,NA,NA,NA
"9d57404706f7cb52c169906c50b0e24e","d__Bacteria","Firmicutes",NA,NA,NA,NA,NA
"27565e8eb95e01ba012dbfa129a9badc","d__Bacteria","Firmicutes","Clostridia","Lachnospirales","Lachnospiraceae","Stomatobaculum",NA
"84067807270b7f30291038dc7878692e","d__Bacteria","Firmicutes","Negativicutes","Veillonellales-Selenomonadales","Selenomonadaceae","Selenomonas",NA
"4d12f6871d984046d9d1ebb3a1004108","d__Bacteria","Bacteroidota","Bacteroidia","Bacteroidales","Porphyromonadaceae","Porphyromonas",NA
"62ee37b16049a96be2e67976431f2935","d__Bacteria",NA,NA,NA,NA,NA,NA
"f9a111e0da381f3b429ab7433512add0","d__Bacteria","Actinobacteriota","Acidimicrobiia","IMCC26256","IMCC26256","IMCC26256",NA
"3e7bf5e8720a0ef8d4c50fe415a75b3e","d__Bacteria","Firmicutes","Bacilli","Paenibacillales","Paenibacillaceae","Cohnella",NA
"20f8b1f9e5a3958eb0cf1faa3abd5b95","d__Bacteria","Firmicutes","Bacilli","Lactobacillales","Streptococcaceae","Streptococcus",NA
"1154c595f80e270ed34dedfccb5eec46","d__Bacteria","Firmicutes","Bacilli","Lactobacillales","Streptococcaceae","Streptococcus",NA
"57f840dc75c766096c5771bd6f6b42aa","d__Bacteria","Fusobacteriota","Fusobacteriia","Fusobacteriales","Fusobacteriaceae","Fusobacterium",NA
"4301eff36d3afeeafe1c8bc2b53a85cf","d__Bacteria","Proteobacteria","Alphaproteobacteria","Rhizobiales","Beijerinckiaceae","Rhodoblastus",NA
"2fc6534e16663445409269cf21916b3d","d__Bacteria","Firmicutes","Bacilli","Thermoactinomycetales","Thermoactinomycetaceae","Planifilum",NA
"e7c8588ea79b0176bd2bb0726e2b23ce","d__Bacteria","Firmicutes","Clostridia","Lachnospirales","Lachnospiraceae",NA,NA
"8d7032c6c5c375b43e1423bd51d7c9f6","d__Bacteria","Actinobacteriota","Actinobacteria","Propionibacteriales","Propionibacteriaceae","Raineyella",NA
"e370d286a8ca147369923b75a1c63006","d__Bacteria","Bacteroidota","Bacteroidia","Cytophagales","Cytophagaceae","Sporocytophaga",NA
"ea0a5e54835e11d1b3250b2129a90d04","d__Bacteria","Firmicutes","Bacilli","Lactobacillales","Lactobacillaceae","Weissella",NA
"45faa514f14ceecb791684bb0b127aa3","d__Bacteria","Firmicutes","Clostridia","Peptococcales","Peptococcaceae","Peptococcus",NA
"26b01871eb4b2518248031f009a9f583","d__Bacteria","Firmicutes","Clostridia","Lachnospirales","Lachnospiraceae",NA,NA
"ff694be5a14cd69388ca4cbb7a72a463","Unassigned",NA,NA,NA,NA,NA,NA
"dede5b58ba1a25e8d9df3b984b20a35a","d__Bacteria","Firmicutes","Bacilli","Staphylococcales","Gemellaceae","Gemella",NA
"80856eaae765070afa5077dfd8e7f7bc","d__Bacteria","Firmicutes",NA,NA,NA,NA,NA
"3af2224f3ffe310d73ee8d2263486e3e","d__Bacteria","Actinobacteriota","Acidimicrobiia","Microtrichales",NA,NA,NA
"7ee44460578bfb3b29d60cc7f1bdea16","d__Bacteria","Chloroflexi","Chloroflexia","Thermomicrobiales","JG30-KF-CM45","JG30-KF-CM45",NA
"f9bde381861c8e12dbabfa0de8194f3f","d__Bacteria","Firmicutes","Bacilli","Lactobacillales","Aerococcaceae","Abiotrophia",NA
"40f78fc453e0e975fb5f1217924df60c","d__Bacteria","Actinobacteriota","Actinobacteria","Corynebacteriales","Corynebacteriaceae","Corynebacterium",NA
"8677309dd4b2cf106f31c75edccb46dc","d__Bacteria","Firmicutes","Bacilli","Lactobacillales","Aerococcaceae","Aerococcus",NA
"eb092a07a724c0f16d164b715cd25424","d__Bacteria",NA,NA,NA,NA,NA,NA
"dab703c22c6feede61490aed20e280de","d__Bacteria","Bacteroidota","Bacteroidia","Flavobacteriales","Weeksellaceae","Cruoricaptor",NA
"0870cecffe4d993d322b9b7dc392ef03","d__Bacteria","Bacteroidota","Bacteroidia","Cytophagales","Cyclobacteriaceae","Tunicatimonas",NA
"42e97c29c4879f175f1e2b998a825a4f","d__Bacteria","Verrucomicrobiota","Chlamydiae","Chlamydiales","Parachlamydiaceae","Candidatus_Rubidus",NA
"a6817d1dd2154c1d38fcaedc07044c53","d__Bacteria","Patescibacteria","Saccharimonadia","Saccharimonadales","Saccharimonadales","Saccharimonadales",NA
"0c359967f6a3a93bff614b8376c4af19","d__Bacteria","Campylobacterota","Campylobacteria","Campylobacterales","Campylobacteraceae","Campylobacter",NA
"5848fa2e056ed8c7c9d3fc82a317a851","d__Bacteria","Patescibacteria","Saccharimonadia","Saccharimonadales",NA,NA,NA
"bc49c9aaf088e75d1af3a3ebb85913ed","d__Bacteria","Actinobacteriota","Actinobacteria","Actinomycetales","Actinomycetaceae","Actinomyces",NA
"c9aa1143cffc32db4db3b5a844ea26af","d__Bacteria","Actinobacteriota","Actinobacteria","Corynebacteriales","Corynebacteriaceae","Corynebacterium",NA
"1ecc676ac9749008d87d68b938a7646b","d__Bacteria","Firmicutes","Clostridia","Lachnospirales","Lachnospiraceae",NA,NA
"29733eade2d3251fa2a2a93e8ea82ead","d__Bacteria","Actinobacteriota","Actinobacteria","Corynebacteriales","Corynebacteriaceae","Corynebacterium",NA
"2fb65f9411c7d082e4cfcad06dc0e478","d__Bacteria","Bacteroidota","Bacteroidia","Sphingobacteriales",NA,NA,NA
"a9bb71846989e56e0e6b014c94ee62e5","d__Bacteria","Firmicutes","Bacilli","Paenibacillales","Paenibacillaceae","Paenibacillus",NA
"f92bfce7ca017798f6e3018206d95b85","d__Bacteria","Firmicutes","Clostridia","Lachnospirales","Lachnospiraceae",NA,NA
"f6d5d9c6de7733ee11794d96f520912b","d__Bacteria","Firmicutes","Bacilli","Bacillales","Bacillaceae",NA,NA
"b90d50e8b464f9791ec61df06fc8e2e6","d__Bacteria","Actinobacteriota","Thermoleophilia","Solirubrobacterales",NA,NA,NA
"7f2b8e8d8abee1ad1a54f034cdc121d3","d__Bacteria","Firmicutes","Bacilli",NA,NA,NA,NA
"4dfdc8bc398e65c1e14150b2e9ae0125","d__Bacteria","Proteobacteria","Gammaproteobacteria","Pseudomonadales","Moraxellaceae","Acinetobacter",NA
"6b6c67cfd566678b44f3927314db5f24","d__Bacteria","Actinobacteriota","Actinobacteria","Micrococcales","Micrococcaceae",NA,NA
"85aeb90e7d99afd4abb65c41c693fa54","d__Bacteria","WPS-2","WPS-2","WPS-2","WPS-2","WPS-2",NA
"9eea3992278c83b7c818f4b1f6909eeb","d__Bacteria","Actinobacteriota","Actinobacteria","Corynebacteriales","Corynebacteriaceae","Corynebacterium",NA
"51f399bdb981944f9cf75a464eb9fe02","d__Bacteria","Actinobacteriota","Actinobacteria","Propionibacteriales","Propionibacteriaceae","Cutibacterium",NA
"fefb4774ea6b98296f46bdba5be15b9f","d__Bacteria","Proteobacteria","Alphaproteobacteria","Azospirillales","Azospirillaceae","Azospirillum",NA
"c6863e7759e2ec57d7e1f144d0c102bd","d__Bacteria","Bacteroidota","Bacteroidia","Bacteroidales","Prevotellaceae",NA,NA
"aade1d89973256c82b3fa707d2a6072e","d__Bacteria","Actinobacteriota","Actinobacteria","Propionibacteriales","Nocardioidaceae",NA,NA
"49c545b84875c389fc5a9970aec65dcf","d__Bacteria","Firmicutes","Bacilli","Staphylococcales","Staphylococcaceae","Staphylococcus",NA
"792e3a168153ce23773cfc158b27f0b5","d__Bacteria","Firmicutes","Bacilli","Staphylococcales","Staphylococcaceae","Staphylococcus",NA
"d8a60e306d9375dec7d2c7af8da2867a","d__Bacteria","Proteobacteria","Alphaproteobacteria","Rhizobiales","Xanthobacteraceae","Pseudolabrys",NA
"27b747e18f8ada0d859d77f2fd16e133","d__Bacteria","Proteobacteria","Gammaproteobacteria","Pseudomonadales","Moraxellaceae","Enhydrobacter",NA
"ea709cf8ca98b3245532cd2d7f27c0c2","d__Bacteria","Firmicutes",NA,NA,NA,NA,NA
"87c328da8f0e5289554a6c5005a9f452","d__Bacteria","Firmicutes",NA,NA,NA,NA,NA
"2d197034cca73732bcf648676865cfe0","d__Bacteria","Firmicutes",NA,NA,NA,NA,NA
"049c7c15ad94849f77918dfb5417eba2","d__Bacteria",NA,NA,NA,NA,NA,NA
"97f7bfd36a18fc1ac171c702893b6506","d__Bacteria","Actinobacteriota","Actinobacteria","Micrococcales","Dermatophilaceae","uncultured",NA
"2320d3dead8ec0f8bab2c7326c960ae8","d__Bacteria","Proteobacteria","Gammaproteobacteria","Enterobacterales",NA,NA,NA
"273445cc212cc699ce6ed1c243aee9a4","d__Bacteria","Firmicutes","Bacilli",NA,NA,NA,NA
"c869e8423a86d6a1c60a2438242d51c7","d__Bacteria","Patescibacteria","Saccharimonadia","Saccharimonadales",NA,NA,NA
"2aa4e3bdbec093804484bbb78075ca21","d__Bacteria","Cloacimonadota","Cloacimonadia","Cloacimonadales",NA,NA,NA
"05080cb36d360a56dfcaec5176ede4f0","d__Bacteria","Proteobacteria","Gammaproteobacteria",NA,NA,NA,NA
"c3e6102b3c00af9f82582df6ea8c6756","d__Bacteria","Actinobacteriota","Actinobacteria","Micromonosporales","Micromonosporaceae","Salinispora",NA
"bf07de6ee5257ed264700f3cdfff36a9","d__Bacteria","Actinobacteriota","Actinobacteria","Bifidobacteriales","Bifidobacteriaceae","Bifidobacterium",NA
"7ac8fd93962ebfaae803599c6310aabd","d__Bacteria","Firmicutes","Limnochordia","MBA03","MBA03","MBA03",NA
"adb9dd9408cba22e5022a2715515e4cb","d__Bacteria","Firmicutes","Bacilli","Staphylococcales","Staphylococcaceae","Staphylococcus",NA
"0ccd16a548478ca56af8e47511d288bb","d__Bacteria","Bacteroidota","Bacteroidia","Flavobacteriales","Flavobacteriaceae",NA,NA
"603c334607f0459c1cb5de015bceac4a","d__Bacteria","Firmicutes","Clostridia","Peptostreptococcales-Tissierellales","Family_XI","Finegoldia",NA
"ff63811592184014bb2872affc16bea9","d__Bacteria","Campylobacterota","Campylobacteria","Campylobacterales",NA,NA,NA
"cdbad646906d557303482aea17d15dab","d__Archaea","Halobacterota","Halobacteria","Halobacterales","Halococcaceae","Halococcus",NA
"5004bda2b70308da73e63c39f69b4a51","d__Bacteria","Proteobacteria","Gammaproteobacteria","Burkholderiales","Neisseriaceae","Neisseria",NA
"647db8fd0b9bae8268c55e4ad33da9e2","d__Bacteria","Firmicutes","Bacilli","Lactobacillales","Streptococcaceae","Streptococcus",NA
"94dbe3735187e47d72e798f51cbecde6","d__Bacteria","Firmicutes","Bacilli","Lactobacillales","Streptococcaceae","Streptococcus",NA
"904958cf6e47d1f71e73b91bdd644875","d__Bacteria","Firmicutes","Negativicutes","Veillonellales-Selenomonadales","Selenomonadaceae","Selenomonas",NA
"fdd4685a1241cda174fbb60ba1ed3aa5","d__Bacteria","Bacteroidota","Bacteroidia","Bacteroidales","Prevotellaceae","Alloprevotella",NA
"0a2aa8de38e575b4cd456cdf806cac40","d__Bacteria","Firmicutes","Bacilli","Lactobacillales","Lactobacillaceae","Lactobacillus",NA
"ff11f61a7b9e1241d60a2a6087650012","d__Bacteria",NA,NA,NA,NA,NA,NA
"1e0919b0b36c5355f2d2f600a31c479c","d__Bacteria","Actinobacteriota","Actinobacteria","Bifidobacteriales","Bifidobacteriaceae","Gardnerella",NA
"8d3895def33d1a30daf7ea838ba3ec39","d__Bacteria",NA,NA,NA,NA,NA,NA
"5dc39d54355eeff9d32b641800dcb3f1","d__Bacteria","Actinobacteriota","Actinobacteria","Bifidobacteriales","Bifidobacteriaceae","Bifidobacterium",NA
"b2fdf9d4fb66efbac6d664c46e280606","d__Bacteria","Actinobacteriota","Actinobacteria","Corynebacteriales","Corynebacteriaceae","Corynebacterium",NA
"043dec38c6d91630672aea99472c0288","d__Bacteria","Firmicutes","Clostridia","Peptostreptococcales-Tissierellales","Family_XI","Parvimonas",NA
"73ec31a7462d899e99ecdecc804739a6","d__Bacteria","Firmicutes","Clostridia","Peptostreptococcales-Tissierellales","Family_XI","Peptoniphilus",NA
"7ba0d145b0b733760036fe5978784405","d__Bacteria","Firmicutes","Clostridia","Peptostreptococcales-Tissierellales","Family_XI","Peptoniphilus",NA
"f760c9444bdd44c6abe0fbdecc67a05d","d__Bacteria","Firmicutes","Clostridia","Peptostreptococcales-Tissierellales","Family_XI","Peptoniphilus",NA
"bc027beeb77ff334f9505248a33bd186","d__Bacteria","Actinobacteriota","Actinobacteria","Bifidobacteriales","Bifidobacteriaceae","Bifidobacterium",NA
"eab25152ae75878eeacd8bb910faa7d8","d__Bacteria","Bacteroidota","Bacteroidia","Bacteroidales","Prevotellaceae",NA,NA
"c81a2f0cfb1368f5ea1e60be66f04d7c","d__Bacteria","Firmicutes",NA,NA,NA,NA,NA
"4816b9df94da0d95c1735d92c0394009","d__Bacteria","Actinobacteriota","Actinobacteria","Corynebacteriales","Corynebacteriaceae",NA,NA
"93581b1f19c6d5d8fa84e9ccfb2108ed","d__Bacteria","Firmicutes","Clostridia","Peptostreptococcales-Tissierellales","Family_XI","Peptoniphilus",NA
"2991664a102973b56a935403accb6e1b","d__Bacteria",NA,NA,NA,NA,NA,NA
"52b5f3f7b68e177e784ff6fee62735d1","d__Bacteria","Bacteroidota","Bacteroidia","Bacteroidales","Prevotellaceae","Prevotella_7",NA
"e8f771c79a46a84cfd05dde1f8e58873","d__Bacteria",NA,NA,NA,NA,NA,NA
"1241692aaaa3d7dd9695a825ea965f3e","d__Bacteria","Actinobacteriota","Actinobacteria","Micrococcales","Micrococcaceae","Rothia",NA
"d1d82dead6306e53c7145a5b51e884c5","d__Bacteria","Actinobacteriota","Actinobacteria","Corynebacteriales","Corynebacteriaceae","Corynebacterium",NA
"32b335948c22b17232d302dd07fee393","d__Bacteria","Firmicutes","Bacilli","Lactobacillales","Streptococcaceae","Streptococcus",NA
"78751c639caeaf28b42cdc998901c274","d__Bacteria","Proteobacteria","Gammaproteobacteria","Burkholderiales","Neisseriaceae","Neisseria",NA
"1394b861f31212c5e6373b9c13adf51d","d__Bacteria","Firmicutes","Bacilli","Staphylococcales","Staphylococcaceae",NA,NA
"e2a7bc671f21353b5dbb35df811eb774","d__Bacteria","Myxococcota","Polyangia","Blfdi19","Blfdi19","Blfdi19",NA
"6d9f29f37f020c8c3b106f028f0aa6ec","d__Bacteria","Actinobacteriota","Actinobacteria","Actinomycetales","Actinomycetaceae","Actinomyces",NA
"80d193b5130a620a88138c241511576c","d__Bacteria","Bacteroidota","Bacteroidia","Bacteroidales","Prevotellaceae","Prevotella_7",NA
"e9e4819f92ac779b3fbf28517bde140b","d__Bacteria","Bacteroidota","Bacteroidia",NA,NA,NA,NA
"0d3b3ee04763acce2c515967b0be269d","d__Bacteria","Firmicutes","Negativicutes","Veillonellales-Selenomonadales","Veillonellaceae","Veillonella",NA
"4b163540a6116ae93ccc4e421d8512ce","d__Bacteria",NA,NA,NA,NA,NA,NA
"2b400b7b77ee946dbab0865ce3d9acde","d__Bacteria","Actinobacteriota","Actinobacteria","Corynebacteriales","Corynebacteriaceae","Corynebacterium",NA
"07de9301c9c35c24fd46606cc574f7ed","d__Bacteria","Firmicutes","Bacilli","Staphylococcales","Staphylococcaceae",NA,NA
"fb12649025d42f848cc976d0c73543db","d__Bacteria","Proteobacteria","Gammaproteobacteria","Pseudomonadales","Moraxellaceae","Psychrobacter",NA
"a1152f116ef5c649fb77a685835592e7","d__Bacteria","Actinobacteriota","Actinobacteria","Corynebacteriales","Corynebacteriaceae","Corynebacterium",NA
"37657cb0d6005fd4ffe85e6605fa72fe","d__Bacteria","Actinobacteriota","Actinobacteria","Corynebacteriales","Corynebacteriaceae","Corynebacterium",NA
"c3ff73a67047dd88d895a06ccbe02f7c","d__Bacteria","Actinobacteriota","Coriobacteriia","Coriobacteriales","Atopobiaceae","Atopobium",NA
"50faaac7dbcea9658f47e49c5df9267c","d__Bacteria","Proteobacteria","Alphaproteobacteria",NA,NA,NA,NA
"3bfed4cf4f7e693d7cc806f0a95eebb3","d__Bacteria","Firmicutes","Clostridia","Oscillospirales","Oscillospiraceae","Sporobacter",NA
"2e05f7767218da8fd2f260a29927f48e","d__Bacteria","Actinobacteriota","Actinobacteria","Micrococcales","Micrococcaceae",NA,NA
"9937524774893682cfdaf722aba3f472","d__Bacteria","Firmicutes","Bacilli","Bacillales","Bacillaceae","Bacillus",NA
"5f5c7373b5b1fca4490d4072cfb208ca","d__Bacteria","Proteobacteria","Gammaproteobacteria","Burkholderiales","Burkholderiaceae","Lautropia",NA
"8e541913ad2338df46dca987fa4e145e","d__Bacteria","Proteobacteria","Gammaproteobacteria","Enterobacterales","Pasteurellaceae",NA,NA
"e8081267104b35869d106a27404dbb4b","d__Bacteria","Firmicutes","Negativicutes","Veillonellales-Selenomonadales","Selenomonadaceae","Selenomonas",NA
"4b36e85de8dd72872abf908f875387a8","d__Bacteria","Firmicutes","Bacilli","Lactobacillales",NA,NA,NA
"1fff0c76ac4cafbe82ab66484d209de1","d__Bacteria","Planctomycetota","Planctomycetes","Planctomycetales","Rubinisphaeraceae","uncultured",NA
"97a1ecd104b54fc9761ebf64cefc4e8f","d__Bacteria","Firmicutes","Bacilli","Lactobacillales","Streptococcaceae","Streptococcus",NA
"ef5ea1a3b00855dabaff336af8c2371f","d__Bacteria","Firmicutes","Negativicutes","Veillonellales-Selenomonadales","Veillonellaceae","Veillonella",NA
"fe6d06c73ddeeea8a3817026e55f6176","d__Bacteria","Firmicutes","Bacilli","Lactobacillales","Streptococcaceae","Streptococcus",NA
"6d55c374dcc6b9f11558dada56f022d7","d__Bacteria","Actinobacteriota","Actinobacteria","Micrococcales","Micrococcaceae","Rothia",NA
"d49229f38e7eff65cfaa3bdac6c628cd","d__Bacteria","Firmicutes","Bacilli","Lactobacillales","Streptococcaceae","Streptococcus",NA
"fd9761b30484d8fcc8424d90aa7dcc43","d__Bacteria","Actinobacteriota","Actinobacteria",NA,NA,NA,NA
"9bdc4a995137e2dbf7f3bf33c44e9f85","d__Bacteria","Firmicutes","Bacilli","Lactobacillales","Streptococcaceae","Streptococcus",NA
"7b0d09b71ba717cab7ff21e555d73a18","d__Bacteria","Actinobacteriota","Actinobacteria","Actinomycetales","Actinomycetaceae","Actinomyces",NA
"5a11edb9a2bdbb6603b48935954f80dd","d__Bacteria","Myxococcota","Polyangia","Haliangiales","Haliangiaceae","Haliangium",NA
"fc6f359d0d49ec75bb23c93ec0ef069c","d__Bacteria","Actinobacteriota","Actinobacteria","Micrococcales","Dermatophilaceae","uncultured",NA
"816688b508e982d7bf876dcf77b3028a","d__Bacteria","Actinobacteriota","Actinobacteria","Corynebacteriales","Corynebacteriaceae","Corynebacterium",NA
"422ee2c627d0f6badcf7ac1b2fb913a6","d__Bacteria","Chloroflexi","Anaerolineae","Caldilineales","Caldilineaceae","uncultured",NA
"2f63ac7fc11306ffbc677c73eda89871","d__Bacteria","Actinobacteriota","Acidimicrobiia","Microtrichales","Ilumatobacteraceae","uncultured",NA
"cd2dbbf7874426fbff425c490df812fe","d__Bacteria","Firmicutes","Clostridia","Lachnospirales","Lachnospiraceae",NA,NA
"edd1c4a7806bdd8b7cfe8672b1d7c9ec","d__Bacteria","Firmicutes","Clostridia","Lachnospirales","Lachnospiraceae",NA,NA
"e9328df9973424ecfdbc30dd3da93424","d__Bacteria","Actinobacteriota","Coriobacteriia","Coriobacteriales","Eggerthellaceae","Gordonibacter",NA
"d0b601477161a28df6458ac51e8b89ef","d__Bacteria","Actinobacteriota","Actinobacteria","Corynebacteriales","Corynebacteriaceae","Corynebacterium",NA
"c78b84732043eaa81bcc9a0c012fd8b4","d__Bacteria","Proteobacteria","Alphaproteobacteria",NA,NA,NA,NA
"939cc8ada314eba81b137955f404644d","d__Bacteria","Actinobacteriota","Actinobacteria","Micrococcales","Microbacteriaceae",NA,NA
"0f185644f652ae7aecd24d337946c69d","d__Bacteria","Firmicutes","Clostridia","Peptostreptococcales-Tissierellales","Family_XI","Anaerococcus",NA
"d94b02bf7d80c09cba9cf944b39ad3fd","d__Bacteria","Proteobacteria","Gammaproteobacteria","Enterobacterales","Pasteurellaceae","Haemophilus",NA
"3a3a2520d37d39062826f6d6aed5442b","d__Bacteria","Firmicutes","Bacilli","Paenibacillales","Paenibacillaceae","Paenibacillus",NA
"4ac4e805ed88bd8f436774f49c06e560","d__Bacteria","Actinobacteriota","Actinobacteria","Corynebacteriales","Corynebacteriaceae","Corynebacterium",NA
"94d9193cc675f5202d9ac18bf40ddf3f","d__Bacteria","Bacteroidota","Bacteroidia","Chitinophagales","Chitinophagaceae",NA,NA
"f9a436fc5d467109b298a285de92e7f6","d__Bacteria","Actinobacteriota","Actinobacteria","Actinomycetales","Actinomycetaceae","Actinomyces",NA
"abe7b72e5170b4205f84f8c2d9352d9b","d__Bacteria","Firmicutes","Bacilli","Staphylococcales","Staphylococcaceae","Staphylococcus",NA
"9450cdf2fdc27de5354db84bbead18f6","d__Bacteria",NA,NA,NA,NA,NA,NA
"2b6701922cf162e6921b7a1f1cf3bbc6","d__Bacteria","Nitrospirota","Nitrospiria","Nitrospirales","Nitrospiraceae","Nitrospira",NA
"67c331c29ab4d3f6d61e0704e97de86c","d__Bacteria",NA,NA,NA,NA,NA,NA
"beeb6092d56a987e1612d028eb45284e","d__Bacteria","Chloroflexi","Chloroflexia","Thermomicrobiales","JG30-KF-CM45","JG30-KF-CM45",NA
"669755460f793c9ccd5bca783af71067","d__Bacteria","Patescibacteria","Saccharimonadia","Saccharimonadales","Saccharimonadales","Saccharimonadales",NA
"89ebbeb8b693bb084d28c57e0370559b","d__Bacteria","Firmicutes","Bacilli","Alicyclobacillales","Alicyclobacillaceae","Tumebacillus",NA
"bf41cad97297079332af9162df381888","d__Bacteria","Actinobacteriota","Actinobacteria","Corynebacteriales","Mycobacteriaceae","Mycobacterium",NA
"706a1304dae39c69f34cc6de0ce0e736","d__Bacteria","Firmicutes","Clostridia","Peptostreptococcales-Tissierellales","Family_XI","Peptoniphilus",NA
"33822850cff42244d434425e6c2eaaa4","d__Bacteria","Actinobacteriota","Actinobacteria","Actinomycetales","Actinomycetaceae","Actinomyces",NA
"8bd5c1b8d77f833a8df898c53b117d78","d__Bacteria","Firmicutes","Clostridia","Peptostreptococcales-Tissierellales","Peptostreptococcaceae",NA,NA
"1e1d5f558669758691eeecda5e8684b8","d__Bacteria","Firmicutes","Bacilli","Staphylococcales","Staphylococcaceae",NA,NA
"fab68961d4aa068b6493dd976f92fdcd","d__Bacteria","Bacteroidota","Bacteroidia","Bacteroidales","Prevotellaceae",NA,NA
"4adcd902acc772c45e1633a66dd5a058","d__Bacteria","Actinobacteriota","Actinobacteria","Corynebacteriales","Corynebacteriaceae","Corynebacterium",NA
"3581d776dcffcf4e1a51eac4e2fab7f3","d__Bacteria","Proteobacteria","Gammaproteobacteria","Pseudomonadales","Moraxellaceae","Acinetobacter",NA
"e2a8afcd6bc6df3804099f3fd01cb5a3","d__Bacteria","Firmicutes","Bacilli","Staphylococcales","Staphylococcaceae","Staphylococcus",NA
"0f66e6bd8d7323d9beaa1f7346d8abef","d__Bacteria","Chloroflexi","Chloroflexia","Thermomicrobiales","JG30-KF-CM45","JG30-KF-CM45",NA
"252291cd88b7667f44ead8e4098181e1","d__Bacteria","Proteobacteria","Alphaproteobacteria","Defluviicoccales","Defluviicoccaceae","Defluviicoccus",NA
"187a7ace847f552ddd2aed5c973a3d3c","d__Bacteria","Actinobacteriota","Actinobacteria","Corynebacteriales","Corynebacteriaceae",NA,NA
"47e3cdfe86fb0b1304f751a2a06b3937","d__Bacteria",NA,NA,NA,NA,NA,NA
"a9b50cdaec8a58225903ccb2fad66795","d__Bacteria","Actinobacteriota","Actinobacteria","Micrococcales","Micrococcaceae","Rothia",NA
"acb4bdef651342cdde86e34f556dcc59","d__Bacteria","Firmicutes","Bacilli","Lactobacillales","Streptococcaceae","Streptococcus",NA
"91dec748918554aa05dfe388fe0f8332","d__Bacteria",NA,NA,NA,NA,NA,NA
"62b1634b4079bd0e8c97ea32a6543b40","d__Bacteria","Actinobacteriota","Actinobacteria","Micrococcales",NA,NA,NA
"6faf7f911c2f946483ee424ce64d5a28","d__Bacteria","Proteobacteria","Gammaproteobacteria","Xanthomonadales","Xanthomonadaceae",NA,NA
"595516e98a58bbe06f133c81c9d4ce8e","d__Bacteria","Firmicutes","Bacilli","Staphylococcales","Staphylococcaceae","Staphylococcus",NA
"06ba07762ffb9860264ee15f22e56bfc","Unassigned",NA,NA,NA,NA,NA,NA
"bfa5f238167623d3456171f7b4423707","d__Bacteria","Dependentiae","Babeliae","Babeliales",NA,NA,NA
"eb19ef2a67e3d0cefda4b725b243545b","d__Bacteria","Firmicutes","Negativicutes","Veillonellales-Selenomonadales","Selenomonadaceae",NA,NA
"cc663a17ae21b62d0a22411faed42e3b","d__Bacteria","Firmicutes","Bacilli","Staphylococcales","Staphylococcaceae",NA,NA
"805cd3e1b023fb76d153972a1a4dcd2c","d__Bacteria","Actinobacteriota","Actinobacteria","Actinomycetales","Actinomycetaceae","Actinomyces",NA
"ac178e15ce10585b39abe667b10288a0","d__Bacteria","Firmicutes","Clostridia","Christensenellales","Christensenellaceae","Christensenellaceae_R-7_group",NA
"4bd1f54951aeaf21868c554297f4e214","d__Bacteria","Planctomycetota","Planctomycetes","Isosphaerales","Isosphaeraceae",NA,NA
"e3fc4e3a4d0317961c1309c20eefac21","d__Bacteria","Firmicutes","Clostridia","Peptostreptococcales-Tissierellales","Family_XI","Finegoldia",NA
"366ff620480f9a2119776bc1e7ce8ae7","d__Bacteria",NA,NA,NA,NA,NA,NA
"b39a8527c74db23521d1e674791a5644","d__Bacteria","Firmicutes","Bacilli","Lactobacillales","Lactobacillaceae","Leuconostoc",NA
"59083e8387e85d6aca67d96ecfdbea49","d__Bacteria","Actinobacteriota","Actinobacteria","Propionibacteriales","Nocardioidaceae",NA,NA
"5537728942998eda1aaaaad94c5f2263","d__Bacteria","Actinobacteriota","Actinobacteria","Micrococcales","Dermatophilaceae","uncultured",NA
"7ba23921a6b9affd749a7653cfe91dd1","d__Bacteria","Firmicutes","Bacilli","Lactobacillales",NA,NA,NA
"0dd5fcb9c3e5d5b5bf3741e9b5875e0a","d__Bacteria","Actinobacteriota","Actinobacteria","Actinomycetales","Actinomycetaceae","Actinomyces",NA
"21042fc6135e2fdfb8c45521cffbd8e7","d__Bacteria","Firmicutes","Bacilli","Staphylococcales","Staphylococcaceae","Staphylococcus",NA
"c34e2a3c7d6fa11cbf4f3068d2d8d006","d__Bacteria","Actinobacteriota","Thermoleophilia","Gaiellales",NA,NA,NA
"29cd82587d3661acfd041b7939f76ba1","d__Bacteria","Planctomycetota","Planctomycetes","Isosphaerales","Isosphaeraceae","uncultured",NA
"b7045e9267f148e2abbe02c06443b283","d__Bacteria","Firmicutes","Negativicutes","Veillonellales-Selenomonadales","Veillonellaceae","Megasphaera",NA
"d98c3780c0388bb87ac96f430cee72bf","d__Bacteria","Proteobacteria","Gammaproteobacteria","Diplorickettsiales","Diplorickettsiaceae","Aquicella",NA
"e2fc08fe22f58a586684eb21d5f42cba","d__Bacteria","Firmicutes",NA,NA,NA,NA,NA
"6452708aa5eaf938fd22100398dfc0ad","d__Bacteria","Actinobacteriota","Actinobacteria","Propionibacteriales","Nocardioidaceae","Nocardioides",NA
"2f6281f944a98f0a93a4a5ff334a6040","d__Bacteria","Firmicutes","Bacilli","Staphylococcales","Staphylococcaceae","Staphylococcus",NA
"c5a110e2dcdb04b8fd6b524c61e43e26","d__Bacteria","Proteobacteria","Gammaproteobacteria","Enterobacterales","Pasteurellaceae",NA,NA
"f20b519f2741bc2582d6d7c123bba0fb","d__Bacteria","Firmicutes","Negativicutes","Veillonellales-Selenomonadales","Veillonellaceae","Veillonella",NA
"6539ca1782f6077cd6c0ce501ab0dc33","d__Bacteria","Acidobacteriota","Vicinamibacteria","Vicinamibacterales","Vicinamibacteraceae","Vicinamibacteraceae",NA
"c0e6e9581edda56929d48c3d60d65558","d__Bacteria",NA,NA,NA,NA,NA,NA
"d7937a3f3f430bba3d2c879e67a9dd3a","d__Bacteria","Firmicutes","Negativicutes","Veillonellales-Selenomonadales","Veillonellaceae","Veillonella",NA
"2773e6b14e005b7bf8342e106a8b79ea","d__Bacteria","Firmicutes","Bacilli","Thermoactinomycetales","Thermoactinomycetaceae","uncultured",NA
"d9c56dd6345dc5c7359d12444796022a","d__Bacteria","Actinobacteriota","Actinobacteria","Streptomycetales","Streptomycetaceae","Streptomyces",NA
"9c8de046edd17548dc02cc88555b6964","d__Bacteria","Actinobacteriota","Actinobacteria","Propionibacteriales","Propionibacteriaceae","Cutibacterium",NA
"c889051ee1c049ae9d688d200c0989b6","d__Bacteria","Actinobacteriota","Actinobacteria","Micrococcales",NA,NA,NA
"6cf7259dc10b1026ca749cfae3ec0035","d__Bacteria","Firmicutes","Negativicutes","Veillonellales-Selenomonadales","Veillonellaceae","Anaeroglobus",NA
"dab00cc2db7916077ebd9b44e203bd63","d__Bacteria","Patescibacteria","Saccharimonadia","Saccharimonadales","Saccharimonadales","Saccharimonadales",NA
"747777b509df23a5ae842c3f031a4eee","d__Bacteria","Firmicutes","Negativicutes","Veillonellales-Selenomonadales","Veillonellaceae",NA,NA
"ccad27764abb83aa1e106d1ae36c0c4c","d__Bacteria","Firmicutes",NA,NA,NA,NA,NA
"f2ddc6d3a40f098342947c3ceede4978","d__Bacteria","Firmicutes",NA,NA,NA,NA,NA
"de765a0800e77a3c9a35b61cc6af7029","d__Bacteria","Firmicutes","Bacilli","Lactobacillales","Streptococcaceae","Streptococcus",NA
"fc16e53a5347dbf6f31053bd1d0fb30f","d__Bacteria","Firmicutes","Bacilli",NA,NA,NA,NA
"e70791c2757567db5d1d5e5bbcc0fa03","d__Bacteria","Bacteroidota","Bacteroidia","Bacteroidales","Prevotellaceae",NA,NA
"31e90cf7f0668da9cd63746c64df7d66","d__Bacteria","Bacteroidota","Bacteroidia","Bacteroidales","Prevotellaceae","Prevotella_7",NA
"2b7fa2d4e4deea2ffac3d9c293fd9edc","d__Bacteria","Firmicutes","Clostridia","Peptostreptococcales-Tissierellales","Family_XI","Anaerococcus",NA
"f5e95e707df836f859165f9448beea1f","d__Bacteria",NA,NA,NA,NA,NA,NA
"99547d3b62313ff8665dd160914eb3a8","d__Bacteria","Actinobacteriota","Actinobacteria","Bifidobacteriales","Bifidobacteriaceae",NA,NA
"e8f5dbca747e1f5b3d0672a7c72e11a7","d__Bacteria",NA,NA,NA,NA,NA,NA
"c5ccc11384b258cd22cc676e1e697a9c","d__Bacteria","Bacteroidota","Bacteroidia","Bacteroidales","Prevotellaceae","Prevotella_7",NA
"7d5c675ace71063dc2a4869c6f3e7890","d__Bacteria","Firmicutes","Clostridia","Peptostreptococcales-Tissierellales","Peptostreptococcaceae","Peptostreptococcus",NA
"27464cd7f67aa4c9a8f93c39f0df41ae","d__Bacteria","Firmicutes","Clostridia",NA,NA,NA,NA
"1346e8cd5c62b9758eff4418000c113d","d__Bacteria","Firmicutes","Bacilli","Lactobacillales","Enterococcaceae",NA,NA
"c0452b16969d331f91377721681d1b6d","d__Bacteria","Firmicutes","Clostridia","Oscillospirales","Ruminococcaceae","Faecalibacterium",NA
"1103a1f909e8967b0bd60b80ed1a8cbb","d__Bacteria","Firmicutes","Clostridia","Peptostreptococcales-Tissierellales","Family_XI","Anaerococcus",NA
"24a42fec65b7596cf22d822b0b5c65e9","d__Bacteria","Firmicutes","Bacilli","Lactobacillales","Lactobacillaceae","Lactobacillus",NA
"49395d1e6f70744785361ec653f5f563","d__Bacteria","Actinobacteriota","Actinobacteria","Corynebacteriales","Corynebacteriaceae","Corynebacterium",NA
"379f43936cf887f9c9a00fecfd2d6c8f","d__Bacteria","Actinobacteriota","Actinobacteria","Bifidobacteriales","Bifidobacteriaceae",NA,NA
"e8d05f996110b31f46ecb6ab0336ff01","d__Bacteria","Actinobacteriota","Actinobacteria","Bifidobacteriales","Bifidobacteriaceae","Gardnerella",NA
"032c699bc7d910eebbc3e6f1b8922802","d__Bacteria","Firmicutes","Clostridia","Peptostreptococcales-Tissierellales","Family_XI","Peptoniphilus",NA
"dffe8d7acd0e1d53873c113fd0ba9a16","d__Bacteria","Bacteroidota","Bacteroidia","Bacteroidales","Prevotellaceae","Alloprevotella",NA
"3b1048b235d9eea77f59d97f67dbd25f","d__Bacteria",NA,NA,NA,NA,NA,NA
"e13b00df7e71c77d3097bbb37807b064","d__Bacteria","Firmicutes","Bacilli","Staphylococcales","Gemellaceae","Gemella",NA
"96f311925e3b82e2dd69afb6b2342118","d__Bacteria",NA,NA,NA,NA,NA,NA
"66d30771c392d3211c7d89293bd83b06","d__Bacteria","Firmicutes","Bacilli","Staphylococcales","Staphylococcaceae","Staphylococcus",NA
"eaf39d03059a5d9e847e81a2665a3cc7","d__Bacteria","Firmicutes","Bacilli","Staphylococcales","Staphylococcaceae","Staphylococcus",NA
"0120b0772fe5be1e62872bae3a078457","d__Bacteria","Firmicutes","Bacilli","Lactobacillales","Streptococcaceae","Streptococcus",NA
"039c212c933dcc2ac3a81ed4b395c24f","d__Bacteria","Patescibacteria","Saccharimonadia","Saccharimonadales","LWQ8","LWQ8",NA
"3272d9284d928ca20b909c4c2d8cb604","d__Bacteria","Proteobacteria","Alphaproteobacteria","Azospirillales","Azospirillaceae","Skermanella",NA
"937ee216d9314c5805a5c3cfcf4e6dd9","d__Bacteria","Myxococcota","Polyangia","Polyangiales","BIrii41","BIrii41",NA
"cea6d4b447afecbafc8d3836b36658cb","d__Bacteria","Verrucomicrobiota","Chlamydiae","Chlamydiales","Parachlamydiaceae","Neochlamydia",NA
"0078c958c094e31c7d82e310062ff19f","d__Bacteria","Actinobacteriota","Actinobacteria","Micrococcales","Promicromonosporaceae",NA,NA
"94b6988fea8c6e429a477d5938afde68","d__Bacteria","Actinobacteriota","Actinobacteria","Corynebacteriales","Mycobacteriaceae","Mycobacterium",NA
"6897842641b763925237568748e3e5e5","d__Bacteria","Firmicutes","Bacilli","Lactobacillales","Streptococcaceae","Streptococcus",NA
"b141e21412aacc2c976d7192fb610c57","d__Bacteria",NA,NA,NA,NA,NA,NA
"b9773c0084b105128cb58a4fc2bf119b","d__Bacteria","Proteobacteria",NA,NA,NA,NA,NA
"9d696d35eccfde38fc2f97d8b655dbe5","d__Bacteria","Bacteroidota","Bacteroidia","Bacteroidales","Prevotellaceae","Prevotella_7",NA
"ac047de13aa5e2d249f1c55332702069","d__Bacteria","Actinobacteriota","Actinobacteria","Micrococcales","Micrococcaceae","Micrococcus",NA
"609bd8756080f8dce5547259068bb575","d__Bacteria","Firmicutes","Negativicutes","Veillonellales-Selenomonadales","Veillonellaceae","Veillonella",NA
"300e4be8411eab7441fde88389b4d42f","d__Bacteria","Actinobacteriota","Actinobacteria","Micromonosporales","Micromonosporaceae","uncultured",NA
"af475abf8a77638b780181bb116242f8","d__Bacteria","Myxococcota","Polyangia",NA,NA,NA,NA
"01020ece751dbc604607e5d928b75aba","d__Bacteria","Firmicutes","Bacilli","Staphylococcales","Staphylococcaceae","Staphylococcus",NA
"088f2c05275ddfe68b35b5ae258c1c01","d__Bacteria",NA,NA,NA,NA,NA,NA
"4c281a8a42c47528072534889f085473","d__Bacteria","Firmicutes","Bacilli","Staphylococcales","Staphylococcaceae","Staphylococcus",NA
"baaabaff25cedb48d53a2cbc00af5734","d__Bacteria","Firmicutes","Negativicutes","Veillonellales-Selenomonadales","Veillonellaceae",NA,NA
"9969cbf49b2cb1abc4f1cfeaf3b095e1","d__Bacteria","Bacteroidota","Bacteroidia","Bacteroidales","Prevotellaceae",NA,NA
"854177ab05d0e41cdff9ab3abc48924d","d__Bacteria","Actinobacteriota","Actinobacteria","Micrococcales","Micrococcaceae",NA,NA
"f33969745e2cd9c2589b471026f54e9e","d__Bacteria","Firmicutes","Clostridia","Christensenellales","Christensenellaceae","uncultured",NA
"56b8a9b9cf8b4c3cdd02ff7258516aea","d__Bacteria",NA,NA,NA,NA,NA,NA
"ad434dbc4a8b4790ff7167353323aab5","d__Bacteria","Firmicutes","Negativicutes","Veillonellales-Selenomonadales","Veillonellaceae","Veillonella",NA
"a5434d2f64a8e8446ba47807b9ca359f","d__Bacteria","Firmicutes","Clostridia","Lachnospirales","Lachnospiraceae",NA,NA
"561786641cb86ceac326ef723fa052a8","d__Bacteria","Proteobacteria","Gammaproteobacteria","Burkholderiales","Neisseriaceae","Neisseria",NA
"d31fc32b96ce7076dd1d9484715ff21b","d__Bacteria","Actinobacteriota","Actinobacteria","Corynebacteriales","Corynebacteriaceae","Corynebacterium",NA
"eab238005a82511a1f34d89958276c3d","d__Bacteria","Proteobacteria","Gammaproteobacteria","Enterobacterales","Enterobacteriaceae",NA,NA
"3aa520a8bb308109e0c9f2c5be133847","d__Bacteria","Firmicutes","Limnochordia",NA,NA,NA,NA
"aa498490052de44b7485a4f6ae0d4761","d__Bacteria","Firmicutes","Bacilli","Staphylococcales","Staphylococcaceae","Staphylococcus",NA
"9746b04d156880519ea119773d1ddef6","d__Bacteria","Firmicutes","Bacilli","Staphylococcales","Staphylococcaceae","Staphylococcus",NA
"14c2239a881f4310ae260aef3d9b4ab9","d__Bacteria","Actinobacteriota","Actinobacteria","Corynebacteriales","Corynebacteriaceae","Corynebacterium",NA
"1373b411cf8dae23cee56cbdde667251","d__Bacteria","Bacteroidota","Bacteroidia","Sphingobacteriales","Sphingobacteriaceae","Sphingobacterium",NA
"6e8081bcabc8a84675642a7bfdb9685f","d__Bacteria",NA,NA,NA,NA,NA,NA
"6d3a4be53b57a601c8f7b456f04f093c","d__Bacteria",NA,NA,NA,NA,NA,NA
"890ac83deb195591a5cd713b140884c6","d__Bacteria","Gemmatimonadota","Gemmatimonadetes","Gemmatimonadales","Gemmatimonadaceae","uncultured",NA
"942832ad38bbf7a7609c161c0a8772ad","d__Bacteria","Actinobacteriota","Actinobacteria","Corynebacteriales","Corynebacteriaceae",NA,NA
"de8e3841194e08dfb9cc62c6bbc9b5e6","d__Bacteria","Actinobacteriota","Actinobacteria","Bifidobacteriales","Bifidobacteriaceae","Bifidobacterium",NA
"25971a1fddfca6be444b1ef76c17af52","d__Bacteria",NA,NA,NA,NA,NA,NA
"bcbf8b69489603e00f86e52219c801f5","d__Bacteria","Firmicutes","Clostridia","Clostridiales","Clostridiaceae",NA,NA
"6854880d7e5b751cad26d62c682cd0dd","d__Bacteria","Chloroflexi","Chloroflexia","Thermomicrobiales","JG30-KF-CM45","JG30-KF-CM45",NA
"df1dcd076cad4e60123eedfc6fcfe0c7","d__Bacteria","Firmicutes","Bacilli","Erysipelotrichales","Erysipelotrichaceae","[Clostridium]_innocuum_group",NA
"a8d2b2947383738cc723924fac69076c","d__Bacteria","Chloroflexi","Anaerolineae","SJA-15","SJA-15","SJA-15",NA
"844501ec4a718c2079eb9caa67439bcc","d__Bacteria","Firmicutes","Bacilli","Staphylococcales","Staphylococcaceae","Staphylococcus",NA
"aaf56009559ff69586e703bc35ae3468","d__Bacteria","Actinobacteriota","Actinobacteria","Corynebacteriales","Corynebacteriaceae",NA,NA
"f344ccc88e429d9a2702d4248babafdd","d__Bacteria","Firmicutes","Bacilli","Staphylococcales","Staphylococcaceae","Staphylococcaceae",NA
"5addeb638f0a3bc6dc87661dcd487880","d__Bacteria","Proteobacteria","Alphaproteobacteria","Rhizobiales","Beijerinckiaceae","Methylobacterium-Methylorubrum",NA
"b27553435f1fed80138b5ad556fe4153","d__Bacteria",NA,NA,NA,NA,NA,NA
"ab767c06a7c58945fee66f1f229ff62a","d__Bacteria","Firmicutes","Bacilli","Bacillales","Bacillaceae",NA,NA
"c828b950a1bff55e7a3889139819c095","d__Bacteria","Acidobacteriota","Subgroup_5","Subgroup_5","Subgroup_5","Subgroup_5",NA
"25a0b1665bb857f7de3ffd14862023d5","d__Bacteria","Actinobacteriota","Actinobacteria","Corynebacteriales","Corynebacteriaceae","Corynebacterium",NA
"b42f430cc278175b1ffaaefb63ce51c9","d__Bacteria","Actinobacteriota","Actinobacteria","Micrococcales","Brevibacteriaceae",NA,NA
"fc1692aa6adbd04b89ad3466cb9250af","d__Bacteria","Actinobacteriota","Actinobacteria","Corynebacteriales","Corynebacteriaceae","Corynebacterium",NA
"82e5b58eddafcaf590f2fb6b6ec86a4a","d__Bacteria","Actinobacteriota","Actinobacteria","Corynebacteriales","Corynebacteriaceae","Corynebacterium",NA
"473bb664566abaa80bb23b9d7510e636","d__Bacteria",NA,NA,NA,NA,NA,NA
"ca0af44317c2183c8f5fec5c99e76d83","d__Bacteria",NA,NA,NA,NA,NA,NA
"4cb9279fa88dd2119b60f16f3258fe1c","d__Bacteria","Firmicutes","Clostridia","Peptostreptococcales-Tissierellales","Family_XI","Anaerococcus",NA
"bc7d8743061f4a2386b45bd001cbe8a4","d__Bacteria","Patescibacteria","uncultured","uncultured","uncultured","uncultured",NA
"16e5dfb02d30dd6e8e4919bfa36fc611","d__Bacteria","Bacteroidota","Bacteroidia","Bacteroidales","Prevotellaceae","Prevotella",NA
"f487c94b3dd5e9adf69370fbad035744","d__Bacteria","Campylobacterota","Campylobacteria","Campylobacterales","Campylobacteraceae","Campylobacter",NA
"80a069b93214dfe3f6aca46f67b0cf6c","d__Bacteria","Firmicutes","Negativicutes","Veillonellales-Selenomonadales","Veillonellaceae","Veillonella",NA
"0e477d4472d79b9c3ee0b41be4c12c4e","d__Bacteria","Proteobacteria","Gammaproteobacteria","Burkholderiales",NA,NA,NA
"9b435abf18549893142e1ad3f6f3cf99","d__Bacteria","Proteobacteria","Gammaproteobacteria","Burkholderiales","Neisseriaceae","Neisseria",NA
"e8352a902af3a9452d251d2d3ba4ee92","d__Bacteria","Fusobacteriota","Fusobacteriia","Fusobacteriales",NA,NA,NA
"dd4137d9a3898e7c9f3dd32d1df4c0ca","d__Bacteria","Firmicutes","Negativicutes","Veillonellales-Selenomonadales","Veillonellaceae","Veillonella",NA
"fca29cf97ad676d54f35349ccfbdfa8c","d__Bacteria","Bacteroidota","Bacteroidia","Flavobacteriales","Weeksellaceae","Bergeyella",NA
"eb6c96040745e115866b7f0894da2fd9","d__Bacteria","Actinobacteriota","Actinobacteria","Corynebacteriales","Corynebacteriaceae","Corynebacterium",NA
"559acb4d46485789953e3a2f28e600f9","d__Bacteria","Bacteroidota","Bacteroidia","Bacteroidales","Prevotellaceae","Prevotella_7",NA
"910b6030378b3f863d21075f9b72504d","d__Bacteria","Fusobacteriota","Fusobacteriia","Fusobacteriales","Fusobacteriaceae","Fusobacterium",NA
"0fb1034560b1c92271d54998a1a97567","d__Bacteria","Patescibacteria","Saccharimonadia","Saccharimonadales",NA,NA,NA
"0230b90ee2164588fa1affaf393ea170","d__Bacteria","Firmicutes","Bacilli","Lactobacillales","Streptococcaceae","Streptococcus",NA
"4b3ec9f77ea24fd5d7cc9a098a488bb9","d__Bacteria","Proteobacteria","Alphaproteobacteria","Rhodobacterales","Rhodobacteraceae",NA,NA
"dbffa80396b032223d9aff089b587c38","d__Bacteria","Actinobacteriota","Actinobacteria","Corynebacteriales","Corynebacteriaceae","Corynebacterium",NA
"3587d8fa4216ab4171ce2181f46c853a","d__Bacteria","Actinobacteriota","Actinobacteria","Micrococcales","Brevibacteriaceae","Brevibacterium",NA
"5374e8126a62f58ed7f79e29d1193aa7","d__Bacteria","Actinobacteriota","Actinobacteria","Micrococcales","Micrococcaceae",NA,NA
"c2d06b557c657bd8e3ad444485216e44","d__Bacteria","Firmicutes","Clostridia",NA,NA,NA,NA
"34f4a591efcf03b3aed41cf21ad133f2","d__Bacteria","Firmicutes","Negativicutes","Veillonellales-Selenomonadales","Veillonellaceae","Megasphaera",NA
"53f4fc5204856375ea8d13b480b9c617","d__Bacteria","Actinobacteriota","Actinobacteria","Corynebacteriales","Corynebacteriaceae","Corynebacterium",NA
"175ac41880d771eb8b4c2f207d9f3cd2","d__Bacteria","Actinobacteriota","Actinobacteria","Corynebacteriales","Corynebacteriaceae","Corynebacterium",NA
"3f96c11c3160372a3c4c3d7098086df3","d__Bacteria","Firmicutes","Bacilli","Paenibacillales","Paenibacillaceae","Paenibacillus",NA
"2e1935bb7583fa9a4b6b26dc3007b39e","d__Bacteria","Firmicutes","Bacilli","Thermoactinomycetales","Thermoactinomycetaceae","uncultured",NA
"b60bdc1f9a81e09dee70d93bb0bd34f7","d__Bacteria","Firmicutes","Negativicutes","Veillonellales-Selenomonadales","Sporomusaceae","uncultured",NA
"5e713ad846aadd399e33247118f3d34a","d__Bacteria","Actinobacteriota","Actinobacteria","Corynebacteriales","Corynebacteriaceae","Corynebacterium",NA
"aca3bef44bf499381db11e737ed9a7ed","d__Bacteria","Actinobacteriota","Actinobacteria","Corynebacteriales","Corynebacteriaceae","Corynebacterium",NA
"a1b391be439cba71cbb2d5581bbcb691","d__Bacteria","Actinobacteriota","Actinobacteria","Corynebacteriales","Corynebacteriaceae","Corynebacterium",NA
"dfaa1a94d9fb9d2f40c1e036e969afd0","d__Bacteria","Proteobacteria","Alphaproteobacteria","Rickettsiales","Mitochondria","Mitochondria",NA
"e8fa5efda2d7bec1bb739140d71a4a3b","d__Bacteria","Actinobacteriota","Actinobacteria","Micrococcales",NA,NA,NA
"e784cde77ac7738faefad0214f1eeb47","d__Bacteria",NA,NA,NA,NA,NA,NA
"0f6129f61830da334414927c3e0a5585","d__Bacteria","Proteobacteria","Alphaproteobacteria",NA,NA,NA,NA
"e02280ead5a58d328ce6103d1bfc1f63","d__Bacteria","Proteobacteria","Gammaproteobacteria","Burkholderiales","Burkholderiaceae","Ralstonia",NA
"19f9af2ee005e455eb56149dfed7238e","d__Bacteria","Firmicutes","Bacilli",NA,NA,NA,NA
"c23480b08268fc4cc05a73a9dd8d046d","d__Bacteria","Firmicutes","Clostridia","Lachnospirales","Lachnospiraceae",NA,NA
"afec8d33dbb7e52c42e509d490022c25","d__Bacteria","Actinobacteriota","Actinobacteria","Corynebacteriales","Corynebacteriaceae","Corynebacterium",NA
"37f896c6cef17d5c6abdb650f1ade05c","d__Bacteria","Actinobacteriota","Actinobacteria","Corynebacteriales","Corynebacteriaceae",NA,NA
"66107b7377eb08b0ac12d1de15465974","d__Bacteria","Proteobacteria","Gammaproteobacteria","Burkholderiales","Burkholderiaceae","Cupriavidus",NA
"7b40670814d5a7a0e88168f4fd157c30","d__Bacteria","Firmicutes","Bacilli","Staphylococcales","Staphylococcaceae","Staphylococcus",NA
"ee26d4f5860ff1b5bed521151c282906","d__Bacteria","Actinobacteriota","Thermoleophilia","Solirubrobacterales","67-14","67-14",NA
"5b52da15ec776558aeb38cb2cc531d56","d__Bacteria",NA,NA,NA,NA,NA,NA
"4b49ac4f338acb1ce7a9d59c38df5283","d__Bacteria","Proteobacteria","Gammaproteobacteria","Enterobacterales",NA,NA,NA
"117e4c2741b72f999801380bb925d349","d__Bacteria","Proteobacteria","Gammaproteobacteria","Pseudomonadales","Moraxellaceae","Enhydrobacter",NA
"3ec7f6162e329f42ede090ef52fda5c1","d__Bacteria","Actinobacteriota","Actinobacteria","Micrococcales",NA,NA,NA
"30755e66cea18d78a1e7590baaf4cdf3","d__Bacteria","Firmicutes","Bacilli","Staphylococcales","Staphylococcaceae","Staphylococcus",NA
"5c31f8776ffdd826a85e2fdf4603b083","d__Bacteria","Firmicutes","Bacilli","Lactobacillales","Streptococcaceae","Streptococcus",NA
"14bab2fba4ea8dadf05fe509090c66f4","d__Bacteria","Actinobacteriota","Actinobacteria","Actinomycetales","Actinomycetaceae","Actinomyces",NA
"aca7451f39ea7040a4c17fc75b5d0845","d__Bacteria","Patescibacteria","Saccharimonadia","Saccharimonadales","Saccharimonadaceae","TM7a",NA
"ad2a5c25e19b70dffc85788fb3bcb5ea","d__Bacteria","Proteobacteria","Gammaproteobacteria","Burkholderiales","Oxalobacteraceae",NA,NA
"98c235c8c7ff1862b303590ee56f58bd","d__Bacteria","Firmicutes","Negativicutes","Veillonellales-Selenomonadales","Veillonellaceae","Megasphaera",NA
"4a225b8756e8b654d45a067016c42d84","d__Bacteria","Actinobacteriota","Actinobacteria","Micrococcales","Brevibacteriaceae","Brevibacterium",NA
"bd02aabf5c40e6d831eaa5330ce22445","d__Bacteria",NA,NA,NA,NA,NA,NA
"64189a3a7a3a5a17e83896b24cd3f560","d__Bacteria","Firmicutes","Bacilli","Lactobacillales","Streptococcaceae","Streptococcus",NA
"817be7f985ba5218be6ae33902ec3c4b","d__Bacteria",NA,NA,NA,NA,NA,NA
"9d4b1e7a83f97a3773b051177d8b2eb2","d__Bacteria","Actinobacteriota","Actinobacteria","Corynebacteriales","Corynebacteriaceae","Corynebacterium",NA
"d2dc124b7e6af9fd20ca5125a1bad827","d__Bacteria","Firmicutes",NA,NA,NA,NA,NA
"ff4111623b6d129284c6f4acff616265","d__Bacteria","Proteobacteria","Gammaproteobacteria","Burkholderiales","Burkholderiaceae","Lautropia",NA
"131cb7bf522b85ee93a2e99ba7720dc8","d__Bacteria","Proteobacteria","Gammaproteobacteria","Enterobacterales","Pasteurellaceae","Haemophilus",NA
"ceae107ee375479942d86d647e0300da","d__Bacteria",NA,NA,NA,NA,NA,NA
"2b8f7c6bc69dc69a0ca05efa26e349f1","d__Bacteria",NA,NA,NA,NA,NA,NA
"e83f71ff857027864872199e207097aa","d__Bacteria","Firmicutes","Clostridia",NA,NA,NA,NA
"cd4727625e7c506263f221863053baa1","d__Bacteria",NA,NA,NA,NA,NA,NA
"7c04c941d205ff45c2db132ac27c1c7c","d__Bacteria","Firmicutes","Clostridia","Peptostreptococcales-Tissierellales","Family_XI","Peptoniphilus",NA
"c8aea01fdd42462d62e854510dd7dfa1","d__Bacteria","Bacteroidota","Bacteroidia","Bacteroidales","Prevotellaceae",NA,NA
"68d50cf816802dae03c5e958f4b1a226","d__Bacteria","Firmicutes","Bacilli","Lactobacillales",NA,NA,NA
"d2c912c8f5e19f01597ec7ce377f6da5","d__Bacteria","Actinobacteriota","Actinobacteria","Corynebacteriales","Corynebacteriaceae","Corynebacterium",NA
"05ff5def9708b6629cb94d2ada1dd4df","d__Bacteria","Firmicutes","Clostridia","Lachnospirales","Lachnospiraceae",NA,NA
"fbe180f114520d86ffedd1038bebc4ab","d__Bacteria","Firmicutes","Clostridia","Peptostreptococcales-Tissierellales","Family_XI","Anaerococcus",NA
"7cab6ab669ff73dfbd6956def8dc65b9","d__Bacteria","Firmicutes","Clostridia","Peptostreptococcales-Tissierellales","Family_XI","Anaerococcus",NA
"29c9c4aa71aec196f80a6da1e7387e7c","d__Bacteria","Firmicutes",NA,NA,NA,NA,NA
"0e4e2fdbd76a914fab42bc6acbe3ded4","d__Bacteria",NA,NA,NA,NA,NA,NA
"4a025373d7d66d38cf585124e27db3a9","d__Bacteria","Firmicutes",NA,NA,NA,NA,NA
"c4bda0437da586c0dc04ec0595596b9c","d__Bacteria","Actinobacteriota","Actinobacteria","Bifidobacteriales","Bifidobacteriaceae","Alloscardovia",NA
"ece138f4754f2b2541464a9243cc45c4","d__Bacteria","Actinobacteriota","Actinobacteria","Bifidobacteriales","Bifidobacteriaceae",NA,NA
"13c22d387a0c7485e7102c90055f9f97","d__Bacteria","Firmicutes","Clostridia","Peptostreptococcales-Tissierellales","Family_XI","Anaerococcus",NA
"2540a1d71596df383f7c72965f663fbb","d__Bacteria","Actinobacteriota","Actinobacteria",NA,NA,NA,NA
"de8dd5b7e66fae9bece81cf4410da05d","Unassigned",NA,NA,NA,NA,NA,NA
"4ec82c8e26e1d967b3538bb23700d133","d__Bacteria","Firmicutes","Bacilli","Staphylococcales","Staphylococcaceae","Staphylococcus",NA
"ac56d93564f8f7401800dd136a427b0e","d__Bacteria","Proteobacteria","Gammaproteobacteria","Burkholderiales","Sutterellaceae","Parasutterella",NA
"50373201a0c46b490bf7aeb31085989f","d__Bacteria",NA,NA,NA,NA,NA,NA
"a864d0b126b516e8e56dd41e99183ebc","d__Bacteria","Actinobacteriota","Actinobacteria","Micrococcales","Micrococcaceae","Rothia",NA
"d2f50ab11eb157b788156be36ff486ef","d__Bacteria","Patescibacteria","Saccharimonadia","Saccharimonadales",NA,NA,NA
"104e5392a57021559d7b235e66df8514","d__Bacteria","Proteobacteria","Gammaproteobacteria","Burkholderiales","Neisseriaceae","Neisseria",NA
"42d20f659e49f66b03035a7a2ccee561","d__Bacteria","Bacteroidota","Bacteroidia","Bacteroidales","Porphyromonadaceae","Porphyromonas",NA
"b9983faf3351bd83e8e6c5cb3fd6a9be","d__Bacteria","Desulfobacterota","uncultured","uncultured","uncultured","uncultured",NA
"a86cea5e91f4a7908d445403405051f9","d__Bacteria","Firmicutes","Bacilli","Lactobacillales","Streptococcaceae","Streptococcus",NA
"e5e21c73e1d9b97533df0a01a7f1446e","d__Bacteria","Firmicutes","Bacilli","Lactobacillales","Streptococcaceae","Streptococcus",NA
"31baf72c66b81aa214b190b93399fce9","d__Bacteria","Actinobacteriota","Actinobacteria","Actinomycetales","Actinomycetaceae","Actinomyces",NA
"dec18e97bbd861a1a28b73fbc78b7f66","d__Bacteria","Bacteroidota","Bacteroidia","Bacteroidales","Prevotellaceae",NA,NA
"d84e1b3bdd35d724cb105d6dfbdf416a","d__Bacteria",NA,NA,NA,NA,NA,NA
"f5af1047d3269b8cbb832f7dcaac9530","d__Bacteria","Firmicutes","Bacilli","Lactobacillales","Carnobacteriaceae","Allofustis",NA
"81a7307b56bd3acf561a5503c536a0fb","d__Bacteria","Actinobacteriota","Actinobacteria","Corynebacteriales","Corynebacteriaceae","Corynebacterium",NA
"4e3dfe6c7a076a06ceda3a97d9e4c2d0","d__Bacteria",NA,NA,NA,NA,NA,NA
"38c13286807d97a53ea86fbff9b6bc36","d__Bacteria","Firmicutes","Clostridia","Peptostreptococcales-Tissierellales","Family_XI","Peptoniphilus",NA
"4c366f51ac6d1a5a76867ea6c97ae9da","d__Bacteria","Firmicutes","Bacilli","Staphylococcales","Staphylococcaceae","Staphylococcus",NA
"3d6d3bc76692bbaf690387d42c9d40e3","d__Bacteria","Myxococcota","Myxococcia","Myxococcales",NA,NA,NA
"1d16f0df3d49f339b8b5c88920bcd67c","d__Bacteria","Patescibacteria","Saccharimonadia","Saccharimonadales","Saccharimonadales","Saccharimonadales",NA
"6ce93b2d8019ac3748b9f5822446a823","d__Bacteria","Firmicutes","Bacilli","Paenibacillales","Paenibacillaceae","Thermobacillus",NA
"e9c8c100cc2054e0db26142b2a099b44","d__Bacteria","Actinobacteriota","Thermoleophilia","Solirubrobacterales","Solirubrobacteraceae",NA,NA
"c22de4a1b441dbeea070074ddb172f70","d__Bacteria","Proteobacteria","Gammaproteobacteria","Pseudomonadales","Moraxellaceae","Acinetobacter",NA
"e971140c51f40f7b3fdb89d770a34e69","d__Bacteria","Firmicutes","Clostridia","Peptostreptococcales-Tissierellales","Family_XI","Finegoldia",NA
"62a2560b04e52efe2b18b9f8b679700d","d__Bacteria","Firmicutes","Bacilli","Lactobacillales",NA,NA,NA
"f73ee6ad78fb89648ec9757bd1af0496","d__Bacteria","Proteobacteria","Gammaproteobacteria","Enterobacterales","Enterobacteriaceae","Escherichia-Shigella",NA
"c20c0bcd3242c942ab42ac19583a0d78","d__Bacteria","Firmicutes","Negativicutes","Veillonellales-Selenomonadales","Veillonellaceae","Veillonella",NA
"0cd16206012e72c037ebac7f5a634895","d__Bacteria",NA,NA,NA,NA,NA,NA
"7f22cbbc9730af8d1c7443c2f1c7c0bf","d__Bacteria","Firmicutes","Negativicutes","Veillonellales-Selenomonadales","Selenomonadaceae",NA,NA
"9a7fedb9ee5e2424e52a421aa423144e","d__Bacteria","Firmicutes","Bacilli","Lactobacillales",NA,NA,NA
"f12032fbc0205dd460b307fee220307a","d__Bacteria","Patescibacteria","Saccharimonadia","Saccharimonadales",NA,NA,NA
"35ca9572a40a5aca8ecf114d805f2f7a","d__Bacteria","Firmicutes",NA,NA,NA,NA,NA
"dfe361fd4ac05526ae102d2f0919b8eb","d__Bacteria","Firmicutes","Bacilli","Paenibacillales","Paenibacillaceae","Paenibacillus",NA
"cac2ababcc21eeea120518ae7694b50c","d__Bacteria","Actinobacteriota","Actinobacteria","Micrococcales","Micrococcaceae","Kocuria",NA
"9059d70a34c1ac5d5fec28545211a438","d__Bacteria","Proteobacteria","Gammaproteobacteria","Burkholderiales","Neisseriaceae",NA,NA
"806d6e3ecc7ba13e5b0b595882f214b6","d__Bacteria","Actinobacteriota","Actinobacteria","Micrococcales","Micrococcaceae","Kocuria",NA
"f98fb08041afdd46bdc2878b18f3071b","d__Bacteria",NA,NA,NA,NA,NA,NA
"044cb66679df81428226cf82b9bf46dd","d__Bacteria","Firmicutes","Clostridia","Peptostreptococcales-Tissierellales","Family_XI","Anaerococcus",NA
"85d992dacc9b8ae872de0242047bd55d","d__Bacteria","Proteobacteria","Alphaproteobacteria","Rhizobiales","Beijerinckiaceae",NA,NA
"17318bd35044cd10bc55673610d29d0a","d__Bacteria","Firmicutes","Clostridia","Oscillospirales","Oscillospiraceae","UCG-005",NA
"cf9bd5e5c067c6a3090e7c7c3710f225","d__Bacteria","Fusobacteriota","Fusobacteriia","Fusobacteriales","Fusobacteriaceae","Fusobacterium",NA
"db90cec49f4ae9b396264822b8e6a3a1","d__Bacteria","Fusobacteriota","Fusobacteriia","Fusobacteriales","Fusobacteriaceae","Fusobacterium",NA
"21824b6f879a06ff9e35e087f7668a3e","d__Bacteria","Proteobacteria","Alphaproteobacteria","Rhizobiales","Rhizobiaceae","Pseudahrensia",NA
"bc15c9c19df4cd98b2e2eff2902a3f44","d__Bacteria","Proteobacteria","Alphaproteobacteria","Rhizobiales","Hyphomicrobiaceae","Hyphomicrobium",NA
"31045313416a3ae2b80a1f92d5aea9b9","d__Bacteria","Firmicutes","Bacilli","Lactobacillales","Streptococcaceae","Streptococcus",NA
"fdda2c00e2fe45b35f6f66f5eca64ba4","d__Bacteria","Actinobacteriota","Actinobacteria","Micrococcales","Micrococcaceae","Kocuria",NA
"4f1775daa3a5923afec0887ccec9e4f8","d__Bacteria","Actinobacteriota","Actinobacteria","Corynebacteriales","Corynebacteriaceae","Corynebacterium",NA
"b2ea79f25ccb10b8537ba5ac94bdcc6a","d__Bacteria","Proteobacteria","Gammaproteobacteria","Pseudomonadales","Moraxellaceae","Psychrobacter",NA
"e2a773e7482f761cd1b8bc1595f50da0","d__Bacteria","Fusobacteriota","Fusobacteriia","Fusobacteriales","Fusobacteriaceae","Fusobacterium",NA
"7c7782fd8d2f20b68f523fb8a68486b2","d__Bacteria","Actinobacteriota","Actinobacteria","Corynebacteriales","Corynebacteriaceae","Corynebacterium",NA
"7608fe085c6c30c87ec5d18a3d23ac51","d__Bacteria",NA,NA,NA,NA,NA,NA
"e7a7c46d3f74934898105c94d3a81d70","d__Bacteria","Firmicutes","Bacilli","Lactobacillales","Streptococcaceae","Streptococcus",NA
"ba8aaed4e6ffd7573de7bfe3abd4eb0c","d__Bacteria",NA,NA,NA,NA,NA,NA
"1e9e3f9dcbaffa83744d0b4c65466b0e","d__Bacteria",NA,NA,NA,NA,NA,NA
"e983242fc1f41456e12079ed6fd0edea","d__Bacteria",NA,NA,NA,NA,NA,NA
"78553c086405966488d3494a61e85daa","d__Bacteria","Firmicutes","Bacilli","Staphylococcales","Staphylococcaceae",NA,NA
"d65768653a88193aaebf7b8d5f8c3e0e","d__Bacteria","Firmicutes","Bacilli","Staphylococcales","Staphylococcaceae","Staphylococcus",NA
"b9250fe5b5bce7bf002bc09958b46204","d__Bacteria","Actinobacteriota","Actinobacteria","Corynebacteriales","Corynebacteriaceae","Corynebacterium",NA
"8221d62b2ec6afca8609ed1a1869b0f3","d__Bacteria","Firmicutes","Bacilli","Staphylococcales","Staphylococcaceae","Staphylococcus",NA
"d4183387e0aeb5c4351c76093c0a5cae","d__Bacteria","Bdellovibrionota","Oligoflexia","Oligoflexales","Oligoflexaceae","Oligoflexus",NA
"a6ace711d8fa147fa9c059beb0a6705d","d__Bacteria","Firmicutes",NA,NA,NA,NA,NA
"6add238bd8705f50031eecd3c5a9ad9a","d__Bacteria","Bacteroidota","Bacteroidia","Cytophagales","Hymenobacteraceae","Pontibacter",NA
"6283534d8b7b810df55160052d0cb76b","d__Bacteria","Actinobacteriota","Coriobacteriia","Coriobacteriales",NA,NA,NA
"e136ffc21d34bbcff80ce9a0800571de","d__Bacteria","Firmicutes","Negativicutes","Veillonellales-Selenomonadales","Veillonellaceae","Veillonella",NA
"10a76fdd7538c141bfb1c68071fc3aa3","d__Bacteria","Proteobacteria","Gammaproteobacteria","Cardiobacteriales","Cardiobacteriaceae","Cardiobacterium",NA
"9490430f1b6dad930dd69181f8ea8003","d__Bacteria","Actinobacteriota","Actinobacteria","Pseudonocardiales","Pseudonocardiaceae",NA,NA
"5d26ea3116a6142c8a764f696768073c","d__Bacteria","Proteobacteria","Alphaproteobacteria","Rickettsiales","Mitochondria","Mitochondria",NA
"228ae0946d11775522f8cba0bb75b23a","d__Bacteria","Firmicutes","Bacilli","Lactobacillales","Lactobacillaceae","Liquorilactobacillus",NA
"2ac13d3abdaedbfaac63a18abbd7c736","d__Bacteria","Firmicutes",NA,NA,NA,NA,NA
"d01f6de0645c6a26462f50699c719c9d","d__Bacteria","Actinobacteriota","Actinobacteria","Propionibacteriales","Propionibacteriaceae",NA,NA
"b5fb7130c45d042df4e39f174fc52f86","d__Bacteria","Firmicutes","Bacilli","Staphylococcales","Staphylococcaceae",NA,NA
"82cad2fba943f512a46c1d49c81506c5","d__Bacteria","Actinobacteriota","Actinobacteria","Micromonosporales","Micromonosporaceae",NA,NA
"0b27bea2d320fd79dfae84ac6d5db635","d__Bacteria","Firmicutes","Bacilli","Staphylococcales","Staphylococcaceae",NA,NA
"80d58d03f2ff14a8742e92f29cf89b5a","d__Bacteria","Actinobacteriota","Actinobacteria","Corynebacteriales","Corynebacteriaceae","Corynebacterium",NA
"3cb4367f47811d8fe65a7585fb3f0c18","d__Bacteria",NA,NA,NA,NA,NA,NA
"832ad2813715bfb51f50b7c3422f0765","d__Bacteria","Actinobacteriota","Actinobacteria","Corynebacteriales","Corynebacteriaceae","Corynebacterium",NA
"c96d5251546519900556cd27693db4e4","d__Bacteria","Actinobacteriota","Actinobacteria","Propionibacteriales","Propionibacteriaceae","Propioniciclava",NA
"319147005dd95fb436d09656b6363288","d__Bacteria","Patescibacteria","CPR2","CPR2","CPR2","CPR2",NA
"364956b20b6b8fb9bbf3f66f902e9474","d__Bacteria","Firmicutes","Bacilli","Staphylococcales","Staphylococcaceae","Staphylococcus",NA
"94cd11a8a51740fda0ae0e5c6c997021","d__Bacteria","Firmicutes","Bacilli","Staphylococcales","Staphylococcaceae",NA,NA
"b04d736a649588c5308f2167c7a680c5","d__Bacteria","Actinobacteriota","Actinobacteria","Frankiales","Nakamurellaceae","Nakamurella",NA
"183a7fe51771a85682ec900796b12e7a","d__Bacteria","Proteobacteria","Gammaproteobacteria","Legionellales","Legionellaceae","Legionella",NA
"1e4b5e5ff15f0d5788439debcd66afa9","d__Bacteria","Planctomycetota","Planctomycetes","Isosphaerales","Isosphaeraceae",NA,NA
"2b699039494f146546111d2613a0b387","d__Bacteria",NA,NA,NA,NA,NA,NA
"fa2953647d028f955ac032f6ad2b173b","d__Bacteria","Bacteroidota","Bacteroidia","Bacteroidales","Bacteroidaceae","Bacteroides",NA
"018307dccb76b649410a79d8379113f4","d__Bacteria","Firmicutes","Bacilli","Staphylococcales","Staphylococcaceae","Staphylococcus",NA
"9e0d89c4be63abf9362e22de92665b0f","d__Bacteria","Actinobacteriota","Actinobacteria","Propionibacteriales","Propionibacteriaceae","Cutibacterium",NA
"acb4a2f8972d6befee5098e0d16d1bcf","d__Bacteria","Bacteroidota","Bacteroidia","Cytophagales","Spirosomaceae","Spirosoma",NA
"9a165b51dfe09805e080b95bd095631b","d__Bacteria","Firmicutes","Clostridia","Peptostreptococcales-Tissierellales","Family_XI","Peptoniphilus",NA
"ebf29decb0351509f9f2748a874035ef","d__Bacteria","Proteobacteria","Alphaproteobacteria","Rhizobiales","Rhizobiaceae","Aureimonas",NA
"518aad3246503b87ef92f711d547e97f","d__Bacteria","Proteobacteria","Alphaproteobacteria","Defluviicoccales","Defluviicoccaceae","Defluviicoccus",NA
"ed31daf57bb28b2a65cab8ec55ef7e12","d__Bacteria","Firmicutes","Bacilli","Paenibacillales","Paenibacillaceae","Paenibacillus",NA
"ea843f8aa59b8d6d911465c6e3379892","d__Bacteria","Myxococcota","Polyangia","Polyangiales","BIrii41","BIrii41",NA
"15a3e87282d8ad1c772495cf01313a05","d__Bacteria","Actinobacteriota","Actinobacteria","Corynebacteriales","Corynebacteriaceae","Corynebacterium",NA
"3a91e87cf85dc1ec7a2ec41b2a215fe3","d__Bacteria","Firmicutes","Clostridia",NA,NA,NA,NA
"0245f5733df433f6b02a355cec63e7f6","d__Bacteria","Actinobacteriota","Actinobacteria","Corynebacteriales","Corynebacteriaceae","Corynebacterium",NA
"1829cf2a71b099accee76e50408d44cb","d__Bacteria","Actinobacteriota","Actinobacteria","Micrococcales","Brevibacteriaceae","Brevibacterium",NA
"f2b52a6b9e8304b8402da167b66652f3","d__Bacteria","Firmicutes","Bacilli",NA,NA,NA,NA
"a6ca8218684ab1d114fbb0ed89ebeadb","d__Bacteria","Firmicutes","Bacilli","Staphylococcales","Staphylococcaceae",NA,NA
"0c5eabf9f95d7d5f03c1a7b9d6092350","d__Bacteria","Firmicutes","Bacilli","Staphylococcales","Staphylococcaceae",NA,NA
"ed9c6903f9675dc69a9c156241bcbb82","d__Bacteria","Proteobacteria","Gammaproteobacteria","Xanthomonadales","Xanthomonadaceae",NA,NA
"120e993cc02389b914feeba0a99d0081","d__Bacteria","Firmicutes","Bacilli","Staphylococcales","Staphylococcaceae",NA,NA
"35df9e998422eb2efdb0f6a462f9ce90","d__Bacteria","Firmicutes","Negativicutes","Veillonellales-Selenomonadales","Veillonellaceae","Veillonella",NA
"f83a3c1fc823c0db74c3eb228a98355c","d__Bacteria","Proteobacteria","Gammaproteobacteria","Burkholderiales","Neisseriaceae","Neisseria",NA
"bbe9f265e185e6469ffadb10f438f73e","d__Bacteria","Firmicutes","Negativicutes","Veillonellales-Selenomonadales","Veillonellaceae","Veillonella",NA
"967b6171fa411938a6894f575d4e75e0","d__Bacteria",NA,NA,NA,NA,NA,NA
"6afa5eb35a09855ca7814aa7374824c6","d__Bacteria",NA,NA,NA,NA,NA,NA
"ae03874286a1d37be601286bc6040c6c","d__Bacteria",NA,NA,NA,NA,NA,NA
"c463a3588323aa2086145013fc6b88f6","d__Bacteria","Actinobacteriota","Actinobacteria","Micrococcales","Micrococcaceae","Rothia",NA
"3169fe67633234f6ecb5dde971653c49","d__Bacteria",NA,NA,NA,NA,NA,NA
"426ffec87dddde6c4eff8a9f3d8dbe20","d__Bacteria","Firmicutes","Bacilli","Lactobacillales","Streptococcaceae","Streptococcus",NA
"11ae504223d6264ff5ef2151cdec5f4b","d__Bacteria","Bacteroidota","Bacteroidia","Sphingobacteriales","Sphingobacteriaceae","Sphingobacterium",NA
"87ca198e3c1d38dea6311823b4b93667","d__Bacteria",NA,NA,NA,NA,NA,NA
"63fc0dc7404ee58e1698f8e1a6d673c1","d__Bacteria",NA,NA,NA,NA,NA,NA
"d0100beb7ffeac5c4207bfeb088f2d22","d__Bacteria","Patescibacteria","Saccharimonadia","Saccharimonadales","Saccharimonadaceae","TM7x",NA
"cb0a683823a7d86ee9b51faa36fcb27a","d__Bacteria","Proteobacteria","Gammaproteobacteria","Xanthomonadales","Xanthomonadaceae",NA,NA
"b0549f86043c0d9a14f271af6e55b0ef","d__Bacteria","Proteobacteria","Gammaproteobacteria","Pseudomonadales","Moraxellaceae","Moraxella",NA
"72f42490d1b443d5052e1de907310483","d__Bacteria",NA,NA,NA,NA,NA,NA
"3449ccb1ace1364c97dde954b744a6e2","d__Bacteria","Actinobacteriota","Actinobacteria","Micrococcales","Brevibacteriaceae","Brevibacterium",NA
"04a5e057e81ab14dccbbb204c487a034","d__Bacteria","Chloroflexi","Chloroflexia","Thermomicrobiales","JG30-KF-CM45","JG30-KF-CM45",NA
"e3c4728c2866a9447419939027eadbf0","d__Bacteria","Firmicutes","Clostridia","Peptostreptococcales-Tissierellales","Family_XI","Peptoniphilus",NA
"0847fc132389d57ab935b9d4a522bd34","d__Bacteria","Actinobacteriota","Actinobacteria","Micrococcales","Microbacteriaceae",NA,NA
"9b626adbdda9924af1b6bb55d426fca7","d__Bacteria","Firmicutes","Bacilli","Staphylococcales","Staphylococcaceae","Jeotgalicoccus",NA
"4ac9ae36779bd1c3667730f29c5c9005","d__Bacteria",NA,NA,NA,NA,NA,NA
"fde472a05f6258da4a73ff684532a77b","d__Bacteria",NA,NA,NA,NA,NA,NA
"4236b5b61ff1f4e076bef684bff58559","d__Bacteria","Actinobacteriota","Actinobacteria","Actinomycetales","Actinomycetaceae","Actinomyces",NA
"32253c9f4a745963d398de450be08bae","d__Bacteria","Firmicutes",NA,NA,NA,NA,NA
"d33cce27392eecc9056ae85477849b2c","d__Bacteria","Firmicutes","Bacilli","Staphylococcales","Staphylococcaceae",NA,NA
"d0ca89d9892049701241c31fdbb2df0d","d__Bacteria",NA,NA,NA,NA,NA,NA
"43e04697c53ec854573c8930c058ef22","d__Bacteria","Proteobacteria","Alphaproteobacteria","Sphingomonadales","Sphingomonadaceae","Sphingomonas",NA
"c6262550354faab167132edfaa906366","d__Bacteria","Firmicutes","Bacilli","Staphylococcales","Staphylococcaceae","Staphylococcus",NA
"2a3d0682d7d8f6cb8d06b800c221304f","d__Bacteria","Actinobacteriota","Actinobacteria","Actinomycetales","Actinomycetaceae","Actinomyces",NA
"f1a14d9887d902668a7f10144d34618f","d__Bacteria","Firmicutes","Clostridia","Peptostreptococcales-Tissierellales","Family_XI","Finegoldia",NA
"4151c48da634e2c306f9c032da41205c","d__Bacteria","Firmicutes","Bacilli","Lactobacillales","Streptococcaceae","Streptococcus",NA
"2e7d8078e9dceea74663ace8b58321d9","d__Bacteria",NA,NA,NA,NA,NA,NA
"48660d36559de88f28ce8438d022301b","d__Bacteria","Firmicutes","Bacilli","Lactobacillales","Streptococcaceae","Streptococcus",NA
"2c0c3c4749c128d7918c4f7d703b869e","d__Bacteria","Firmicutes","Bacilli","Staphylococcales","Staphylococcaceae","Staphylococcus",NA
"969e1ff104e88e4f35e4bc2ef56bc389","d__Bacteria","Actinobacteriota","Actinobacteria","Corynebacteriales","Mycobacteriaceae","Mycobacterium",NA
"14fd675a2afd4c06e4312d74e47417e0","d__Bacteria","Firmicutes","Bacilli","Staphylococcales","Staphylococcaceae","Staphylococcus",NA
"26e3eb3cdc274e31f971e8e55e66f3a8","d__Bacteria","Firmicutes","Bacilli","Staphylococcales","Staphylococcaceae","Staphylococcus",NA
"1a9b21e617e64b8e66514bd883a60fa4","d__Bacteria","Firmicutes","Bacilli","Staphylococcales","Staphylococcaceae","Staphylococcus",NA
"40378ae3386fd85dcb1cc2a5d271f768","d__Bacteria",NA,NA,NA,NA,NA,NA
"2eaa6873e36dacdd21639a500ef1446b","d__Bacteria","Proteobacteria","Gammaproteobacteria","Pseudomonadales","Pseudomonadaceae","Thiopseudomonas",NA
"6837785331bd5d3b0d8efaf5111269d1","d__Bacteria","Actinobacteriota","Actinobacteria","Pseudonocardiales","Pseudonocardiaceae","Pseudonocardia",NA
"71dacaa5d9844e108115b37a26e07176","d__Bacteria","Firmicutes","Bacilli","Staphylococcales","Staphylococcaceae","Staphylococcus",NA
"e9fb1d06b497acfd8956b9abc6a82a14","d__Bacteria","Actinobacteriota","Actinobacteria","Corynebacteriales","Corynebacteriaceae","Corynebacterium",NA
"bdd6a177f8df04ce05a86f6f768ef78a","d__Bacteria","Proteobacteria","Gammaproteobacteria","Pseudomonadales","Moraxellaceae","Acinetobacter",NA
"509baf08e466402047e342f6e512c3f2","d__Bacteria","Verrucomicrobiota","Chlamydiae","Chlamydiales",NA,NA,NA
"23d12bfe6e64f61f3e64ad542a5fd2cc","d__Bacteria","Bdellovibrionota","Oligoflexia","0319-6G20","0319-6G20","0319-6G20",NA
"b588c3b040e5cdb5d0ea9bb35e235250","d__Bacteria","Proteobacteria","Gammaproteobacteria","Burkholderiales","Neisseriaceae","Neisseria",NA
"aa8e4005dce52a2283ee4d0e33ecf1ea","d__Bacteria","Actinobacteriota","Actinobacteria","Bifidobacteriales","Bifidobacteriaceae","Gardnerella",NA
"556542b91323cbcec3fcf5601f186e1a","d__Bacteria","Actinobacteriota","Actinobacteria","Bifidobacteriales","Bifidobacteriaceae","Gardnerella",NA
"20af054eedea8a2f6a515425abb58050","d__Bacteria","Firmicutes","Clostridia","Lachnospirales","Lachnospiraceae",NA,NA
"be20e247553598f96662b492800e74b5","d__Bacteria","Bacteroidota","Bacteroidia",NA,NA,NA,NA
"5cd67d80572ac9f33715d68f4c025f0c","d__Bacteria","Firmicutes","Clostridia","Peptostreptococcales-Tissierellales","Family_XI","Finegoldia",NA
"7d007b4383d9773fd86cc360a95af811","d__Bacteria","Firmicutes","Clostridia","Peptostreptococcales-Tissierellales","Family_XI","Anaerococcus",NA
"14faf2da2e3f30a620f0cab9320cd85a","d__Bacteria","Proteobacteria","Gammaproteobacteria","Burkholderiales","Neisseriaceae","Neisseria",NA
"06ac0f57a93fc10dbcf447cc782f86fe","d__Bacteria","Proteobacteria","Gammaproteobacteria","Burkholderiales","Neisseriaceae","Neisseria",NA
"33dee9cb2cf5268ca07efd69f4c265db","d__Bacteria","Bacteroidota","Bacteroidia","Bacteroidales","Prevotellaceae","Alloprevotella",NA
"ef25297d32b2e92b6ce16fcf7ad1643f","Unassigned",NA,NA,NA,NA,NA,NA
"e6d436af0b4ebad2696323c7f3d27609","d__Bacteria",NA,NA,NA,NA,NA,NA
"16ff8cee98619ccc6b0d38a898e87e05","d__Bacteria","Bacteroidota","Bacteroidia","Bacteroidales","Prevotellaceae","Prevotella_7",NA
"57e35de0b3de77ba71ef5e96bda4eff9","d__Bacteria","Bacteroidota","Bacteroidia","Bacteroidales","Prevotellaceae","Prevotella_7",NA
"a6adcff2aa5e274ac7dd8bfe42cb4a8c","d__Bacteria","Firmicutes","Clostridia",NA,NA,NA,NA
"f213404989ea25055b9b311f4188e753","d__Bacteria","Actinobacteriota","Actinobacteria","Bifidobacteriales","Bifidobacteriaceae","Bifidobacterium",NA
"5fb0e45029560fcafca635d8106734fe","d__Bacteria","Actinobacteriota","Actinobacteria","Corynebacteriales","Corynebacteriaceae","Corynebacterium",NA
"2b928bd51c9760e0765ab2f18e615278","d__Bacteria","Actinobacteriota","Actinobacteria","Corynebacteriales","Corynebacteriaceae","Corynebacterium",NA
"d4f6871eabdd0127741fe12d45013b89","d__Bacteria","Firmicutes","Bacilli","Lactobacillales","Streptococcaceae","Streptococcus",NA
"43417f231eda8958563ba46154a453ec","d__Bacteria","Firmicutes","Clostridia","Peptostreptococcales-Tissierellales","Family_XI","Peptoniphilus",NA
"600779d34a5e7405aa599c1665a86e21","d__Bacteria","Actinobacteriota","Actinobacteria","Corynebacteriales","Corynebacteriaceae",NA,NA
"03244e606079f1a372f123b5efc2aa02","d__Bacteria",NA,NA,NA,NA,NA,NA
"8537d023eca7070e7a0ca6f6667ef037","d__Bacteria","Bacteroidota","Bacteroidia","Bacteroidales","Prevotellaceae","Prevotella_7",NA
"6a0f08b3968c0fed8ed125f769782e21","d__Bacteria","Firmicutes","Bacilli","Lactobacillales",NA,NA,NA
"b4db1e721051967721396395612760a4","d__Bacteria","Actinobacteriota","Actinobacteria","Actinomycetales","Actinomycetaceae","Actinomyces",NA
"dd68adb4dc09fb0c3535f01c205a110e","d__Bacteria","Firmicutes","Bacilli","Lactobacillales","Lactobacillaceae","Lactobacillus",NA
"303dcae7bfcfc9dbf24661d92db8ac57","d__Bacteria",NA,NA,NA,NA,NA,NA
"f68018616911b41db1eaa225805d4785","d__Bacteria","Firmicutes","Clostridia","Peptostreptococcales-Tissierellales","Family_XI","Peptoniphilus",NA
"81f11c77d7c7af1a9457d0e78023158a","d__Bacteria","Firmicutes","Bacilli","Lactobacillales","Streptococcaceae","Streptococcus",NA
"e669103eca62abc09a6d8b01118c5387","d__Bacteria","Firmicutes","Clostridia",NA,NA,NA,NA
"924dbb77a18ca4308d45e86ca70ba786","d__Bacteria","Actinobacteriota","Actinobacteria","Bifidobacteriales","Bifidobacteriaceae","Bifidobacterium",NA
"66b1e9e6818a89c7f55fdfea9d11dfcd","Unassigned",NA,NA,NA,NA,NA,NA
"cb9a7fe8fd4447f8e1b13f638436abe9","d__Bacteria","Bacteroidota","Bacteroidia","Bacteroidales","Prevotellaceae",NA,NA
"379a1a1e3ca6767eabe04e321bca1ef3","d__Bacteria","Campylobacterota","Campylobacteria","Campylobacterales","Campylobacteraceae","Campylobacter",NA
"d8fdade0c4e0d3be660b7bb2d31bd12a","d__Bacteria","Firmicutes","Bacilli","Lactobacillales",NA,NA,NA
"9ada191ecd31769f7d04601320b785ca","d__Bacteria",NA,NA,NA,NA,NA,NA
"e84f4ef88ec3bec82101cc72ee971f06","d__Bacteria","Proteobacteria","Gammaproteobacteria","Enterobacterales",NA,NA,NA
"27744f482a8831774cd5cfccb42a7165","d__Bacteria",NA,NA,NA,NA,NA,NA
"a6c03d89240f2ceb9ba2080d2b7c1907","d__Bacteria","Actinobacteriota","Actinobacteria","Corynebacteriales","Corynebacteriaceae","Corynebacterium",NA
"6fe14c6d609b966e00fc88190de79adb","d__Bacteria","Firmicutes","Bacilli","Staphylococcales","Staphylococcaceae","Staphylococcus",NA
"6045839352c0fbaf41d9e2161b5f537d","d__Bacteria",NA,NA,NA,NA,NA,NA
"7828b2be98f5caf537761b898360881e","d__Bacteria","Firmicutes",NA,NA,NA,NA,NA
"9f75fda89b5a2468dcf7fc3899328d90","d__Bacteria","Proteobacteria","Alphaproteobacteria",NA,NA,NA,NA
"796b5a1b3393bb176bc4bbe0c7b91a48","d__Bacteria","Firmicutes","Bacilli","Lactobacillales","Streptococcaceae","Streptococcus",NA
"e2803f85934023cfe7417dda5b4d3947","d__Bacteria","Proteobacteria","Gammaproteobacteria","Enterobacterales",NA,NA,NA
"4720a84b4a95a8ef84be6257319fa2ba","d__Bacteria","Firmicutes","Negativicutes","Veillonellales-Selenomonadales","Veillonellaceae","Veillonella",NA
"c709aa20f844063ea80bf652c62476da","d__Bacteria","Firmicutes","Bacilli","Staphylococcales","Gemellaceae","Gemella",NA
"38387f98babb7fb37749170a3a6b1ca4","d__Bacteria","Actinobacteriota","Actinobacteria","Actinomycetales","Actinomycetaceae","Actinomyces",NA
"b882aa72de76163e00ed5373b4afccb4","d__Bacteria",NA,NA,NA,NA,NA,NA
"73238ec07906d1349bde32965f2ed00d","d__Bacteria","Actinobacteriota","Actinobacteria","Corynebacteriales","Corynebacteriaceae","Corynebacterium",NA
"9bab8ea263ab3d4684e9fad5dcc91237","d__Bacteria",NA,NA,NA,NA,NA,NA
"2e280580a0ae8c2060d20858cda3a257","d__Bacteria",NA,NA,NA,NA,NA,NA
"1e7c39c5222ad84d5e9414f10b3bc63b","d__Bacteria","Firmicutes","Bacilli","Staphylococcales","Staphylococcaceae","Staphylococcus",NA
"16fd23408dfd349de43907d659dd45f6","d__Bacteria","Firmicutes","Clostridia","Peptostreptococcales-Tissierellales","Family_XI","Peptoniphilus",NA
"007cce41f29d5c8feb3ed6e58c80bc33","d__Bacteria",NA,NA,NA,NA,NA,NA
"b657e1227d550f3e7b13292f07c3dbb9","d__Bacteria","Firmicutes","Bacilli","Staphylococcales","Staphylococcaceae","Staphylococcus",NA
"bf877037a1d49243ff95fd09f26a59d4","d__Bacteria","Bacteroidota","Bacteroidia","Cytophagales","Microscillaceae","uncultured",NA
"2a777064df1bf0390c16030dd6327b3c","d__Bacteria","Firmicutes",NA,NA,NA,NA,NA
"e713e3afd1a80cb7cc2f19fd88e4ae28","d__Bacteria","Actinobacteriota","Actinobacteria","Propionibacteriales","Propionibacteriaceae","Cutibacterium",NA
"1a4965d59313c09a0b2366845fc4f037","d__Bacteria",NA,NA,NA,NA,NA,NA
"f72f3e1e2b94e24caeee7df8e58d652d","d__Bacteria","Firmicutes",NA,NA,NA,NA,NA
"8e5c461b8cb5fc055360fdaee5bc8c74","d__Bacteria",NA,NA,NA,NA,NA,NA
"52bb52d1a6f5d82b13f94023a2dc4bda","d__Bacteria","Bacteroidota","Bacteroidia","Flavobacteriales","Flavobacteriaceae","Capnocytophaga",NA
"8b3f1f8679c3bc520526452f34b77bc5","d__Bacteria","Patescibacteria","Saccharimonadia","Saccharimonadales","Saccharimonadales","Saccharimonadales",NA
"ddb0dd2de558f3e64e6c73317d244c53","d__Bacteria","Actinobacteriota","Actinobacteria","Actinomycetales","Actinomycetaceae","Actinomyces",NA
"120c7ccda5a2ff4db939b80864e38abb","d__Bacteria","Firmicutes","Clostridia","Peptostreptococcales-Tissierellales","Family_XI","Peptoniphilus",NA
"cf2594e4ea76f2a33f868cb02475ea74","d__Bacteria",NA,NA,NA,NA,NA,NA
"27e2148138ef46529602240d8fc1af44","d__Bacteria","Actinobacteriota","Actinobacteria","Micrococcales",NA,NA,NA
"67e4c62188278c404e245b7df7af3d19","d__Bacteria",NA,NA,NA,NA,NA,NA
"a379f5f2d09485494ebad9a5a058b178","d__Bacteria","Fusobacteriota","Fusobacteriia","Fusobacteriales","Fusobacteriaceae","Fusobacterium",NA
"2c296f05642e3bb46700cbcce0abd633","d__Bacteria","Patescibacteria","Saccharimonadia","Saccharimonadales","Saccharimonadales","Saccharimonadales",NA
"041a4da5b9bac3eb9ae131f4e9c02c96","d__Bacteria","Firmicutes","Negativicutes","Veillonellales-Selenomonadales","Veillonellaceae","Veillonella",NA
"0f171238accbe5d4e450ca73f1a63e24","d__Bacteria","Bacteroidota","Bacteroidia","Bacteroidales","Prevotellaceae",NA,NA
"199593e88a2e05740844e7aef148c97f","d__Bacteria","Bacteroidota","Bacteroidia","Bacteroidales","Prevotellaceae","Alloprevotella",NA
"c28427c0d25c67dd8f02aa32cd79f4cf","d__Bacteria","Bacteroidota","Bacteroidia","Flavobacteriales",NA,NA,NA
"b363546d9576fb4d7c6551783d26e32f","d__Bacteria",NA,NA,NA,NA,NA,NA
"9443bc01f44083b68ccb8fde0b3ab11f","Unassigned",NA,NA,NA,NA,NA,NA
"3bbb8a6f1b7936295ce0eb08ab168087","d__Bacteria","Proteobacteria","Gammaproteobacteria","Burkholderiales","Comamonadaceae",NA,NA
"41a41b68efbb44ea3f5021b2f9ee2998","d__Bacteria","Actinobacteriota","Actinobacteria","Micrococcales",NA,NA,NA
"e2f399ee2b454482e81e1b5022d76105","d__Bacteria",NA,NA,NA,NA,NA,NA
"5870d38ae4a2341c8a2c75d5caeeada4","d__Bacteria","Firmicutes","Bacilli","Lactobacillales","Aerococcaceae","Aerococcus",NA
"335502f93f611edf63f2d01d50fca177","d__Bacteria","Firmicutes","Negativicutes","Veillonellales-Selenomonadales","Veillonellaceae","Veillonella",NA
"78499770e6c071dacd10b53f610e8ca6","d__Bacteria","Proteobacteria","Gammaproteobacteria","Burkholderiales","Alcaligenaceae",NA,NA
"f1fc963d3bb4818bf3c8ffb19ab8363c","d__Bacteria","Firmicutes","Bacilli","Lactobacillales","Lactobacillaceae","Paucilactobacillus",NA
"2198868dda4efe95c3d85d97c6684a41","d__Bacteria","Spirochaetota","Spirochaetia","Spirochaetales","Spirochaetaceae",NA,NA
"4c1938a83003aa8e333613132b3486e3","d__Bacteria","Firmicutes","Negativicutes","Veillonellales-Selenomonadales","Veillonellaceae","Veillonella",NA
"ec03936b42a91b245fce2a55637fe788","d__Bacteria","Proteobacteria","Gammaproteobacteria","Legionellales","Legionellaceae","Legionella",NA
"9867a60dfccc3f6177e104808b67dc00","d__Archaea","Euryarchaeota","Methanobacteria","Methanobacteriales","Methanobacteriaceae","Methanosphaera",NA
"091fc84e440c4fc27e83ef615b15c748","d__Bacteria","Proteobacteria","Alphaproteobacteria","Rickettsiales","Mitochondria","Mitochondria",NA
"d6f2c630d688fe021c7226ab0ee7ffaa","d__Bacteria","Firmicutes","Bacilli","Lactobacillales","Streptococcaceae","Streptococcus",NA
"ba2d5a2bcce59797f7ffcd59db9ce8bd","d__Bacteria","Bacteroidota","Rhodothermia","Rhodothermales","Rhodothermaceae","Rhodothermaceae",NA
"695a46f10109f30df95ea3ec3b28994d","d__Bacteria","Actinobacteriota","Actinobacteria","Corynebacteriales","Corynebacteriaceae","Corynebacterium",NA
"e563ee27ba7c65255d89fce9beb40a6f","d__Bacteria","Firmicutes","Bacilli","Staphylococcales","Staphylococcaceae",NA,NA
"e56e6fdb59e99b3d5b90d4be22a3597f","d__Bacteria",NA,NA,NA,NA,NA,NA
"5de1c874a49d46b103253f7f63a4308e","d__Bacteria","Firmicutes","Bacilli","Staphylococcales","Staphylococcaceae",NA,NA
"3eeaf856cb1d9c6ad34da4a896b1e725","d__Bacteria","Actinobacteriota","Thermoleophilia","Solirubrobacterales","Solirubrobacteraceae","Conexibacter",NA
"9a9516d69cbf2629088e7d33272cfbaf","d__Bacteria","Actinobacteriota","Actinobacteria","Corynebacteriales","Corynebacteriaceae","Corynebacterium",NA
"ae860eb7182b057ff2a9f4a20985f5a1","d__Bacteria","Actinobacteriota","Actinobacteria","Corynebacteriales","Corynebacteriaceae","Corynebacterium",NA
"b46cd02c9a14de0c3c5f88b01e55e1f0","d__Bacteria","Firmicutes","Bacilli","Staphylococcales","Staphylococcaceae","Staphylococcus",NA
"8aec66d50fee6a4c0af963b8a4864004","d__Bacteria","Firmicutes","Bacilli","Staphylococcales","Staphylococcaceae","Staphylococcus",NA
"a9a180c418f0cf03126f37f8b39e68ef","d__Bacteria","Proteobacteria","Gammaproteobacteria","Xanthomonadales","Xanthomonadaceae","Stenotrophomonas",NA
"ebf3701e9652d744d7a9037421979139","d__Bacteria","Actinobacteriota","Actinobacteria","Corynebacteriales","Corynebacteriaceae","Corynebacterium",NA
"9edd3ca75638fb51f57b2dcfa08d07e6","d__Bacteria","Firmicutes","Bacilli","Staphylococcales","Staphylococcaceae","Staphylococcus",NA
"a5f6425463c1d57d28db3d487459b5c4","d__Bacteria","Firmicutes","Bacilli",NA,NA,NA,NA
"bdb1b58a038ddb43b50ec43ed2e28436","d__Bacteria","Actinobacteriota","Actinobacteria","Corynebacteriales","Corynebacteriaceae",NA,NA
"4a75718197f6ae2de80465ba7c009e89","d__Bacteria","Patescibacteria","Saccharimonadia","Saccharimonadales","Saccharimonadales","Saccharimonadales",NA
"97a2a2659ac33946c5091244cecb74fa","d__Bacteria","Firmicutes","Bacilli","Staphylococcales","Staphylococcaceae","Staphylococcus",NA
"8b1675a0657c31e66885e6b7b4b1861c","d__Bacteria","Firmicutes","Bacilli","Staphylococcales","Staphylococcaceae","Staphylococcus",NA
"787f8600cdc2694576808c211a1b08b3","d__Bacteria","Firmicutes","Clostridia","Peptostreptococcales-Tissierellales","Family_XI","Anaerococcus",NA
"9ed30202c15ad25a6d5bae42fa316311","d__Bacteria","Firmicutes","Bacilli","Lactobacillales","Streptococcaceae","Streptococcus",NA
"04b959cba82e15ddf76897d8f56f4fdd","d__Bacteria","Proteobacteria","Gammaproteobacteria","Burkholderiales","Neisseriaceae",NA,NA
"a9ebca1ee2f295d843e8f7ca08ea1384","d__Bacteria","Proteobacteria","Gammaproteobacteria","Burkholderiales","Comamonadaceae",NA,NA
"005553c4950bfb57e3fb58fd7978848f","d__Bacteria","Actinobacteriota","Actinobacteria","Micrococcales",NA,NA,NA
"dd36144e7b9c44704faf755e9c5f71f8","d__Bacteria",NA,NA,NA,NA,NA,NA
"fba2b8a34e15010f9761aaf0899c810b","d__Bacteria","Actinobacteriota","Actinobacteria","Corynebacteriales","Corynebacteriaceae","Corynebacterium",NA
"6f3fa4e5390719b38c50f1a9f84eca14","d__Bacteria","Planctomycetota","Planctomycetes","Isosphaerales","Isosphaeraceae",NA,NA
"77f48dcb13cb57ead2745ac3fe928d44","d__Bacteria","Actinobacteriota","Actinobacteria","Micrococcales","Microbacteriaceae","Agromyces",NA
"6081a259706ca8e663a0b504262c9f17","d__Bacteria","Cyanobacteria","Cyanobacteriia","Chloroplast","Chloroplast","Chloroplast",NA
"a19034ec8318cad1995540159c3d9d11","d__Bacteria","Proteobacteria","Gammaproteobacteria","Pseudomonadales","Moraxellaceae","Enhydrobacter",NA
"56811918f0f2619274600f02b1b0b4c4","d__Bacteria","Firmicutes","Clostridia","Lachnospirales","Lachnospiraceae","[Ruminococcus]_gnavus_group",NA
"5a787a2506aa88528e5404ac2ec017a8","d__Bacteria","Firmicutes","Bacilli",NA,NA,NA,NA
"20bb2d2c3097c366aabfcf1dccf7c1d4","d__Bacteria",NA,NA,NA,NA,NA,NA
"5419c11894630b06d1d3c58b5bdcf60d","d__Bacteria","Proteobacteria","Alphaproteobacteria","Sphingomonadales","Sphingomonadaceae","Sphingobium",NA
"cb1855b3b6f0fbdecc148ef2b8e67b08","d__Bacteria",NA,NA,NA,NA,NA,NA
"aa9174005a41fdb1f2e565034fb7d982","d__Bacteria","Firmicutes","Bacilli","Staphylococcales","Staphylococcaceae","Staphylococcus",NA
"054f0b8c18151e9fc494ff21993ffd28","d__Bacteria","Proteobacteria","Alphaproteobacteria","Rhizobiales","Xanthobacteraceae",NA,NA
"25aa74a674e6611ef84fff302447ae80","d__Bacteria","Actinobacteriota","Actinobacteria","Corynebacteriales","Mycobacteriaceae","Mycobacterium",NA
"4b82aa68ed326f69ea950d73e8bca01e","d__Bacteria","Actinobacteriota","Actinobacteria","Corynebacteriales","Corynebacteriaceae",NA,NA
"cf5dfe3d8409a36d3056888f3ac44017","d__Bacteria",NA,NA,NA,NA,NA,NA
"36db1d8c3622c8182ef24ce1b600eed4","d__Bacteria","Firmicutes","Negativicutes","Veillonellales-Selenomonadales","Veillonellaceae","Veillonella",NA
"24873747de6cede442044e6792cd97c2","d__Bacteria","Actinobacteriota","Actinobacteria","Corynebacteriales","Corynebacteriaceae","Corynebacterium",NA
"4d7a82a9432e312575b604b420117d47","d__Bacteria","Proteobacteria","Gammaproteobacteria","Burkholderiales",NA,NA,NA
"2b5ef04416333774374b7935c81f90eb","d__Bacteria","Patescibacteria","Saccharimonadia","Saccharimonadales","Saccharimonadales","Saccharimonadales",NA
"366be2ceb70df1aeb7c417d26b45cd48","d__Bacteria","Actinobacteriota","Actinobacteria","Micrococcales","Micrococcaceae",NA,NA
"5aa1e49e16ddca7de0f65b3b9963623b","d__Bacteria","Firmicutes","Bacilli","Lactobacillales","Aerococcaceae","Aerococcus",NA
"b689010d9190d35a4e630e0a87b66763","d__Bacteria",NA,NA,NA,NA,NA,NA
"ac7c09c3d0c4ea01fcc167d4f6a0d6bc","d__Bacteria","Chloroflexi","Chloroflexia","Thermomicrobiales","JG30-KF-CM45","JG30-KF-CM45",NA
"ba0f0ec33152c4e4cb03e4b3db98cd08","d__Bacteria","Proteobacteria","Gammaproteobacteria","Pseudomonadales","Moraxellaceae","Acinetobacter",NA
"dc305b71db575a10ceebc5ca09b115e9","d__Bacteria","Firmicutes","Clostridia","Peptostreptococcales-Tissierellales",NA,NA,NA
"8d645fe778eb73839dc7a030b71f5964","d__Bacteria","Firmicutes",NA,NA,NA,NA,NA
"0d47d717c1e95315ff14c3de55ac7db5","d__Bacteria","Firmicutes","Clostridia","Peptostreptococcales-Tissierellales","Family_XI","Peptoniphilus",NA
"915815ef7c1e549b2e7e13424ab2425c","d__Bacteria","Actinobacteriota","Actinobacteria","Corynebacteriales","Corynebacteriaceae","Corynebacterium",NA
"1c51e5c8f81342d2141486cceb366426","d__Bacteria","Actinobacteriota","Rubrobacteria","Rubrobacterales","Rubrobacteriaceae","Rubrobacter",NA
"7772c759efe77ed6d167630534b1d09c","d__Bacteria","Actinobacteriota","Actinobacteria","Corynebacteriales","Corynebacteriaceae",NA,NA
"9a6efc119f813a79b0e62b23591b882b","Unassigned",NA,NA,NA,NA,NA,NA
"35725449cb2cd25190b452db8af86915","d__Bacteria","Actinobacteriota","Actinobacteria","Streptosporangiales","Thermomonosporaceae","Actinoallomurus",NA
"33e936c59e928ff355d0b4dba8725081","d__Bacteria","Firmicutes","Bacilli","Staphylococcales","Staphylococcaceae","Staphylococcus",NA
"4d6b87946476a070cdd9de5b84bda0fe","d__Bacteria","Proteobacteria","Gammaproteobacteria","Burkholderiales","Oxalobacteraceae","Massilia",NA
"d6fad21bfb1ab43e0b177ae96448b4d1","d__Bacteria","Firmicutes","Bacilli","Lactobacillales","Streptococcaceae","Streptococcus",NA
"be1b1c811cae8c90e9091c668e29c0c7","d__Bacteria","Proteobacteria","Alphaproteobacteria","Sphingomonadales","Sphingomonadaceae",NA,NA
"f4f40d92e41889a17133246f766f3c0e","d__Bacteria","Proteobacteria","Gammaproteobacteria","Burkholderiales","Burkholderiaceae","Burkholderia-Caballeronia-Paraburkholderia",NA
"e61755e8cdb5fa27a6d9bf6fa1fced12","d__Bacteria","Firmicutes","Bacilli","Staphylococcales","Staphylococcaceae","Staphylococcus",NA
"aa60cb205e54e6a7b58d12d3c87db980","d__Bacteria","Actinobacteriota","Actinobacteria","Micrococcales","Dermacoccaceae","Yimella",NA
"4d8c35aeab35b2824991df35038b4b6e","d__Bacteria","Firmicutes","Clostridia","Lachnospirales","Lachnospiraceae","Anaerostipes",NA
"d763e9eed572ec2c3d5cf02609ab44d3","d__Bacteria","Bacteroidota","Bacteroidia","Bacteroidales","Prevotellaceae",NA,NA
"163a0d1f7461758a8f62f9899ca299c0","d__Bacteria","Proteobacteria","Gammaproteobacteria","Enterobacterales","Enterobacteriaceae","Escherichia-Shigella",NA
"0ab9f3d4de5f17cc2ae1051f77021183","d__Bacteria","Fusobacteriota","Fusobacteriia","Fusobacteriales","Leptotrichiaceae","Leptotrichia",NA
"0c9398e37ccdd11a164fe67efaa5beab","d__Bacteria","Proteobacteria","Gammaproteobacteria","Pseudomonadales","Moraxellaceae","Acinetobacter",NA
"8419bed44e59f85e5f09fd52d5f04936","d__Bacteria","Actinobacteriota","Coriobacteriia","Coriobacteriales","Eggerthellaceae",NA,NA
"fdc7348d9b8447aba1b046460a7a3d8e","d__Bacteria","Firmicutes","Clostridia","Peptostreptococcales-Tissierellales","Family_XI","Anaerococcus",NA
"074a5af61e37684153c074c293328884","d__Bacteria","Firmicutes","Clostridia","Peptostreptococcales-Tissierellales","Family_XI","Anaerococcus",NA
"fe1c17c7cd89da3d20eae16b83a458f3","d__Bacteria","Planctomycetota","Planctomycetes","Pirellulales","Pirellulaceae",NA,NA
"c05c245c8273d167d87be63182f50376","d__Bacteria","Firmicutes","Bacilli","Staphylococcales","Staphylococcaceae",NA,NA
"1678e6f105d202b6b4e69f27d79bed06","d__Bacteria","Proteobacteria","Gammaproteobacteria","Enterobacterales","Enterobacteriaceae","Escherichia-Shigella",NA
"f385b61f2ce4e02700825c0174cbbae3","d__Bacteria","Firmicutes","Clostridia","Peptostreptococcales-Tissierellales","Family_XI","Anaerococcus",NA
"3425c51db0bed995a3646b3b78f5985c","d__Bacteria","Firmicutes","Clostridia","Oscillospirales","Ruminococcaceae",NA,NA
"3dd7fdfb3dce5f45d3c3e9c943d5f132","d__Bacteria","Actinobacteriota","Actinobacteria","Actinomycetales","Actinomycetaceae","Actinomyces",NA
"cfa3c3554a1101656e39b6ca6964b2c8","d__Bacteria","Firmicutes","Bacilli","Staphylococcales","Staphylococcaceae","Staphylococcus",NA
"5e5d5d52ba84ecde81aeda79043893bc","d__Bacteria","Firmicutes","Bacilli",NA,NA,NA,NA
"7cdf1036ee89c88496f6c4a1032a92b1","d__Bacteria","Proteobacteria","Gammaproteobacteria","Pseudomonadales","Moraxellaceae","Enhydrobacter",NA
"231488b42d46cc1c4d3a6e5a69750b22","d__Bacteria","Firmicutes",NA,NA,NA,NA,NA
"ab476da1682e95cc2c7cc06d63bcb1b2","d__Bacteria","Firmicutes","Bacilli","Staphylococcales","Staphylococcaceae","Staphylococcus",NA
"0bf6862461879fbffbfcaabeaee6caeb","d__Bacteria","Actinobacteriota","Actinobacteria","Pseudonocardiales","Pseudonocardiaceae","Pseudonocardia",NA
"f5feda69dd84bb68b14e9af1c20d115d","d__Bacteria","Actinobacteriota","Actinobacteria","Corynebacteriales","Corynebacteriaceae",NA,NA
"c3ef811723276cc861162bb0e656e184","d__Bacteria","Firmicutes",NA,NA,NA,NA,NA
"07ea3e813f234766e131a5bd86e4f9a2","d__Bacteria","Actinobacteriota","Actinobacteria","Propionibacteriales","Propionibacteriaceae","Cutibacterium",NA
"2a5d25a69a6a1d1a6865887b4b16ff95","d__Bacteria",NA,NA,NA,NA,NA,NA
"4126c798d9be8ff9ef484b2e361246b2","d__Bacteria","Actinobacteriota","Actinobacteria","Micrococcales","Micrococcaceae","Kocuria",NA
"cd44f171e57ab134e8fa4acac707c10b","d__Bacteria",NA,NA,NA,NA,NA,NA
"007bcae7e323de21a3d9174910dac002","d__Bacteria",NA,NA,NA,NA,NA,NA
"eb4d6d6aab1da2d5e739401c907aa981","d__Bacteria","Actinobacteriota","Actinobacteria","Actinomycetales","Actinomycetaceae","Actinomycetaceae",NA
"3af4c2aedebffa9f7f0b2de20d02d0e3","d__Bacteria",NA,NA,NA,NA,NA,NA
"02573f3edd51de7bf749fbc26617a5d9","d__Bacteria","Firmicutes","Bacilli","Lactobacillales",NA,NA,NA
"027f855d1b0637c6a0e09d11a2485471","d__Bacteria","Patescibacteria","Saccharimonadia","Saccharimonadales","Saccharimonadaceae","TM7x",NA
"81e10063d66a441e548b11dfa8f0a49c","d__Bacteria","Firmicutes","Negativicutes","Veillonellales-Selenomonadales","Veillonellaceae","Veillonella",NA
"b5a6cd224bcf49d7c263035202922172","d__Bacteria","Firmicutes","Clostridia",NA,NA,NA,NA
"1cb1d5d3f7e8274b81f2168c1503b412","d__Bacteria","Bacteroidota","Bacteroidia",NA,NA,NA,NA
"1f62a29c9df2c24c23ddeb99823a2b8c","d__Bacteria","Proteobacteria","Gammaproteobacteria","Burkholderiales","Neisseriaceae","Neisseria",NA
"06b376048d270540eb45ce94880ae922","d__Bacteria","Firmicutes","Bacilli","Lactobacillales","Streptococcaceae","Streptococcus",NA
"f3e278b691861183262848861d4fd364","d__Bacteria",NA,NA,NA,NA,NA,NA
"e3573df79a13891b7bb4abe4398c45ce","d__Bacteria","Bacteroidota","Bacteroidia","Bacteroidales","Prevotellaceae",NA,NA
"c68427e22a14880be8825521f162a344","d__Bacteria",NA,NA,NA,NA,NA,NA
"c9a82fe7c4cf44796774b4beab2d7270","d__Bacteria","Bacteroidota","Bacteroidia","Bacteroidales","Porphyromonadaceae","Porphyromonas",NA
"2122bb0543b975761d5438ac385ab2f5","d__Bacteria",NA,NA,NA,NA,NA,NA
"4c33072ea08c7ca72b79e1d0ee703fe8","d__Bacteria","Firmicutes","Bacilli","Lactobacillales","Enterococcaceae",NA,NA
"ac9fdce97bb06f1be35291ce0ad029ea","d__Bacteria","Firmicutes","Bacilli","Lactobacillales",NA,NA,NA
"8a9ec58c01eb428a96e3006f06cae836","d__Bacteria","Firmicutes","Clostridia","Peptostreptococcales-Tissierellales","Family_XI","Anaerococcus",NA
"4dbfd3acbcaf7d444118e2fc14557481","d__Bacteria","Bacteroidota","Bacteroidia","Bacteroidales","Bacteroidaceae","Bacteroides",NA
"a933ba09d8b43abb1c01917ffbd11c3e","d__Bacteria","Firmicutes","Clostridia","Peptostreptococcales-Tissierellales","Family_XI",NA,NA
"394134e196b086856ef0ea6c785a23fa","d__Bacteria","Firmicutes","Bacilli","Lactobacillales",NA,NA,NA
"9e64c7c5fbdd87ad3e786f6831a277f7","d__Bacteria","Firmicutes","Clostridia","Peptostreptococcales-Tissierellales","Family_XI","Anaerococcus",NA
"d793d9b854f4f3f4bd470bc47c877f1a","d__Bacteria","Actinobacteriota","Coriobacteriia","Coriobacteriales","Atopobiaceae",NA,NA
"31262ac56d6e66e39f5b563a0498a616","d__Bacteria","Actinobacteriota","Actinobacteria","Bifidobacteriales","Bifidobacteriaceae","Bifidobacterium",NA
"754811bed99ad753bc90830fdd96b3aa","d__Bacteria","Actinobacteriota","Actinobacteria","Bifidobacteriales","Bifidobacteriaceae","Bifidobacterium",NA
"6f592b88e38fa5f3767a09fa5ba1e782","d__Bacteria","Actinobacteriota","Actinobacteria","Corynebacteriales","Corynebacteriaceae","Corynebacterium",NA
"8559efb9a8a42fc9d25233ffc43c5762","d__Bacteria","Firmicutes","Negativicutes","Veillonellales-Selenomonadales",NA,NA,NA
"65e0f4f8697d0f6b78349eb9f4b6f82c","d__Bacteria","Proteobacteria","Alphaproteobacteria","Rhodobacterales","Rhodobacteraceae",NA,NA
"690e0d8298fb23c87e8699b10678b22a","d__Bacteria","Firmicutes","Bacilli","Lactobacillales","Lactobacillaceae","Lactobacillus",NA
"beb63cc0c0bc7c8f9cc1ebe9ba56d5b5","d__Bacteria","Firmicutes","Bacilli","Lactobacillales","Streptococcaceae",NA,NA
"c17dc7c9e9bd66d37d847370e6fc3708","d__Bacteria","Firmicutes","Bacilli","Lactobacillales",NA,NA,NA
"44f30e03ee27d05e1c774222b492c9fc","d__Bacteria","Firmicutes","Clostridia","Peptostreptococcales-Tissierellales","Family_XI","Finegoldia",NA
"46cfe35f9c6e6df4913aa92aa7117543","d__Eukaryota","Ascomycota",NA,NA,NA,NA,NA
"f99d3ab9e962f6ce4b8f4b60b3ab5a2c","d__Bacteria","Firmicutes","Negativicutes","Veillonellales-Selenomonadales","Veillonellaceae","Negativicoccus",NA
"a58a6426d5e786c1117ddb51601e1c18","d__Bacteria","Firmicutes","Bacilli","Erysipelotrichales","Erysipelatoclostridiaceae","Erysipelatoclostridium",NA
"069505b5439608f9763ae7e410fbcbf6","d__Bacteria",NA,NA,NA,NA,NA,NA
"05655f28b7ee83797c94655758bea57f","d__Bacteria","Fusobacteriota","Fusobacteriia","Fusobacteriales","Leptotrichiaceae","Leptotrichia",NA
"e1e443e46d8ac46ee656e12f70a90f84","d__Bacteria","Firmicutes","Bacilli","Lactobacillales","Streptococcaceae","Streptococcus",NA
"ce4f941ba448f709699e3e102205d4a7","d__Bacteria","Bacteroidota","Bacteroidia","Bacteroidales","Prevotellaceae","Prevotella_7",NA
"96bbfef1663d8a21018c9d3f1204129b","d__Bacteria","Actinobacteriota","Actinobacteria",NA,NA,NA,NA
"0e875e01f23f63ea65d7dbee2a250b54","d__Bacteria","Actinobacteriota","Actinobacteria","Micrococcales",NA,NA,NA
"3a1406044e2bd3cdc1e115a7d35af323","d__Bacteria","Planctomycetota","OM190","OM190","OM190","OM190",NA
"e8f80d4533b0f715ca77bb95912e23a7","d__Bacteria","Proteobacteria","Gammaproteobacteria","Enterobacterales","Enterobacteriaceae","Escherichia-Shigella",NA
"f7dd8f26aba395dbe250c33f25464cd9","d__Bacteria","Proteobacteria","Gammaproteobacteria","Burkholderiales","Alcaligenaceae","Alcaligenes",NA
"6249dd31c743b8ee64c90f502ad7b44b","d__Bacteria","Firmicutes","Bacilli","Staphylococcales","Staphylococcaceae",NA,NA
"015a56ba73ab9c8e3081d6730a241c1a","d__Bacteria","Firmicutes","Clostridia","Peptostreptococcales-Tissierellales","Family_XI","Anaerococcus",NA
"5867cf9f31bd3ddb641fbb1e231ea929","d__Bacteria","Firmicutes",NA,NA,NA,NA,NA
"1b85cab3b06c9fc143e6a2d4e238b19d","d__Bacteria","Patescibacteria","Saccharimonadia","Saccharimonadales","Saccharimonadaceae","TM7a",NA
"3cd29fa3e30c773fab37ce3584ea284c","d__Bacteria","Proteobacteria","Alphaproteobacteria","Rhizobiales","Beijerinckiaceae","Methylobacterium-Methylorubrum",NA
"656de5da6b55587b8c7c0260ddea500c","d__Bacteria",NA,NA,NA,NA,NA,NA
"e91ab01db349eaec73f9171ba47db0e9","d__Bacteria","Actinobacteriota","Actinobacteria","Corynebacteriales","Corynebacteriaceae","Corynebacterium",NA
"1c8ec62cc737877928514b66f9332039","d__Bacteria","Actinobacteriota","Actinobacteria","Micrococcales","Dermatophilaceae","uncultured",NA
"acdc0fc81f391884d379c125c9816f7e","d__Bacteria",NA,NA,NA,NA,NA,NA
"60fc69d5177ef507025d10aa99e9e444","d__Bacteria","Actinobacteriota","Thermoleophilia","Solirubrobacterales","67-14","67-14",NA
"3c0f40890b33dd70c4f872405398402f","d__Bacteria","Gemmatimonadota","S0134_terrestrial_group","S0134_terrestrial_group","S0134_terrestrial_group","S0134_terrestrial_group",NA
"094a442bdb673070564808477e8ec41c","d__Bacteria",NA,NA,NA,NA,NA,NA
"8fda78a4516823d113dbe6aff064ce90","d__Bacteria","Deinococcota","Deinococci","Deinococcales","Deinococcaceae","Deinococcus",NA
"25919f5a43db720aa7a0d0ea3e8e7318","d__Bacteria","Planctomycetota","Phycisphaerae","Tepidisphaerales","WD2101_soil_group","WD2101_soil_group",NA
"56fee7138b96bcc639c2e3e08f4d1ddb","d__Bacteria","Actinobacteriota","Actinobacteria",NA,NA,NA,NA
"a62417d3a7ff8219a4061daadf8c3694","d__Bacteria",NA,NA,NA,NA,NA,NA
"340cad4be897e7086ba234948826278c","d__Bacteria","Firmicutes","Negativicutes","Veillonellales-Selenomonadales","Selenomonadaceae",NA,NA
"e07e837577df81ce6ade7ed9d476193f","d__Bacteria","Patescibacteria","Saccharimonadia","Saccharimonadales",NA,NA,NA
"2a5f2629b913821c6db2228140a7665e","d__Bacteria","Bacteroidota","Bacteroidia","Bacteroidales","Prevotellaceae","Prevotella",NA
"929af4a24f4fc80aa74a1807234f3270","d__Bacteria",NA,NA,NA,NA,NA,NA
"57fc8c62419816b57d4e56a25541fe69","d__Bacteria","Fusobacteriota","Fusobacteriia","Fusobacteriales","Fusobacteriaceae","Fusobacterium",NA
"76cdecc70935e8dd629553f1d75ad70c","d__Bacteria","Actinobacteriota","Actinobacteria","Corynebacteriales","Corynebacteriaceae","Corynebacterium",NA
"aac1c75ba11685db7e78739ffe7d6ce2","d__Bacteria","Firmicutes","Bacilli","Staphylococcales","Staphylococcaceae",NA,NA
"553201a21869591a9cb19868409e88c5","d__Bacteria","Actinobacteriota","Actinobacteria","Corynebacteriales","Corynebacteriaceae","Corynebacterium",NA
"23453e14d2c7b0b70c9488848cb964c8","d__Bacteria","Bacteroidota","Bacteroidia","Bacteroidales","Prevotellaceae",NA,NA
"ffcd3c46510eff4e365cb69d42a26a07","d__Bacteria","Firmicutes","Negativicutes","Veillonellales-Selenomonadales","Veillonellaceae","Veillonella",NA
"a22fddf50c26eea9094e8e810d1f3e29","d__Bacteria","Actinobacteriota","Actinobacteria","Actinomycetales","Actinomycetaceae","Actinomyces",NA
"146dfee4a9664d7d83b992ed12440173","d__Bacteria","Firmicutes","Clostridia","Peptostreptococcales-Tissierellales","Family_XI","Finegoldia",NA
"4c669f03b11279bea4c1b1e72238c435","d__Bacteria","Actinobacteriota","Actinobacteria","Corynebacteriales","Corynebacteriaceae","Corynebacterium",NA
"bf1d98b5a30519bd78e72ec6ffe387b2","d__Bacteria","Firmicutes","Clostridia",NA,NA,NA,NA
"96600c524f8847350557abd0ee579b03","d__Bacteria","Actinobacteriota","Coriobacteriia","Coriobacteriales",NA,NA,NA
"58403caa1de67a5783712c66a5916a08","d__Bacteria","Firmicutes","Negativicutes","Veillonellales-Selenomonadales","Veillonellaceae","Veillonella",NA
"0ef096928613b2f67d4c5aeb8614c925","d__Bacteria","Bacteroidota","Bacteroidia","Bacteroidales","Bacteroidaceae","Bacteroides",NA
"c2a9a9f9f9888d1cd1d165c66df127cb","d__Bacteria","Actinobacteriota","Actinobacteria","Actinomycetales","Actinomycetaceae","Actinomyces",NA
"c10049592b2d58843f5dd7fb92192751","d__Bacteria","Firmicutes","Bacilli","Lactobacillales","Streptococcaceae","Streptococcus",NA
"afc95898d21b829e57c8904319f79be9","d__Bacteria","Actinobacteriota","Actinobacteria","Corynebacteriales","Corynebacteriaceae","Corynebacterium",NA
"d48cb1b461b3bf19c246202384a055cd","d__Bacteria",NA,NA,NA,NA,NA,NA
"b7b1bdea3e2bf39f3ffd9efde25200d7","d__Bacteria","Firmicutes","Bacilli","Erysipelotrichales","Erysipelatoclostridiaceae","Catenibacterium",NA
"57217dc0e1997ffd36d648943071390b","d__Bacteria","Firmicutes","Bacilli",NA,NA,NA,NA
"e77f578fdd46c7e1307401c54454876d","d__Bacteria","Actinobacteriota","Actinobacteria","Corynebacteriales","Corynebacteriaceae",NA,NA
"6f3ee94f0ea34a3f9924c4995f9b2287","d__Bacteria",NA,NA,NA,NA,NA,NA
"71a963332cd9d372fae22875e0c71898","d__Bacteria","Firmicutes","Bacilli","Staphylococcales","Staphylococcaceae","Staphylococcus",NA
"4e06f3c5fe5929541d539d1aa2091ef6","d__Bacteria","Proteobacteria","Gammaproteobacteria","Enterobacterales","Yersiniaceae","Serratia",NA
"286777791dd238254fae2978f2def172","d__Bacteria","Firmicutes","Bacilli","Staphylococcales","Staphylococcaceae","Staphylococcus",NA
"191797af418527b91414da89d5db2cd1","d__Bacteria","Actinobacteriota","Actinobacteria","Corynebacteriales","Corynebacteriaceae",NA,NA
"cd9b321958159bc398c50607b77a7686","d__Bacteria",NA,NA,NA,NA,NA,NA
"508fb05df8079793d02ad8d8d8a33554","d__Bacteria","Actinobacteriota","Actinobacteria","Corynebacteriales","Corynebacteriaceae","Corynebacterium",NA
"fe1723660da20a03344d9b071fa927a4","d__Bacteria","Actinobacteriota","Coriobacteriia","Coriobacteriales","Eggerthellaceae","Slackia",NA
"2e0e2ecabb79880ea5d6b7f35d4efde9","d__Bacteria",NA,NA,NA,NA,NA,NA
"ec81ddaf4138f3bce9fa33498308c827","d__Bacteria",NA,NA,NA,NA,NA,NA
"58f9144fc6b5328bcaca3b2d9ace53d6","d__Bacteria","Firmicutes","Negativicutes","Veillonellales-Selenomonadales","Veillonellaceae","Megasphaera",NA
"f63d661088c5631080d339b4ab29210b","d__Bacteria","Myxococcota","Polyangia","Polyangiales","Eel-36e1D6","Eel-36e1D6",NA
"abfec8fee849babdbff7b9ed3bf70b6e","d__Bacteria","Firmicutes","Bacilli","Lactobacillales","Streptococcaceae","Streptococcus",NA
"233b0d1ef7abfa5983e707d7f9e314e9","Unassigned",NA,NA,NA,NA,NA,NA
"aac29155de34df23358b816f67419cb5","d__Bacteria",NA,NA,NA,NA,NA,NA
"93c62a2cb9bfc3dc2f9fa35cdda2788f","d__Bacteria","Proteobacteria","Alphaproteobacteria",NA,NA,NA,NA
"3b28865f896eea3f7e50e7d5910ef836","d__Bacteria","Actinobacteriota","Actinobacteria","Micrococcales","Micrococcaceae",NA,NA
"2f335b04f7fdd4165cd651d30c5694e6","d__Bacteria","Actinobacteriota","Actinobacteria","Corynebacteriales","Corynebacteriaceae","Corynebacterium",NA
"ee566879174f5404fad0816898f62cfa","d__Bacteria","Actinobacteriota","Actinobacteria","Propionibacteriales","Propionibacteriaceae",NA,NA
"9979b842c463975243fc91bcf6c1eafa","d__Bacteria","Proteobacteria","Alphaproteobacteria","Rhizobiales","Xanthobacteraceae",NA,NA
"09cdf3e6fa42f21398d0c09b646f5225","d__Bacteria",NA,NA,NA,NA,NA,NA
"d97a9577ebe5f7966ee62d0706542fb4","d__Bacteria","Bacteroidota","Bacteroidia","Bacteroidales","Prevotellaceae","Prevotella",NA
"16e80c22a256af144f3afc293737c1b6","d__Bacteria","Firmicutes","Clostridia","Lachnospirales","Lachnospiraceae",NA,NA
"9e66ce02354a7d8d10ccb99010eb2cc4","d__Bacteria","Firmicutes","Clostridia","Lachnospirales","Lachnospiraceae","Oribacterium",NA
"9da44ef2ef4162a8bad40838932e33df","d__Bacteria","Actinobacteriota","Actinobacteria","Actinomycetales","Actinomycetaceae","Actinomyces",NA
"f18555702c73dfbe7ff78d2fcdfd1126","d__Bacteria",NA,NA,NA,NA,NA,NA
"8fd183596f136ffee626581315111d1a","d__Bacteria","Bacteroidota","Bacteroidia",NA,NA,NA,NA
"178ceb48440b4d013c667051e2856c9e","d__Bacteria","Proteobacteria","Gammaproteobacteria","Enterobacterales",NA,NA,NA
"269d226dd483e9a8c880bd186f28b2a4","d__Bacteria","Actinobacteriota","Actinobacteria","Micrococcales",NA,NA,NA
"3cb94b6ffb3346e1245b87cad9aae1ff","d__Bacteria","Firmicutes","Bacilli","Staphylococcales","Staphylococcaceae",NA,NA
"7b7043d6c35cb5f50cf06cf217e8256b","d__Bacteria","Actinobacteriota","Actinobacteria","Micrococcales",NA,NA,NA
"11dafde90f510d7b20178ba2ff29d1ff","d__Bacteria","Actinobacteriota","Actinobacteria","Micrococcales",NA,NA,NA
"cec48747c4217b58a08efbd37c606dea","d__Bacteria","Firmicutes","Bacilli","Staphylococcales","Staphylococcaceae","Staphylococcus",NA
"350cd5a54c8e4cfa73e6c5b2d5feab87","d__Bacteria","Actinobacteriota","Actinobacteria","Micrococcales","Brevibacteriaceae","Brevibacterium",NA
"8c5cc5d4a0f269d19dc5c76f872eba33","d__Bacteria","Proteobacteria","Gammaproteobacteria","Xanthomonadales","Xanthomonadaceae",NA,NA
"f8a91c6844ca1767417e8f1f1b6f0fbf","d__Bacteria","Proteobacteria","Alphaproteobacteria","Rhizobiales","Beijerinckiaceae","Bosea",NA
"6f0f4036cb4dd1b6e6d4b348d919f190","d__Bacteria",NA,NA,NA,NA,NA,NA
"31a7fcf4843fe63f7894750cff57cd13","d__Bacteria","Proteobacteria","Gammaproteobacteria","Pseudomonadales","Moraxellaceae","Acinetobacter",NA
"ddc81e350c36f80ed30b74e6d1e22da5","d__Bacteria","Proteobacteria",NA,NA,NA,NA,NA
"f7d3759195082b9e70fe9cd66559e3df","d__Bacteria","Actinobacteriota","Actinobacteria","Micrococcales","Micrococcaceae",NA,NA
"b969fc03e6186c53836081d10efb529a","d__Bacteria",NA,NA,NA,NA,NA,NA
"1e55895cc9b5d3e799a6b35630fc065f","d__Bacteria","Proteobacteria","Gammaproteobacteria","Xanthomonadales","Xanthomonadaceae",NA,NA
"ae5376df8d2156423ddab75b439cfd75","d__Bacteria","Firmicutes","Bacilli","Staphylococcales","Staphylococcaceae","Staphylococcus",NA
"aae8d6730331a34cf4144e5f150272e6","d__Bacteria","Bacteroidota","Bacteroidia","Bacteroidales","Porphyromonadaceae","Porphyromonas",NA
"da23f24ef433f71d3ce5f2fee6fe9ac9","d__Bacteria","Firmicutes","Negativicutes","Veillonellales-Selenomonadales","Veillonellaceae","Veillonella",NA
"4ccf70124d58ddfc2b621ef7181c0c58","d__Bacteria","Firmicutes","Clostridia","Peptostreptococcales-Tissierellales","Family_XI","Anaerococcus",NA
"228c419f461e4c55f17fd522cd637a9a","d__Bacteria","Firmicutes","Bacilli","Staphylococcales","Staphylococcaceae","Staphylococcus",NA
"513f0aecdeddee927b4e8e2fbfbba5d5","d__Bacteria",NA,NA,NA,NA,NA,NA
"06604f75c637dded858f5a6a84b8ae22","d__Bacteria","Firmicutes","Bacilli","Staphylococcales","Staphylococcaceae","Staphylococcus",NA
"479584de32483d29efb6c452a47fcd83","d__Bacteria","Firmicutes","Negativicutes","Veillonellales-Selenomonadales","Veillonellaceae","Veillonella",NA
"fef8a45a874fc17dd9d595d382084e88","d__Bacteria",NA,NA,NA,NA,NA,NA
"f7f72d0d3c4fb3bd3e40ac3280987b57","d__Bacteria","Proteobacteria","Alphaproteobacteria","Rhizobiales","Xanthobacteraceae",NA,NA
"54a97b15ab0096cdacb3665f4b40d7b1","d__Bacteria","Gemmatimonadota","Gemmatimonadetes","Gemmatimonadales","Gemmatimonadaceae",NA,NA
"d03d00e9e1c4d35f077c3c3d7c9d9271","d__Bacteria",NA,NA,NA,NA,NA,NA
"d4c3e945b2e1d555f832333125fc8c94","d__Bacteria","Actinobacteriota","Coriobacteriia","Coriobacteriales","Coriobacteriaceae","Collinsella",NA
"4df066290b168d3b8cb2fecb4b60f222","d__Bacteria","Firmicutes","Bacilli","Staphylococcales","Staphylococcaceae",NA,NA
"5b108b3894d82bf88cae8019339e5451","d__Bacteria",NA,NA,NA,NA,NA,NA
"18d44aee8e8154aa1fc6643dc2cc15ee","d__Bacteria","Proteobacteria","Gammaproteobacteria","Xanthomonadales","Xanthomonadaceae","Stenotrophomonas",NA
"f8bb9639795217f13878f339bae7507d","d__Bacteria","Firmicutes","Bacilli","Lactobacillales","Lactobacillaceae",NA,NA
"8ceeacf620a2f44d0bbb69d8b164e96b","d__Bacteria","Firmicutes","Bacilli","Staphylococcales","Staphylococcaceae",NA,NA
"3f18606b7bedb234867a1fc4bdc13c7d","d__Bacteria",NA,NA,NA,NA,NA,NA
"3aabb07c200f10613212c7530e202e96","d__Bacteria","Actinobacteriota","Actinobacteria","Micrococcales",NA,NA,NA
"04f4fff9e411ce33b517a99282f459a8","d__Bacteria",NA,NA,NA,NA,NA,NA
"13a724257633d204942f30bde7871a2a","d__Bacteria","Bacteroidota","Bacteroidia",NA,NA,NA,NA
"89d7f6887feb0522a41dd7211bd71437","d__Bacteria",NA,NA,NA,NA,NA,NA
"1220d7e2d0d80be48128b7aff3872fb3","d__Bacteria","Proteobacteria","Gammaproteobacteria","Burkholderiales","Nitrosomonadaceae","MND1",NA
"fb5be6aa3ac18cc3511a44d5b772323d","d__Bacteria",NA,NA,NA,NA,NA,NA
"8cef7f3f01b2fa90f96691e61355e6f6","d__Bacteria","Proteobacteria","Gammaproteobacteria","Diplorickettsiales","Diplorickettsiaceae","Aquicella",NA
"840dcc03f60081d483567b2c1e8780fb","d__Bacteria","Firmicutes","Bacilli","Staphylococcales","Staphylococcaceae",NA,NA
"9ad0168d6b9b37d29ddf29310495aec5","d__Bacteria","Proteobacteria","Gammaproteobacteria","Diplorickettsiales","Diplorickettsiaceae","uncultured",NA
"ed6fd606b0c4e05fa150da4260e50797","d__Bacteria","Proteobacteria","Alphaproteobacteria","Rhizobiales","Beijerinckiaceae","Methylobacterium-Methylorubrum",NA
"6bafe33df32e2c18cd077239b56d0d29","d__Bacteria","Actinobacteriota","Coriobacteriia","Coriobacteriales","Atopobiaceae",NA,NA
"49c620c03872675aabf8338d3b04ab4c","d__Bacteria","Firmicutes","Limnochordia","Limnochordales","Limnochordaceae","Limnochordaceae",NA
"a79b66e94221d0b3f03b0069c070cd02","d__Bacteria","Actinobacteriota","Actinobacteria","Micrococcales","Brevibacteriaceae","Brevibacterium",NA
"362ffaae1b0aa5a2f4e7bc729159baf0","d__Bacteria",NA,NA,NA,NA,NA,NA
"3cbb6108ad4fdac8fe2c4b1aafddf57e","d__Bacteria","Proteobacteria","Alphaproteobacteria",NA,NA,NA,NA
"33d19b93b12e8aa989a5df9abd7c642e","d__Bacteria","Firmicutes","Bacilli","Staphylococcales","Staphylococcaceae",NA,NA
"03000cf0d6837742092e7a820041c3ee","d__Bacteria","Actinobacteriota","Actinobacteria","Corynebacteriales","Corynebacteriaceae","Corynebacterium",NA
"7a41b5e180ed67a3bfa407fab3b9b724","d__Bacteria","Proteobacteria",NA,NA,NA,NA,NA
"1741aa724cf3573198fa1869dcbf0490","d__Bacteria","Proteobacteria","Gammaproteobacteria","Pseudomonadales","Moraxellaceae","Enhydrobacter",NA
"b2900a7863549e90e42583ccdbf15f30","d__Bacteria","Proteobacteria","Alphaproteobacteria",NA,NA,NA,NA
"f97db43f857f59d88ad65eb209791ae6","d__Bacteria","Actinobacteriota","Actinobacteria","Propionibacteriales","Propionibacteriaceae","Cutibacterium",NA
"4dbeed2128f7a437cf6e978dfea5eb8a","d__Bacteria","Actinobacteriota","Actinobacteria","Propionibacteriales","Propionibacteriaceae","Friedmanniella",NA
"c6128b2427e0ef2320b6446b75085952","d__Bacteria","Firmicutes","Clostridia","Lachnospirales","Lachnospiraceae",NA,NA
"8081211c96e8ba37cd89d30d28988474","d__Bacteria","Firmicutes",NA,NA,NA,NA,NA
"aef1bf533df718743e9310e10e2aeeea","d__Bacteria","Actinobacteriota","Thermoleophilia","Solirubrobacterales",NA,NA,NA
"66d2ae080d644f75a69788620a674662","d__Bacteria","Firmicutes","Bacilli","Staphylococcales","Staphylococcaceae",NA,NA
"0cc35f459f4abfdeffd2bf527d66458f","d__Bacteria","Verrucomicrobiota","Chlamydiae","Chlamydiales",NA,NA,NA
"005883fea9f70d82bde383167895860e","d__Bacteria","Firmicutes","Bacilli","Staphylococcales","Staphylococcaceae","Staphylococcus",NA
"2ec0869a30e4f9d842ebd1671cb990f8","d__Bacteria","Actinobacteriota","Actinobacteria","Corynebacteriales","Corynebacteriaceae","Corynebacterium",NA
"579800015b5d564f1770a40d510d718c","d__Bacteria","Firmicutes","Bacilli",NA,NA,NA,NA
"155954f76571b06d385dc059c732c195","d__Bacteria","Firmicutes","Clostridia","Lachnospirales","Lachnospiraceae",NA,NA
"1550e452afc59d62a491f0c6f2c3a0ca","d__Bacteria","Actinobacteriota","Actinobacteria","Corynebacteriales","Corynebacteriaceae","Corynebacterium",NA
"7e873a425197b460cd30ce96128186c4","d__Bacteria","Firmicutes",NA,NA,NA,NA,NA
"909db50d2d1b8af1e9bb177b5f95d243","d__Bacteria","Firmicutes","Bacilli","Staphylococcales","Staphylococcaceae",NA,NA
"472dfb08c43953a4e8df68e4fcfc1ae6","d__Bacteria","Firmicutes","Bacilli","Staphylococcales","Staphylococcaceae",NA,NA
"9c1dfaff5baccc16e268ea7f42171c86","d__Bacteria","Patescibacteria","Saccharimonadia","Saccharimonadales","Saccharimonadaceae","Saccharimonadaceae",NA
"b559a3ee3df4d4e94e789b15fa570250","d__Bacteria","Firmicutes","Clostridia","Peptostreptococcales-Tissierellales","Family_XI","Anaerococcus",NA
"b2794cf57dd39e02ff1f5d42b994a03f","d__Bacteria","Dependentiae","Babeliae","Babeliales","Vermiphilaceae","Vermiphilaceae",NA
"e16db2242a39d1c885f974f537ce75bf","d__Bacteria","Firmicutes","Bacilli",NA,NA,NA,NA
"28c3b96a749587b829d7f4337bd6abe9","d__Bacteria","Proteobacteria","Alphaproteobacteria","Rhizobiales","Beijerinckiaceae","Bosea",NA
"75bd55a67fecd3bf8a91c695f4e07253","d__Bacteria","Actinobacteriota","Actinobacteria","Propionibacteriales","Nocardioidaceae","Nocardioides",NA
"63b8fd336d0b428dee4bdfda27bba538","d__Bacteria","Firmicutes","Bacilli","Staphylococcales","Staphylococcaceae","Staphylococcus",NA
"0dca862d8f5af7d9e0e20de7adc5d9bd","d__Bacteria",NA,NA,NA,NA,NA,NA
"553293eca30d5fca769c61509f423ab2","d__Bacteria",NA,NA,NA,NA,NA,NA
"3e2303c877aa741e5d52afa99af53d2e","d__Bacteria","Firmicutes","Clostridia",NA,NA,NA,NA
"1d249430c5ebfa8f8c4b65f2e57e08a3","d__Bacteria","Actinobacteriota","Actinobacteria","Corynebacteriales","Corynebacteriaceae","Corynebacterium",NA
"946aceb18fbad2fd0b12c249acfe8076","d__Bacteria",NA,NA,NA,NA,NA,NA
"0e43bb6bd69add7bf56952bca59493ec","d__Bacteria","Actinobacteriota","Actinobacteria",NA,NA,NA,NA
"1c6213e6b58e9bff0671a87cb0caa8aa","d__Bacteria",NA,NA,NA,NA,NA,NA
"c68cfa60d8a150d5d991e6502d5ae4c7","d__Bacteria","Actinobacteriota","Actinobacteria",NA,NA,NA,NA
"82b66b3d542ca7bb27e92997242f95bb","d__Bacteria","Patescibacteria","Saccharimonadia","Saccharimonadales","Saccharimonadales","Saccharimonadales",NA
"2aed1ef969e18a71fc9b317713032703","d__Bacteria","Proteobacteria","Gammaproteobacteria","Pseudomonadales","Pseudomonadaceae","Pseudomonas",NA
"11046aefacd275a572d98c73e9c01ea6","d__Bacteria",NA,NA,NA,NA,NA,NA
"16c87f244138828478840f5079bb9026","d__Bacteria","Proteobacteria","Alphaproteobacteria","Rickettsiales","Mitochondria","Mitochondria",NA
"134b0897996de5d5d9c56404f3c78ed7","d__Bacteria","Actinobacteriota","Actinobacteria","Corynebacteriales","Corynebacteriaceae","Corynebacterium",NA
"6640bdcb4c97b53e5f0cace5fe0ca9f9","d__Bacteria","Firmicutes","Clostridia","Oscillospirales","Ruminococcaceae","Subdoligranulum",NA
"62f90f82e390d11275127117ffe24789","d__Bacteria","Firmicutes",NA,NA,NA,NA,NA
"82ac760250716ee0b93b1b1452f4d871","d__Bacteria",NA,NA,NA,NA,NA,NA
"274c9a340d111b63f5bd3e92f44ab5b0","d__Bacteria","Firmicutes","Bacilli","Staphylococcales","Staphylococcaceae",NA,NA
"3343146a054ceded90b603d0137aa065","d__Eukaryota","Ascomycota","Dothideomycetes","Pleosporales","Didymellaceae","Ascochyta",NA
"bf5a138e9881e1477067e5a384591042","d__Bacteria","Proteobacteria","Gammaproteobacteria","Enterobacterales","Erwiniaceae","Pantoea",NA
"14855995ff4fe9a5aa96b59e2d208f79","d__Bacteria","Actinobacteriota","Actinobacteria","Corynebacteriales","Corynebacteriaceae","Corynebacterium",NA
"1612d4e0c74c4828e24a9ae236f6e926","d__Bacteria","Firmicutes","Bacilli","Staphylococcales","Staphylococcaceae","Jeotgalicoccus",NA
"1baec95a25b45ba5e7cc1f8edbc270b4","d__Bacteria","Actinobacteriota","Actinobacteria","Micrococcales",NA,NA,NA
"85c7a01181b1a364bd1d330f95b701c4","d__Bacteria","Firmicutes","Bacilli","Erysipelotrichales","Erysipelotrichaceae","Turicibacter",NA
"172bad27873e66f3050296201cdbe1ec","d__Bacteria","Actinobacteriota","Actinobacteria","Corynebacteriales","Corynebacteriaceae",NA,NA
"67799f898d718f9c32f592fb80b1fc26","d__Bacteria","Actinobacteriota","Actinobacteria","Micrococcales","Micrococcaceae","Kocuria",NA
"7efaa860b5a42e531254ee9dc0a61ce9","d__Bacteria","Firmicutes","Clostridia","Peptostreptococcales-Tissierellales","Family_XI","Peptoniphilus",NA
"5d71a6ed9aa23c00e08c8d987ff07128","d__Bacteria","Proteobacteria","Gammaproteobacteria","Pseudomonadales","Moraxellaceae","Psychrobacter",NA
"22e2bf91aba3db3c88a64800d8157e24","d__Bacteria","Patescibacteria","Saccharimonadia","Saccharimonadales","Saccharimonadales","Saccharimonadales",NA
"abceb5466fcaa9eeefb35405e2c0f871","d__Bacteria","Proteobacteria","Alphaproteobacteria",NA,NA,NA,NA
"90b6f861f6fcce1236d3140a283bc8d1","d__Bacteria","Actinobacteriota","Actinobacteria","Micrococcales",NA,NA,NA
"6755ab2c1b82f3dbf7c203a256676a29","d__Bacteria","Actinobacteriota","Actinobacteria","Micrococcales",NA,NA,NA
"573e70d9c522ff0d28580c8d264d36d0","d__Bacteria","Firmicutes","Bacilli","Lactobacillales","Streptococcaceae","Streptococcus",NA
"73d806287db112cbe168d6a29d19325e","d__Bacteria","Actinobacteriota","Actinobacteria","Micrococcales",NA,NA,NA
"e4e74b1fdc2d8c159cd3f5ebb0a991bd","d__Bacteria","Actinobacteriota","Actinobacteria","Corynebacteriales","Corynebacteriaceae","Corynebacterium",NA
"f84faea290062264b9f2d1a70ec53153","d__Bacteria","Firmicutes","Clostridia","Peptostreptococcales-Tissierellales","Family_XI","Anaerococcus",NA
"0205f066193e336c919f9ceca7a24d25","d__Bacteria","Firmicutes",NA,NA,NA,NA,NA
"1ac541dcaef8b8b7a8e32de203ee89fe","d__Bacteria","Bacteroidota","Bacteroidia","Bacteroidales","Prevotellaceae","Prevotella_7",NA
"0cbfb786c43f57f5015d7abd5b7abbaf","d__Bacteria","Proteobacteria","Gammaproteobacteria","Enterobacterales","Enterobacteriaceae","Escherichia-Shigella",NA
"ae14ec496bfc23b5fcd1b99750c7ffa3","d__Bacteria","Actinobacteriota","Actinobacteria","Propionibacteriales","Propionibacteriaceae","Cutibacterium",NA
"5412c1b48215ea1dc04265785179807a","d__Bacteria",NA,NA,NA,NA,NA,NA
"e044bd81bcc6daa45362b27f77e91215","d__Bacteria","Firmicutes","Bacilli","Staphylococcales","Staphylococcaceae","Staphylococcus",NA
"b47e78a2bca87c9dfcfaeebd92bb80c2","d__Bacteria",NA,NA,NA,NA,NA,NA
"f210eef79251cf8dc16c1b909a827d0e","d__Bacteria",NA,NA,NA,NA,NA,NA
"a9d7652cf5e769069db250e7d6e2f593","d__Bacteria","Firmicutes","Negativicutes","Veillonellales-Selenomonadales","Veillonellaceae","Veillonella",NA
"e89110c7dd7db033fb9db00e943e9607","d__Bacteria","Firmicutes","Clostridia","Lachnospirales","Lachnospiraceae",NA,NA
"80cdf371267752dadcd7d01eca45f6ef","d__Bacteria","Actinobacteriota","Actinobacteria","Corynebacteriales","Corynebacteriaceae",NA,NA
"5e71f83802fd553d2be9d8645110efb8","d__Bacteria","Firmicutes","Clostridia","Oscillospirales","Hungateiclostridiaceae","Fastidiosipila",NA
"2960f5e154bd193e54980e16ebda0586","d__Bacteria","Firmicutes",NA,NA,NA,NA,NA
"406e95324fa70d0ff23558b5adc2a47a","d__Bacteria",NA,NA,NA,NA,NA,NA
"43ed5c5e10b4632970e3e60543454de1","d__Bacteria","Firmicutes",NA,NA,NA,NA,NA
"67ef45299fefc01b1ac490e15c1c2b51","d__Bacteria","Firmicutes","Bacilli","Lactobacillales","Carnobacteriaceae",NA,NA
"28bfa51dea8fcdd3d3059dbc18eed55e","d__Bacteria",NA,NA,NA,NA,NA,NA
"55d3cb5fcde079a47a580a0e8f6f2ab6","Unassigned",NA,NA,NA,NA,NA,NA
"638d965b2fceb7986243094953aecbfc","d__Bacteria","Firmicutes","Bacilli","Staphylococcales","Staphylococcaceae","Staphylococcus",NA
"7b6e095336e9263ccf752ea982274602","d__Bacteria","Actinobacteriota","Actinobacteria","Corynebacteriales","Corynebacteriaceae","Corynebacterium",NA
"7dabe34ba5ecb6cf351462701623e7d1","d__Bacteria","Actinobacteriota","Actinobacteria","Corynebacteriales","Corynebacteriaceae","Corynebacterium",NA
"af3cc93045bb52c415800fd27be2bf8d","d__Bacteria","Actinobacteriota","Coriobacteriia","Coriobacteriales","Coriobacteriaceae","Collinsella",NA
"a7d5647a8f27913986cdaad3620ef214","d__Bacteria","Actinobacteriota","Actinobacteria","Corynebacteriales","Corynebacteriaceae","Corynebacterium",NA
"b7836a740a9c842c6e89c136ea66eecc","d__Bacteria","Actinobacteriota","Actinobacteria","Corynebacteriales","Corynebacteriaceae",NA,NA
"ac55de17245858e25da59015da057a4a","d__Bacteria","Firmicutes","Bacilli","Staphylococcales","Staphylococcaceae",NA,NA
"a763d8f3a922a2a553a29d8b0f7391dd","d__Bacteria",NA,NA,NA,NA,NA,NA
"30c9cbb00c7fa05bbae91b4667494f54","d__Bacteria","Proteobacteria","Alphaproteobacteria",NA,NA,NA,NA
"35108ed51db77bcae98851fde5774759","d__Bacteria","Firmicutes","Bacilli","Staphylococcales","Staphylococcaceae",NA,NA
"affd24086da3b418c9af0f7b55cf1e5b","d__Bacteria","Firmicutes","Bacilli","Erysipelotrichales","Erysipelotrichaceae","Solobacterium",NA
"476009553b22a9f17c423fad3533b928","d__Bacteria","Firmicutes","Bacilli","Thermoactinomycetales","Thermoactinomycetaceae","Planifilum",NA
"d30a3776425d7ba111a3d9d6109d4510","d__Bacteria","Bacteroidota","Bacteroidia","Cytophagales","Cyclobacteriaceae","Algoriphagus",NA
"496f3a4facdffb6d56d4b0a8c627ff88","d__Bacteria","Actinobacteriota","Actinobacteria","Corynebacteriales","Corynebacteriaceae","Corynebacterium",NA
"aaf71e56dcc33479aec752e2e5e22cf7","d__Bacteria","Proteobacteria","Gammaproteobacteria","Pseudomonadales","Moraxellaceae","Acinetobacter",NA
"8df2c2325313e8d683b5d6687ac44c77","d__Bacteria","Cyanobacteria","Cyanobacteriia","Chloroplast","Chloroplast","Chloroplast",NA
"c42be7363f9731b81e88e529676d7b74","d__Bacteria","Proteobacteria","Alphaproteobacteria",NA,NA,NA,NA
"d023277e05876d7dba02d75a764c8c2c","d__Bacteria","Patescibacteria","Saccharimonadia","Saccharimonadales","Saccharimonadaceae","TM7a",NA
"133db73aa14c3e5d1ccd77c6f480c7cf","d__Bacteria","Firmicutes","Clostridia","Lachnospirales","Lachnospiraceae","Anaerostipes",NA
"47092c006227bb9d9ced714a85c52b3a","d__Bacteria","Deinococcota","Deinococci","Deinococcales","Trueperaceae","Truepera",NA
"f2d044617447d6d47a4bd29288177b16","d__Bacteria","Actinobacteriota","Actinobacteria","Propionibacteriales","Propionibacteriaceae","Cutibacterium",NA
"ccb1eb223d73e7a89bac754ff61395e2","d__Bacteria",NA,NA,NA,NA,NA,NA
"12f720c9861df1c8c842bb2d5b53c06b","d__Bacteria","Bacteroidota","Bacteroidia","Bacteroidales","Prevotellaceae","Prevotella",NA
"137ce71c970923f2fc8cc581419679ce","d__Bacteria","Firmicutes",NA,NA,NA,NA,NA
"2a49753899d29c78c0f943d679e98b13","d__Bacteria","Bacteroidota","Bacteroidia","Bacteroidales","Prevotellaceae",NA,NA
"3f17b6f20650cfe379ea939a4133552c","d__Bacteria","Firmicutes","Clostridia","Lachnospirales","Lachnospiraceae",NA,NA
"d90c84d44facb03510d7aa1ea213dc95","d__Bacteria","Fusobacteriota","Fusobacteriia","Fusobacteriales","Leptotrichiaceae","Leptotrichia",NA
"5279b4846ecfd60d2bce81b601da4c77","d__Bacteria","Proteobacteria","Gammaproteobacteria","Burkholderiales","Neisseriaceae","Neisseria",NA
"6a941a298764cd020b1936f7fbb642d8","d__Bacteria",NA,NA,NA,NA,NA,NA
"6896c855fe1aa0c08fca08f24273f284","d__Bacteria",NA,NA,NA,NA,NA,NA
"3a4a6b868d94595f4a1bd715bbb93237","d__Bacteria","Fusobacteriota","Fusobacteriia","Fusobacteriales","Fusobacteriaceae","Fusobacterium",NA
"58d5b2f3ef9c7f14d130c95d127fee28","d__Bacteria",NA,NA,NA,NA,NA,NA
"35a78b0121ab35d5c5cbcd2f0bff6c25","d__Bacteria","Proteobacteria","Gammaproteobacteria","Burkholderiales","Neisseriaceae","Neisseria",NA
"fd9e3019e69493c7997ed2ea83c4231f","d__Bacteria","Bacteroidota","Bacteroidia","Bacteroidales","Prevotellaceae",NA,NA
"0fb8557e29ec9ffc34bfe255ce59fd25","d__Bacteria","Proteobacteria","Gammaproteobacteria","Enterobacterales",NA,NA,NA
"d499fccde3d479d75c8ae8657c3da495","d__Bacteria","Firmicutes","Negativicutes","Veillonellales-Selenomonadales","Veillonellaceae","Veillonella",NA
"008d8546c4a4a3e0c7eadc3d1af34c8a","d__Bacteria","Firmicutes","Bacilli","Lactobacillales","Streptococcaceae","Streptococcus",NA
"25a19235ab3dace0ec7e059fc4328ccb","d__Bacteria","Actinobacteriota","Actinobacteria","Actinomycetales","Actinomycetaceae","Actinomycetaceae",NA
"60778fa6961d60b3208ba09403ca35d7","d__Bacteria","Actinobacteriota","Actinobacteria","Bifidobacteriales","Bifidobacteriaceae","Bifidobacterium",NA
"f8869e3fcc41651327540fcd4e247c01","d__Bacteria","Firmicutes","Clostridia","Peptostreptococcales-Tissierellales","Family_XI","Anaerococcus",NA
"4ed07406e966de306c8430fdc41e3f8d","d__Bacteria","Firmicutes","Clostridia","Peptostreptococcales-Tissierellales","Family_XI","Finegoldia",NA
"b102ec3c54476b3c302d4bdfc7f306df","d__Bacteria","Bacteroidota","Bacteroidia","Bacteroidales","Prevotellaceae","Prevotella",NA
"9aef42713381bbbe31d55cce44649458","d__Bacteria","Actinobacteriota","Actinobacteria","Bifidobacteriales","Bifidobacteriaceae",NA,NA
"57f9d6c5830ffb9becbb687033adf7c5","d__Bacteria","Bacteroidota","Bacteroidia","Bacteroidales","Bacteroidaceae","Bacteroides",NA
"324625649e32757987d64d401d8f9b86","d__Bacteria",NA,NA,NA,NA,NA,NA
"8d71dab4a7edb6a31706c866a1779057","d__Bacteria","Firmicutes","Clostridia","Peptostreptococcales-Tissierellales","Family_XI","Finegoldia",NA
"dbf71d804451f7f804b2f2ef4b71571a","d__Bacteria","Actinobacteriota","Actinobacteria","Corynebacteriales","Corynebacteriaceae",NA,NA
"2cb230db491f9fd64656cd1910f31272","d__Bacteria","Firmicutes","Clostridia",NA,NA,NA,NA
"3fd30065317567d2f2ab01b7e30a23c1","d__Bacteria","Actinobacteriota","Actinobacteria","Bifidobacteriales","Bifidobacteriaceae",NA,NA
"3c78a555a8b003b3e32fe41262a031b7","d__Bacteria","Bacteroidota","Bacteroidia","Bacteroidales","Porphyromonadaceae","Porphyromonas",NA
"8f939395d3ecc892b8e5ddfeac83a68b","d__Bacteria",NA,NA,NA,NA,NA,NA
"2f4dbfdbc06f6f2a81a8e4b6052e4d48","d__Bacteria","Proteobacteria","Gammaproteobacteria","Burkholderiales","Sutterellaceae","Sutterella",NA
"afafbb5b69105f224deae82ad5226aa9","d__Bacteria","Firmicutes","Clostridia","Peptostreptococcales-Tissierellales","Family_XI","Helcococcus",NA
"4aaaca7e643d6ee189145eee77ac40fb","d__Bacteria","Firmicutes",NA,NA,NA,NA,NA
"624529bd66dcc1ac03f05d978c6c73ba","d__Bacteria","Firmicutes","Bacilli","Lactobacillales","Streptococcaceae","Streptococcus",NA
"ee0751759e50ac30f31537c81aa9c533","d__Bacteria","Bacteroidota","Bacteroidia","Bacteroidales","Prevotellaceae","Prevotella_7",NA
"eb120dd405a702b56c3b11630feca516","d__Bacteria","Firmicutes","Clostridia","Lachnospirales","Lachnospiraceae",NA,NA
"347d5db4c3ce14bf6ccf7312f41c32ef","d__Bacteria","Bacteroidota","Bacteroidia","Bacteroidales","Bacteroidaceae","Bacteroides",NA
"b1e694482a09d5eefeb2503d4409125d","d__Bacteria","Firmicutes","Clostridia","Peptostreptococcales-Tissierellales","Family_XI","Peptoniphilus",NA
"49e9f63001f15074b97fbf36e5fc09f7","d__Bacteria","Bacteroidota","Bacteroidia","Bacteroidales","Prevotellaceae",NA,NA
"95580cdabde7358a537b4a7872b9a13a","d__Bacteria","Bacteroidota","Bacteroidia","Bacteroidales","Prevotellaceae","Prevotella_7",NA
"b25a0ae84ef14ba2bcb8dd20e4f56539","d__Bacteria",NA,NA,NA,NA,NA,NA
"d5100305a9f24527eee7d17b47990183","d__Bacteria","Firmicutes",NA,NA,NA,NA,NA
"06c6d7662af044e8df5033f5d6f44d81","d__Bacteria","Bacteroidota","Bacteroidia","Bacteroidales","Prevotellaceae","Prevotella_7",NA
"a988902338a1937664ba3dba93944748","d__Bacteria","Bacteroidota","Bacteroidia","Bacteroidales","Prevotellaceae","Prevotella",NA
"6e8db72ba06fe69fc4900f0833af2a47","d__Bacteria","Bacteroidota","Bacteroidia","Bacteroidales","Prevotellaceae",NA,NA
"c908ac3fae22b077d247aa6eb7273055","d__Bacteria","Firmicutes","Clostridia","Peptostreptococcales-Tissierellales","Family_XI","Peptoniphilus",NA
"70002668dc3b40e426cdd145442e4675","d__Bacteria","Bacteroidota","Bacteroidia","Bacteroidales","Prevotellaceae",NA,NA
"5ac391e8f3cc74e09603ea9bdbc3fe3d","d__Bacteria","Proteobacteria","Gammaproteobacteria","Pseudomonadales","Pseudomonadaceae","Pseudomonas",NA
"921c73be45bc102177c6196fd52adf87","d__Bacteria","Firmicutes","Clostridia","Peptostreptococcales-Tissierellales","Family_XI","Peptoniphilus",NA
"e94fdf44ea54c943dc3922c930394462","d__Bacteria","Firmicutes","Bacilli","Staphylococcales","Staphylococcaceae",NA,NA
"531b7c36bc575a34a50d2f5948d22041","d__Bacteria","Firmicutes","Bacilli","Bacillales","Bacillaceae","Bacillus",NA
"09c2cb2c23c71832604278d3407fb9e4","d__Bacteria","Firmicutes","Bacilli","Lactobacillales","Aerococcaceae","Aerococcus",NA
"d6fb2a70d8e4b750d1b93cec6cc6b62e","d__Bacteria","Firmicutes",NA,NA,NA,NA,NA
"62bfbf46b02e267e5d91bdb0570abf76","d__Bacteria","Proteobacteria","Gammaproteobacteria","Burkholderiales","Neisseriaceae","Neisseria",NA
"e5a01c77739dd1ad3cb865b556109630","d__Bacteria",NA,NA,NA,NA,NA,NA
"ff497534589b486e8bb6a963c566e843","d__Bacteria","Firmicutes","Clostridia","Peptostreptococcales-Tissierellales","Peptostreptococcaceae",NA,NA
"e272464f2e4b8772a21b06f8e9fcca09","d__Bacteria","Firmicutes","Bacilli","Staphylococcales","Staphylococcaceae",NA,NA
"560a6ebad17b05ee40496dfd4313604c","d__Bacteria",NA,NA,NA,NA,NA,NA
"39c10d987a45f7b20ea76bb01138fb8d","d__Bacteria","Firmicutes",NA,NA,NA,NA,NA
"13d615d549000b9b1479a70a2a05c851","d__Bacteria","Firmicutes","Bacilli","Staphylococcales","Staphylococcaceae","Staphylococcus",NA
"489bcd47857e70f77d6d6b823320d341","d__Bacteria",NA,NA,NA,NA,NA,NA
"604d713c691c0d25cf972092df8fbe45","d__Bacteria","Proteobacteria","Gammaproteobacteria","Pseudomonadales","Moraxellaceae","Psychrobacter",NA
"b3500cf599b40a5340aad9a6a45980a4","d__Bacteria","Actinobacteriota","Actinobacteria","Micrococcales",NA,NA,NA
"14100875d4679fcc61f2e97e6a735104","d__Bacteria","Bdellovibrionota","Bdellovibrionia","Bacteriovoracales","Bacteriovoracaceae","Peredibacter",NA
"608be6d32d5a06a5c7795c69a02704f1","d__Bacteria","Firmicutes","Bacilli",NA,NA,NA,NA
"127e8c51b5aadc600eba86f9d97196cb","d__Bacteria","Actinobacteriota","Actinobacteria","Corynebacteriales","Corynebacteriaceae",NA,NA
"abcfe318102897171f6f0b0cb899e7d0","d__Bacteria","Actinobacteriota","Actinobacteria","Corynebacteriales","Corynebacteriaceae","Corynebacterium",NA
"50e01c01186e87a0ecd4c3d98877ced1","d__Bacteria","Proteobacteria","Gammaproteobacteria","Xanthomonadales","Xanthomonadaceae","Stenotrophomonas",NA
"23f4d9a48ae98dae8f05d02cdd12d7f5","d__Bacteria","Firmicutes","Bacilli","Staphylococcales","Staphylococcaceae",NA,NA
"d20558943f3ea0deb083ea9eda461a88","d__Bacteria","Actinobacteriota","Actinobacteria","Corynebacteriales","Corynebacteriaceae","Corynebacterium",NA
"d4d178978e407a1bf496e18aa892e883","d__Bacteria","Actinobacteriota","Actinobacteria","Corynebacteriales","Corynebacteriaceae","Corynebacterium",NA
"835290db7421d804117c056e67805ecb","d__Bacteria",NA,NA,NA,NA,NA,NA
"ff1e498d0b4cca1eebc69b1b7e3a45df","d__Bacteria","Firmicutes","Bacilli","Staphylococcales","Staphylococcaceae",NA,NA
"27efc291776bf68cbf231b290528a673","d__Bacteria",NA,NA,NA,NA,NA,NA
"b42cce09806ca371f5d0e64df1cbb736","d__Bacteria","Firmicutes","Bacilli","Erysipelotrichales","Erysipelatoclostridiaceae","Erysipelatoclostridium",NA
"a8aa8bd4643cf2f6bc99efbc885139c9","d__Bacteria",NA,NA,NA,NA,NA,NA
"7ce33e31e087409231377c5ff31da8df","d__Bacteria","Firmicutes","Bacilli","Staphylococcales","Staphylococcaceae","Staphylococcus",NA
"d39bc228135d898beeca73031d46923b","d__Bacteria","Actinobacteriota","Actinobacteria","Micrococcales","Micrococcaceae","Rothia",NA
"84609c628246db20eaa6fcb7e1973ea0","d__Bacteria","Firmicutes","Clostridia","Peptostreptococcales-Tissierellales","Family_XI","Helcococcus",NA
"bd237c528b9e49e3b745da621332d717","d__Bacteria","Firmicutes",NA,NA,NA,NA,NA
"bed429435bc5eb1fa97dab44ae7ad7af","d__Bacteria","Firmicutes","Bacilli","Lactobacillales","Streptococcaceae","Streptococcus",NA
"f3f59785b278060ec60546d38e12d7f0","d__Bacteria","Firmicutes",NA,NA,NA,NA,NA
"222dfe6e2feb1eef4229b23b9622b5fc","d__Bacteria",NA,NA,NA,NA,NA,NA
"e2ee7a71a8fc4fcac69675b0b7f0bfb6","d__Bacteria","Proteobacteria","Alphaproteobacteria","Rhizobiales",NA,NA,NA
"0727ab788c71a365d8e3da9e8c38567c","d__Bacteria","Firmicutes","Bacilli","Lactobacillales","Streptococcaceae","Streptococcus",NA
"21ab03952dfecc235363faa00f351ff8","d__Bacteria","Proteobacteria","Gammaproteobacteria","Pseudomonadales","Moraxellaceae","Enhydrobacter",NA
"979649ea574c42f0a12cb1252d9a73ff","d__Bacteria","Actinobacteriota","Actinobacteria","Corynebacteriales","Corynebacteriaceae","Corynebacterium",NA
"dda88e3571190cedd4463d478fb1f3a0","d__Bacteria","Verrucomicrobiota","Verrucomicrobiae","Chthoniobacterales","Chthoniobacteraceae","Chthoniobacter",NA
"0c462aa0d82e16c747c6b46f4eef3c24","d__Bacteria",NA,NA,NA,NA,NA,NA
"3e7e227376a3132e41d4bf8f48bc29e7","d__Bacteria","Firmicutes","Bacilli","Alicyclobacillales","Alicyclobacillaceae","Tumebacillus",NA
"32eebfac12d0bf32f02aea83cf6d00d2","d__Bacteria",NA,NA,NA,NA,NA,NA
"00fab3752010f9910229e42f0f11f938","d__Bacteria","Firmicutes","Bacilli",NA,NA,NA,NA
"9989948c614f20e5f0f0c695fd871237","d__Bacteria",NA,NA,NA,NA,NA,NA
"317588c99a683572633953f2b9f70e49","d__Bacteria","Firmicutes","Bacilli","Staphylococcales","Staphylococcaceae",NA,NA
"4db51b62e08d025ac453d1425d4df4b3","d__Bacteria","Actinobacteriota","Actinobacteria","Corynebacteriales","Corynebacteriaceae",NA,NA
"6b3ba01b3de760166eb82c867f24510f","d__Bacteria","Firmicutes","Bacilli","Staphylococcales","Staphylococcaceae",NA,NA
"d2144ef568663ecc169601207fccd9cb","d__Bacteria","Firmicutes","Bacilli","Exiguobacterales","Exiguobacteraceae","Exiguobacterium",NA
"fbe619495f678de75a0a0715f98a1c14","d__Bacteria","Firmicutes","Bacilli","Staphylococcales","Staphylococcaceae","Staphylococcus",NA
"73168af3b7629e6fd1459ef6c50e6a5d","d__Bacteria","Firmicutes","Bacilli","Staphylococcales","Staphylococcaceae",NA,NA
"59603e30459ddb8921caecdad4999670","d__Bacteria","Actinobacteriota","Actinobacteria","Actinomycetales","Actinomycetaceae","Actinomyces",NA
"81ffeecae313efd55d69661f8d9615c2","d__Bacteria","Actinobacteriota","Actinobacteria","Actinomycetales","Actinomycetaceae","Actinomyces",NA
"a7622e3d819be6fb50f9d83efad91c24","d__Bacteria",NA,NA,NA,NA,NA,NA
"cbe8e39e5ad2ce737df4c83af193bd13","d__Bacteria","Firmicutes",NA,NA,NA,NA,NA
"03c50b95df543c91c55a809192145de3","d__Bacteria","Firmicutes","Bacilli","Lactobacillales","Streptococcaceae","Streptococcus",NA
"560cf40792d4ac5918939101f3acc86a","d__Bacteria",NA,NA,NA,NA,NA,NA
"dc32aa45a46e10f31556b44a6f88c717","d__Bacteria","Firmicutes","Bacilli","Lactobacillales","Lactobacillaceae","Limosilactobacillus",NA
"94ec4057ccfa4f461f1c41db95dbc5ad","d__Bacteria","Firmicutes","Bacilli","Lactobacillales","Streptococcaceae","Streptococcus",NA
"963b70c52baafa7213e78e9f93376317","d__Bacteria","Actinobacteriota","Actinobacteria","Actinomycetales","Actinomycetaceae","Actinomyces",NA
"1f0b2626ef6478f113ed450e79624088","d__Bacteria","Bacteroidota","Bacteroidia","Flavobacteriales","Weeksellaceae","Bergeyella",NA
"4af79db77d4d2cb07b850a0eeb16573b","d__Bacteria","Proteobacteria","Gammaproteobacteria","Burkholderiales","Burkholderiaceae","Lautropia",NA
"2ad503d796c660a0ded45446a8da017b","d__Bacteria",NA,NA,NA,NA,NA,NA
"ff6aa68de292d793dbd90e1586aecba3","d__Bacteria",NA,NA,NA,NA,NA,NA
"0c08e013d580318efb608602c2d43ea4","d__Bacteria","Bacteroidota",NA,NA,NA,NA,NA
"6195821e06fde7e518d96fc7698bf580","d__Bacteria","Firmicutes","Clostridia","Peptostreptococcales-Tissierellales","Family_XI","Peptoniphilus",NA
"8cabc30a7ca908a62eb93fba68d43f99","d__Bacteria","Firmicutes","Bacilli","Staphylococcales","Staphylococcaceae",NA,NA
"d55f6655971fc8b1788884611092cbef","d__Bacteria",NA,NA,NA,NA,NA,NA
"47640af0e6691d2fcb692cd12115b0e9","d__Bacteria","Firmicutes","Bacilli","Staphylococcales","Staphylococcaceae","Staphylococcus",NA
"eacd6b65f22e8031bfcc2a27739a4120","d__Bacteria","Firmicutes","Bacilli","Staphylococcales","Staphylococcaceae","Staphylococcus",NA
"d339ff257303915709c1efe77da69f9e","d__Bacteria","Campylobacterota","Campylobacteria","Campylobacterales","Campylobacteraceae","Campylobacter",NA
"eb103facf5e50573d8aa3e1f2951c5d4","d__Bacteria",NA,NA,NA,NA,NA,NA
"2549f5fa71ed5eeeecdf48d9992fd995","d__Bacteria","Actinobacteriota","Actinobacteria","Corynebacteriales","Corynebacteriaceae",NA,NA
"ef0008efa762cc86a95339b72ab74c99","d__Bacteria",NA,NA,NA,NA,NA,NA
"2e83fa2ddc6090accaba5f5eadfd5842","d__Bacteria","Firmicutes","Clostridia","Lachnospirales","Lachnospiraceae",NA,NA
"3e8685d23d7b28e0c6b5f1783a6301e0","d__Bacteria","Firmicutes","Bacilli",NA,NA,NA,NA
"97a097334a73ee75273ab96a645860c5","d__Bacteria","Firmicutes","Bacilli","Staphylococcales","Staphylococcaceae",NA,NA
"39e78e652866d49caecf73142c8be20b","d__Bacteria","Actinobacteriota","Actinobacteria","Corynebacteriales","Corynebacteriaceae","Corynebacterium",NA
"b90df695826e01c4ef2f4f81db2d1ac8","d__Bacteria","Actinobacteriota","Actinobacteria","Actinomycetales","Actinomycetaceae","Actinomyces",NA
"ca8962550fb5fa839c9b8bbca29f7621","d__Bacteria","Patescibacteria","Saccharimonadia","Saccharimonadales","Saccharimonadales","Saccharimonadales",NA
"b235f76aae6fc24c4801766209163a25","d__Bacteria",NA,NA,NA,NA,NA,NA
"c3aac8b0ec1ae6de4c0eeb8849c4be98","d__Bacteria","Fusobacteriota","Fusobacteriia","Fusobacteriales","Leptotrichiaceae","Leptotrichia",NA
"0a08a54e05eedd052da1d87d37e9ceaf","d__Bacteria",NA,NA,NA,NA,NA,NA
"e9105f62d4d2aba1fb7405467a81ca19","d__Bacteria","Actinobacteriota","Actinobacteria","Actinomycetales","Actinomycetaceae","Actinomyces",NA
"461fbe7fa918033a963d9cc71ccea2ec","d__Bacteria","Firmicutes","Thermoanaerobacteria","Thermoanaerobacterales","Thermoanaerobacteraceae","Brockia",NA
"537cf12914e761d9546f7491b6aea4e6","d__Bacteria",NA,NA,NA,NA,NA,NA
"8794fb1977590d42f53773d7c7b17fe6","d__Bacteria","Proteobacteria","Gammaproteobacteria","Pseudomonadales","Moraxellaceae","Psychrobacter",NA
"ac204b5a977a791506ce4613f3f6289d","d__Bacteria",NA,NA,NA,NA,NA,NA
"494758975765854cc620186156f3ff89","d__Bacteria","Firmicutes","Bacilli","Staphylococcales","Staphylococcaceae","Staphylococcus",NA
"4676aa8bafa5d32d0e254499887658ab","d__Bacteria","Cyanobacteria","Cyanobacteriia","Chloroplast","Chloroplast","Chloroplast",NA
"a4d09d474ef53615b1878c3041db7d4e","d__Bacteria",NA,NA,NA,NA,NA,NA
"9ee9ca665b292e42d45b2f684c3ee0b5","d__Bacteria","Firmicutes","Bacilli","Staphylococcales","Staphylococcaceae",NA,NA
"34a2618bcd624e729f653faf3b8e045c","d__Bacteria","Firmicutes",NA,NA,NA,NA,NA
"c7d6bd2aed8925242f745353d9800815","d__Bacteria","Actinobacteriota","Actinobacteria","Corynebacteriales","Corynebacteriaceae","Corynebacterium",NA
"58f37c43a0127f68367e1eff5b547c2c","d__Bacteria","Proteobacteria","Alphaproteobacteria","Rhizobiales","Beijerinckiaceae","Methylobacterium-Methylorubrum",NA
"83f923ddd70b4ed8938df7c2a8e00c69","d__Bacteria","Actinobacteriota","Actinobacteria","Micrococcales","Micrococcaceae",NA,NA
"15f38765a16fc67c7d8192cfb8b555cf","d__Bacteria",NA,NA,NA,NA,NA,NA
"efe0d52d4decbb016131cbe493bb40d5","d__Bacteria","Firmicutes","Bacilli","Bacillales","Bacillaceae","Bacillus",NA
"2efa86811cee6878e6c1cd09779c4c4a","d__Bacteria",NA,NA,NA,NA,NA,NA
"6aeb20ec577a16ccd93eabc8a0224828","d__Bacteria","Proteobacteria","Gammaproteobacteria","Pseudomonadales","Moraxellaceae","Psychrobacter",NA
"a11828c92ad4e4e1be0ab02bc08b19cd","d__Bacteria","Firmicutes","Clostridia","Peptostreptococcales-Tissierellales","Family_XI","Peptoniphilus",NA
"6b947dc977e07dbadd284a8089b237cb","d__Bacteria","Firmicutes",NA,NA,NA,NA,NA
"ebf197705e7552ff978623d30286babf","d__Bacteria","Firmicutes","Bacilli","Staphylococcales","Staphylococcaceae",NA,NA
"f2f8d69d5e2c5436b8ebec4d46ae9a7c","d__Bacteria","Firmicutes","Bacilli","Staphylococcales","Staphylococcaceae","Staphylococcus",NA
"1d0f8bcdadda017dbd79333effd99af0","d__Bacteria","Firmicutes","Bacilli","Staphylococcales","Staphylococcaceae","Staphylococcus",NA
"e700a58ed3d256aae398617f5484b573","d__Bacteria","Actinobacteriota","Actinobacteria","Micrococcales","Micrococcaceae",NA,NA
"edb0aa73b07ccd3aecd5da53d495f195","d__Bacteria",NA,NA,NA,NA,NA,NA
"89a60d2c25eca452aa5e75fe0aafade9","d__Bacteria","Actinobacteriota","Actinobacteria","Bifidobacteriales","Bifidobacteriaceae","Bifidobacterium",NA
"8304a2658072058ca46974b58ab993f7","d__Bacteria","Actinobacteriota","Actinobacteria","Micrococcales","Micrococcaceae","Rothia",NA
"28f1167b9b86c378e67e93c7a43759d2","d__Bacteria","Actinobacteriota","Actinobacteria","Actinomycetales","Actinomycetaceae","Actinomyces",NA
"3c2b67bc96a4cc2ec9acbe75d05e9784","d__Bacteria","Bacteroidota","Bacteroidia","Bacteroidales","Porphyromonadaceae","Porphyromonas",NA
"9e6ca5482a7dc5567681a677ce04a5f5","d__Bacteria","Proteobacteria","Gammaproteobacteria","Enterobacterales","Pasteurellaceae",NA,NA
"16573ff1d75e110a1a19c32fdf08ca36","d__Bacteria","Firmicutes",NA,NA,NA,NA,NA
"3aa63b136a1dd7abdf78da6c7a88910d","d__Bacteria","Firmicutes","Negativicutes","Veillonellales-Selenomonadales","Selenomonadaceae","Selenomonadaceae",NA
"e816bb9ddc8945261208c3ad504e6a6e","d__Bacteria",NA,NA,NA,NA,NA,NA
"a7aaab683547556c0fe47a42a3c2ad6e","d__Bacteria","Actinobacteriota","Actinobacteria","Micrococcales",NA,NA,NA
"97f8d19cccbe491fc4467995b287af3e","d__Bacteria",NA,NA,NA,NA,NA,NA
"d95403d219b0b8b8c0c362f8bdc25dcb","d__Bacteria",NA,NA,NA,NA,NA,NA
"d0b1efe09f8d3f812d8e925883d3b3d7","d__Bacteria",NA,NA,NA,NA,NA,NA
"3560f3a225bd17dde0f082d075aa2fd5","d__Bacteria","Actinobacteriota","Actinobacteria","Corynebacteriales","Corynebacteriaceae","Lawsonella",NA
"accf79a015dab1d53cbd21c5b6661904","d__Bacteria","Firmicutes","Bacilli","Staphylococcales","Staphylococcaceae",NA,NA
"0c80835cacad78e75d221965f0376916","d__Bacteria","Actinobacteriota","Actinobacteria","Micromonosporales","Micromonosporaceae",NA,NA
"8ca3fdc2bb2c5d3a02b5545610d37575","d__Bacteria","Proteobacteria","Alphaproteobacteria","Acetobacterales","Acetobacteraceae",NA,NA
"93c702420cf1afab6ba94368b1f9d437","d__Bacteria","Firmicutes","Bacilli","Staphylococcales","Staphylococcaceae","Staphylococcaceae",NA
"32f25694c484d10ab86b76d4d4de1e39","d__Bacteria","Bdellovibrionota","Bdellovibrionia","Bdellovibrionales","Bdellovibrionaceae","Bdellovibrio",NA
"2e81be25bfa85e210b1d309c1bc8b01a","d__Bacteria","Actinobacteriota","Actinobacteria","Micrococcales",NA,NA,NA
"0176cfc41c964e32f6e2887d5525bdf4","d__Bacteria","Actinobacteriota","Actinobacteria","Micrococcales",NA,NA,NA
"3d1f29c09f7ae4babdb682ad61e957b0","d__Bacteria","Firmicutes","Bacilli","Lactobacillales","Aerococcaceae","Aerococcus",NA
"eecd770445f867257fde4501871fd0b5","d__Bacteria",NA,NA,NA,NA,NA,NA
"24acf76d2a379524db42aee0b33e7372","d__Bacteria","Bacteroidota","Bacteroidia","Bacteroidales","Prevotellaceae",NA,NA
"061770d4017cf72653d601af0910200e","d__Bacteria","Firmicutes","Negativicutes","Veillonellales-Selenomonadales","Veillonellaceae","Veillonella",NA
"c7cef5adea6b977462f557c94220e620","d__Bacteria","Proteobacteria","Gammaproteobacteria","Burkholderiales","Neisseriaceae","Neisseria",NA
"abed6369ce6706b2e054614b9180476e","d__Bacteria","Actinobacteriota","Actinobacteria","Actinomycetales","Actinomycetaceae","Actinomyces",NA
"97539420f5b19dd0c75ce736d8adfed2","d__Bacteria","Proteobacteria","Alphaproteobacteria","SAR11_clade","Clade_I","Clade_Ib",NA
"c97a2da6baa6a39627143cdc1f85fc71","d__Bacteria",NA,NA,NA,NA,NA,NA
"9f2e189b6586ce859e77b63a4eff6810","d__Bacteria","Proteobacteria","Gammaproteobacteria","Burkholderiales","Burkholderiaceae","Lautropia",NA
"59fc791956b7aec0e8771280d16de060","d__Bacteria","Firmicutes","Bacilli","Staphylococcales","Staphylococcaceae","Staphylococcus",NA
"3a621cca7edc7bf085a387df9da14015","d__Bacteria","Bacteroidota","Bacteroidia","Bacteroidales","Prevotellaceae",NA,NA
"0f7f6c7df0dd721e79e7fc0ec94232db","d__Bacteria","Firmicutes","Bacilli","Staphylococcales","Staphylococcaceae","Staphylococcus",NA
"caffc0fa7345c221a627f354bd46925c","d__Bacteria","Actinobacteriota","Actinobacteria","Corynebacteriales","Corynebacteriaceae","Lawsonella",NA
"2a27a1894021f1ab968c3beacef3eb1e","d__Bacteria",NA,NA,NA,NA,NA,NA
"522ba7f653734906a679308d87c8581e","d__Bacteria","Firmicutes",NA,NA,NA,NA,NA
"148b852d6aa4d2329e82500075081b0b","d__Bacteria",NA,NA,NA,NA,NA,NA
"df8fe313877c4c8a26091fcd520ae2fd","d__Bacteria","Firmicutes","Clostridia","Peptostreptococcales-Tissierellales","Family_XI","Peptoniphilus",NA
"0f90fb7866780c89fab7a6b9010ba8e0","d__Bacteria","Actinobacteriota","Actinobacteria","Micrococcales",NA,NA,NA
"d86e3b5674e90a3456e298460ec6de75","d__Bacteria","Firmicutes","Bacilli","Staphylococcales","Staphylococcaceae","Staphylococcus",NA
"6d0f9e34892a72043b92dca27a27264a","d__Bacteria","Actinobacteriota","Actinobacteria","Micrococcales",NA,NA,NA
"8b9bab077bde861912d49dec928956e2","d__Bacteria","Actinobacteriota","Actinobacteria","Micrococcales",NA,NA,NA
"279c2a1a18f36aae053c129260145d11","d__Bacteria","Proteobacteria","Alphaproteobacteria",NA,NA,NA,NA
"9e160e698e4eae2f710aa577c644153a","d__Bacteria","Proteobacteria","Gammaproteobacteria","Xanthomonadales","Xanthomonadaceae",NA,NA
"86ed8f1ca5f3113648c1d9f80d23f78c","d__Bacteria","Actinobacteriota","Actinobacteria","Micrococcales","Micrococcaceae",NA,NA
"fbc2af89a1ddea9b71e8eafcead39260","d__Bacteria","Proteobacteria","Gammaproteobacteria","Burkholderiales","Oxalobacteraceae","Massilia",NA
"f257a2b1447afe8d8088793d20bcd335","d__Bacteria","Firmicutes","Clostridia",NA,NA,NA,NA
"17ea86a295eb8f599f720f26c79f2c38","d__Bacteria","Proteobacteria","Gammaproteobacteria","Xanthomonadales","Xanthomonadaceae",NA,NA
"d036e02b90be24a53bf6820be0dc7ee5","d__Bacteria","Actinobacteriota","Actinobacteria","Corynebacteriales","Corynebacteriaceae",NA,NA
"48d8d988c37a49b114a74a0e03a891bc","d__Bacteria","Firmicutes","Bacilli","Staphylococcales","Staphylococcaceae",NA,NA
"5a332a62efe0d3f33d8030754e0b9f45","d__Bacteria","Actinobacteriota","Actinobacteria","Corynebacteriales","Corynebacteriaceae",NA,NA
"ee4b5889b5f9f3a29338095a86730f23","d__Bacteria",NA,NA,NA,NA,NA,NA
"661f58e4f30ad577d66932dd012f5290","d__Bacteria","Firmicutes","Bacilli","Staphylococcales","Staphylococcaceae","Staphylococcus",NA
"4ad1889f9139c3d479f33865f7f0880b","d__Bacteria","Cyanobacteria","Cyanobacteriia","Chloroplast","Chloroplast","Chloroplast",NA
"6384cc005923a4bbc36d3180b5ba1b1c","d__Bacteria","Actinobacteriota","Actinobacteria",NA,NA,NA,NA
"5d6aa69bef51e4b4b7de13e015521d30","d__Bacteria","Actinobacteriota","Actinobacteria","Micrococcales","Dermatophilaceae","uncultured",NA
"371b0dfd808d48b48d21b0bea21b6517","d__Bacteria","Firmicutes","Bacilli","Bacillales","Bacillaceae","Bacillus",NA
"883f4a42d926f5b519adc4f2689d97eb","d__Bacteria",NA,NA,NA,NA,NA,NA
"ace239aea15d42f9751df1eaa8048724","d__Bacteria","Firmicutes","Bacilli","Staphylococcales","Staphylococcaceae","Staphylococcus",NA
"371e217ccfab3d239d7e7cff9bcb3d2f","d__Bacteria",NA,NA,NA,NA,NA,NA
"e0b45a74a0157084e349b2883cf65fa3","d__Bacteria",NA,NA,NA,NA,NA,NA
"25ec622f175a0135986fa52780f31086","d__Bacteria",NA,NA,NA,NA,NA,NA
"db7666d00f4a4d72d2a4d0dfd51d4f00","d__Bacteria","Firmicutes","Bacilli","Staphylococcales","Staphylococcaceae",NA,NA
"8379f2715ff74cbdfc951d9b313937f8","d__Bacteria","Actinobacteriota","Actinobacteria","Propionibacteriales","Propionibacteriaceae","Cutibacterium",NA
"10a0a4596244da4728d3ce1a4ce065eb","d__Bacteria","Firmicutes","Bacilli","Staphylococcales","Staphylococcaceae","Staphylococcus",NA
"46d7b5cd5d112b2083cfe5866ef00c22","d__Bacteria","Firmicutes","Bacilli","Staphylococcales","Staphylococcaceae","Staphylococcus",NA
"3901c1f62ad20a68e68bc710a76c3f1d","d__Bacteria","Actinobacteriota","Actinobacteria","Micrococcales","Microbacteriaceae",NA,NA
"efafdb1cd598bbd13f6c565a9422c2ee","d__Bacteria","Actinobacteriota","Actinobacteria","Corynebacteriales","Corynebacteriaceae","Corynebacterium",NA
"c2539b870d1950f87e6abf354884e8ad","d__Bacteria","Actinobacteriota","Coriobacteriia","Coriobacteriales","Atopobiaceae",NA,NA
"62e13c2b171c8fa6ffe59e9b0e9d179a","d__Bacteria","Actinobacteriota","Actinobacteria","Corynebacteriales","Corynebacteriaceae","Corynebacterium",NA
"ea4ab6b7e513cbdb205fd4bdb10d26b3","d__Bacteria","Firmicutes","Clostridia","Peptostreptococcales-Tissierellales",NA,NA,NA
"3d45373a3f36aac1a876fb6582173a7e","d__Bacteria",NA,NA,NA,NA,NA,NA
"38abe6b9d53c767283a8d4ac2b68762b","d__Bacteria","Actinobacteriota","Actinobacteria","Propionibacteriales","Propionibacteriaceae","Cutibacterium",NA
"c6b12d143f44b97f2d380abbd80cdbd3","d__Bacteria","Firmicutes","Bacilli","Staphylococcales","Staphylococcaceae","Staphylococcus",NA
"34bd475304802303050d4fbda866fd8e","d__Bacteria",NA,NA,NA,NA,NA,NA
"7216267d3f3e73504cf37d0a5e98147f","d__Bacteria","Patescibacteria","Saccharimonadia","Saccharimonadales","Saccharimonadales","Saccharimonadales",NA
"7c970ee2ee6b9454664028e618445595","d__Bacteria",NA,NA,NA,NA,NA,NA
"88deb22ccbf11c96bf66bcd27f39253e","d__Bacteria",NA,NA,NA,NA,NA,NA
"6585ab29623140904da8ba5e06a86a53","d__Bacteria","Actinobacteriota","Actinobacteria","Corynebacteriales","Corynebacteriaceae","Corynebacterium",NA
"6d8e522ed8c3f5046fe70f7d032b917f","d__Bacteria",NA,NA,NA,NA,NA,NA
"a7bb2fea125f9d10fa9e374946f48370","d__Bacteria",NA,NA,NA,NA,NA,NA
"557a630845562afe8fdaff2b8c3b30a0","d__Bacteria","Bacteroidota","Bacteroidia","Bacteroidales","Prevotellaceae",NA,NA
"c35d3879baba5c1c79fa059658355046","d__Bacteria","Proteobacteria","Alphaproteobacteria","Caulobacterales","Caulobacteraceae","Brevundimonas",NA
"d9c6468bcbe39c238f0bfeb36ce69dd5","d__Bacteria",NA,NA,NA,NA,NA,NA
"88d7e1c0bab8f6470da0ecf965739131","d__Bacteria","Firmicutes","Bacilli","Staphylococcales","Staphylococcaceae",NA,NA
"350ba967038a9a58c64a1f64d798b735","d__Bacteria","Firmicutes","Bacilli","Staphylococcales","Staphylococcaceae","Staphylococcus",NA
"898df66a5f77ecd26ff991b4377dda70","d__Bacteria","Actinobacteriota","Actinobacteria","Corynebacteriales","Corynebacteriaceae","Corynebacterium",NA
"88290510b3fd9bbbf67455ed596f252c","d__Bacteria","Proteobacteria","Alphaproteobacteria","Rhizobiales","Rhizobiaceae",NA,NA
"3f3d88b2ac53f1af257e94998d7d33bc","d__Bacteria",NA,NA,NA,NA,NA,NA
"8a418a8307e445b9b7cbe51ff4a8ce2a","d__Bacteria",NA,NA,NA,NA,NA,NA
"e6e111566837e45c3b86c8acab968f24","d__Bacteria","Firmicutes","Bacilli","Staphylococcales","Staphylococcaceae","Staphylococcus",NA
"9441ed152acc720c2b5bd7cbd3e2d633","d__Bacteria","Cyanobacteria","Cyanobacteriia","Cyanobacteriales","Chroococcidiopsaceae",NA,NA
"f3418a1df4ccb27fe516d986f01853cd","d__Bacteria","Proteobacteria","Gammaproteobacteria","Pseudomonadales","Moraxellaceae","Acinetobacter",NA
"023eacaf3f266923528efc3292cad12a","d__Bacteria","Proteobacteria","Gammaproteobacteria","Burkholderiales","Comamonadaceae",NA,NA
"bc2048dc7cff51c9a2a420a71967b1b5","d__Bacteria","Proteobacteria","Alphaproteobacteria","Rhizobiales","Methylopilaceae",NA,NA
"1c7877640a2d3ea3d7769a5e6e90321f","d__Bacteria","Firmicutes","Bacilli","Staphylococcales","Staphylococcaceae",NA,NA
"0805a18b0ffc81f9e697ffea08523aa9","d__Bacteria","Firmicutes","Bacilli","Staphylococcales","Staphylococcaceae","Staphylococcus",NA
"517bee3fd4d7ba654b10bb1d4084d286","d__Bacteria","Firmicutes","Bacilli","Lactobacillales","Streptococcaceae","Streptococcus",NA
"6083adf21de59faca80e95aed589f271","d__Bacteria","Firmicutes","Bacilli","Staphylococcales","Staphylococcaceae","Staphylococcaceae",NA
"e8ef5275da6fc475523ac0ce88fae2d3","d__Bacteria","Firmicutes","Bacilli","Staphylococcales","Staphylococcaceae",NA,NA
"0f32246d3c4d44808d6816cb9862e569","d__Bacteria","Actinobacteriota","Actinobacteria","Corynebacteriales","Corynebacteriaceae","Corynebacterium",NA
"c86cdcf13355b16f2720d91ecb27b6cb","d__Bacteria","Actinobacteriota","Coriobacteriia","Coriobacteriales","Coriobacteriaceae","Collinsella",NA
"25a541c7f7140e40da13f35b133a491b","d__Bacteria","Firmicutes","Bacilli","Staphylococcales","Staphylococcaceae",NA,NA
"ab69bb1d0e91f89cb2bd6ad5b03f3f33","d__Bacteria","Actinobacteriota","Actinobacteria","Corynebacteriales","Corynebacteriaceae","Corynebacterium",NA
"26b83b5064af9164879df87e9932b662","d__Bacteria","Firmicutes","Clostridia","Lachnospirales","Lachnospiraceae",NA,NA
"49f17f3e6a9d9e86600e7b88ab5ed53f","d__Bacteria",NA,NA,NA,NA,NA,NA
"90d2284a55836f58e24ba0790d3b0cfb","d__Bacteria",NA,NA,NA,NA,NA,NA
"8eac4bd05bb05afa66fd1822584e2312","d__Bacteria","Actinobacteriota","Actinobacteria","Corynebacteriales","Corynebacteriaceae",NA,NA
"057b73cef4c9b55a33397d1b0af5277d","d__Bacteria","Actinobacteriota","Actinobacteria","Corynebacteriales","Corynebacteriaceae","Corynebacterium",NA
"ac1a64904ec75acb519153fb95fa2e5d","d__Bacteria",NA,NA,NA,NA,NA,NA
"3612df2bfdc03f49b3dd58a89d5fac78","d__Bacteria",NA,NA,NA,NA,NA,NA
"e2869292b491ecc0db7e10bbd9d2ca9e","d__Bacteria",NA,NA,NA,NA,NA,NA
"62566dee596899110f5fd888477b07a3","d__Bacteria","Myxococcota","Polyangia",NA,NA,NA,NA
"e5a07f1a0d4edc16cd260867d0cf396f","d__Bacteria","Firmicutes","Clostridia","Lachnospirales","Lachnospiraceae",NA,NA
"e1aaf5a39f2434822ea4d0196453f17a","d__Bacteria","Firmicutes","Clostridia","Peptostreptococcales-Tissierellales","Family_XI","Anaerococcus",NA
"d84bfa02610c2d64613875a72d055116","d__Bacteria",NA,NA,NA,NA,NA,NA
"761304addefb0addb17f5e37cf00204d","d__Bacteria",NA,NA,NA,NA,NA,NA
"cbeae7e36f71bdb2d6e7c283c031a452","d__Bacteria","Patescibacteria","Saccharimonadia","Saccharimonadales","Saccharimonadales","Saccharimonadales",NA
"fc584842a168face66c24fe27ee2fed3","d__Bacteria","Proteobacteria","Alphaproteobacteria","Rhizobiales","Beijerinckiaceae",NA,NA
"46ed3991e3adb7f4e2efa4d4b1ce6581","d__Bacteria","Actinobacteriota","Actinobacteria","Corynebacteriales","Corynebacteriaceae","Corynebacterium",NA
"17fb0285f788561c6792a507e1dff2b1","d__Bacteria","Actinobacteriota","Actinobacteria","Corynebacteriales","Corynebacteriaceae","Corynebacterium",NA
"c6aafb09d673a5292ed7c8ed640e796f","d__Bacteria",NA,NA,NA,NA,NA,NA
"7b7e2fc9fcfed59db37a65d48dc6e7aa","d__Bacteria","Firmicutes","Bacilli","Staphylococcales","Staphylococcaceae","Staphylococcus",NA
"49b70236981d9ef556bc42460433a09a","d__Bacteria","Firmicutes","Bacilli","Staphylococcales","Staphylococcaceae","Staphylococcus",NA
"ad5e5387a35d2059bb3521f80d590d9d","d__Bacteria","Firmicutes","Bacilli","Staphylococcales","Staphylococcaceae","Staphylococcus",NA
"16a4b9acedfeb745d2e09888d09ea4ba","d__Bacteria",NA,NA,NA,NA,NA,NA
"7ed3cfab27a95fc2d9681486ad73e482","d__Bacteria","Firmicutes","Bacilli","Staphylococcales","Staphylococcaceae","Staphylococcus",NA
"efffcfcd889a4ba3308b3b0fc841616e","d__Bacteria","Firmicutes","Bacilli","Staphylococcales","Staphylococcaceae","Staphylococcus",NA
"47271817dd964e2bf233d043b22c1dd5","d__Bacteria","Firmicutes","Bacilli","Staphylococcales","Staphylococcaceae","Staphylococcus",NA
"34aa74de99a1a5b7707660266ee0df9f","d__Bacteria",NA,NA,NA,NA,NA,NA
"4d87bf36a21ff9bd575637022947d5fd","d__Bacteria","Firmicutes","Bacilli","Staphylococcales","Staphylococcaceae","Staphylococcus",NA
"c7598fe7d3ca3358e48e5a96276212a2","d__Bacteria","Firmicutes","Clostridia","Peptostreptococcales-Tissierellales","Family_XI","Anaerococcus",NA
"ec1eb131733803f35ca963231ead7447","d__Bacteria","Firmicutes","Clostridia","Peptostreptococcales-Tissierellales","Family_XI","Anaerococcus",NA
"a2d61d2e02978fdf62f9d6bbdf8205df","d__Bacteria","Firmicutes","Bacilli","Staphylococcales","Staphylococcaceae","Staphylococcus",NA
"24a03ebd3e82e88d87e879b408b1e52e","d__Bacteria","Firmicutes","Bacilli","Staphylococcales","Staphylococcaceae","Staphylococcus",NA
"00509d5e324d39d4dfc71128298cceab","d__Bacteria","Firmicutes","Bacilli","Staphylococcales","Staphylococcaceae","Staphylococcus",NA
"7d3aa51eeb52c5139c922c890be4ee42","d__Bacteria","Firmicutes","Bacilli","Staphylococcales","Staphylococcaceae","Staphylococcus",NA
"e6da41547b5305ef6dbf4ba845d16360","d__Bacteria","Firmicutes","Bacilli","Staphylococcales","Staphylococcaceae","Staphylococcus",NA
"a7ea5eefb8bac2b92299e80e2c338652","d__Bacteria","Firmicutes","Clostridia","Peptostreptococcales-Tissierellales","Family_XI","Peptoniphilus",NA
"dcafc194f4935cf6f9878fc86c86fd27","d__Bacteria","Firmicutes","Bacilli","Staphylococcales","Staphylococcaceae","Staphylococcus",NA
"0f9eb39592cb2439c6e30f16a92feba3","d__Bacteria","Bdellovibrionota","Oligoflexia","Oligoflexales","Oligoflexaceae","uncultured",NA
"8a8a6e4e94cf9d5acd4b4402601527da","d__Bacteria",NA,NA,NA,NA,NA,NA
"88d621e695c0a2e68ca3eda53ff7b4a1","d__Bacteria",NA,NA,NA,NA,NA,NA
"635a0cd6f08410d1159e675cd6e3510a","d__Bacteria","Firmicutes","Bacilli","Staphylococcales","Staphylococcaceae",NA,NA
"0bf333937c93e2b7cbc7a85ae2d73922","d__Bacteria","Actinobacteriota","Actinobacteria","Corynebacteriales","Corynebacteriaceae","Corynebacterium",NA
"40f4913a09089b63b5f4e5eca3e1c569","d__Bacteria",NA,NA,NA,NA,NA,NA
"9c17a20fff178678a26d9e71321faa70","d__Bacteria","Firmicutes","Bacilli","Staphylococcales","Staphylococcaceae",NA,NA
"8a329e0c4dae3d0999c34da93f6d0167","d__Bacteria",NA,NA,NA,NA,NA,NA
"a2538c00933200e8aad17992161e2511","d__Bacteria","Proteobacteria","Gammaproteobacteria","Enterobacterales",NA,NA,NA
"3f43d8a4bd31462aeaed6b8822d85424","d__Bacteria",NA,NA,NA,NA,NA,NA
"1d24ba8b984e572aec38f22116c35296","d__Bacteria","Firmicutes","Bacilli",NA,NA,NA,NA
"e26f253efaa9d9a5b685fa66224d18d8","d__Bacteria","Firmicutes",NA,NA,NA,NA,NA
"f947ecb94ba99f72027a75b4f95ab96a","d__Bacteria","Firmicutes","Bacilli","Staphylococcales","Staphylococcaceae","Staphylococcus",NA
"8e06bd66f8ba01c5fd7f0ecc4310ec74","d__Bacteria","Firmicutes","Bacilli","Staphylococcales","Staphylococcaceae","Staphylococcus",NA
"f96181e3c02e3fb39525d7562e878971","d__Bacteria",NA,NA,NA,NA,NA,NA
"13e610f0fabb951c3bdc6682d4af5e27","d__Bacteria",NA,NA,NA,NA,NA,NA
"0ad2b935ecabf173dca7c1cfc5ff34df","d__Bacteria","Firmicutes","Bacilli",NA,NA,NA,NA
"e49bea298748aaf0d510ff1e3d9c5318","d__Bacteria","Actinobacteriota","Actinobacteria","Corynebacteriales","Corynebacteriaceae",NA,NA
"39643c78dc8854c20288da602aebe908","d__Bacteria","Actinobacteriota","Actinobacteria","Micrococcales","Micrococcaceae","Micrococcus",NA
"0e0a77451465e76f03748182bd4cd76a","d__Bacteria","Firmicutes","Bacilli","Staphylococcales","Staphylococcaceae","Staphylococcus",NA
"e8dd2756b9fd0f23a759956f70730d1d","Unassigned",NA,NA,NA,NA,NA,NA
"a828825f78e4f721e00be890b0a90d52","d__Bacteria","Patescibacteria","Saccharimonadia","Saccharimonadales","Saccharimonadales","Saccharimonadales",NA
"c0b245d146925d5d95a81392c984eb09","d__Bacteria","Firmicutes","Bacilli","Staphylococcales","Staphylococcaceae",NA,NA
"5a24867295a0363a171a87642143d836","d__Bacteria","Actinobacteriota","Actinobacteria","Micrococcales",NA,NA,NA
"483333e62ebbae4a9f643e1e496d6511","d__Bacteria","Proteobacteria","Gammaproteobacteria","Pseudomonadales","Moraxellaceae","Enhydrobacter",NA
"4ed22a00a678b088cf325e11e7064fd9","d__Bacteria","Actinobacteriota","Actinobacteria","Micrococcales",NA,NA,NA
"360f45bb108a1d18dedea79e0e093328","d__Bacteria","Firmicutes","Bacilli","Staphylococcales","Staphylococcaceae","Staphylococcus",NA
"12721c43bc5f3915404694a02b19c72f","d__Bacteria","Firmicutes","Bacilli","Staphylococcales","Staphylococcaceae","Staphylococcus",NA
"2cbab8a0cbd3e02dd350654c71976f4f","d__Bacteria","Actinobacteriota","Actinobacteria","Micrococcales",NA,NA,NA
"07ca155cefe6508fb2014dd53003efda","d__Bacteria",NA,NA,NA,NA,NA,NA
"f1cb26e7512ac9d3b1defd082aae80ca","d__Bacteria","Actinobacteriota","Actinobacteria","Micrococcales",NA,NA,NA
"b0e56768c847f035c36d096f3ca02bf7","d__Bacteria",NA,NA,NA,NA,NA,NA
"076e200ef4e68d8ce7578d60c78739d8","d__Bacteria","Firmicutes","Bacilli","Bacillales","Bacillaceae","Bacillus",NA
"1fef53904fe2ec513c35f0ee1f1708e0","d__Bacteria",NA,NA,NA,NA,NA,NA
"1e26126cd73a9125c01fcdbee76698ad","d__Bacteria","Firmicutes",NA,NA,NA,NA,NA
"e4ac992a12e5dc0cd15fa7094365910e","d__Bacteria","Actinobacteriota","Actinobacteria","Corynebacteriales","Corynebacteriaceae","Corynebacterium",NA
"90d1d12129743181dee60ca314d96a9d","d__Bacteria","Actinobacteriota","Actinobacteria","Corynebacteriales","Corynebacteriaceae","Corynebacterium",NA
"d9c296ca26e2260f4ed86a5a794d6e23","d__Bacteria","Proteobacteria","Gammaproteobacteria","Pseudomonadales","Moraxellaceae","Acinetobacter",NA
"7e58ae4156953a27ebd2393f92f2b5bc","d__Bacteria","Actinobacteriota","Actinobacteria","Corynebacteriales","Corynebacteriaceae","Corynebacterium",NA
"f514375f37b6972c852144a2f261c100","d__Bacteria",NA,NA,NA,NA,NA,NA
"f638ca3c27e387faaac1f2e8e5e4b789","d__Bacteria","Actinobacteriota","Actinobacteria","Actinomycetales","Actinomycetaceae","Actinomycetaceae",NA
"b758600823dc55741d797c712eec0297","d__Bacteria","Firmicutes","Bacilli","Lactobacillales","Streptococcaceae","Streptococcus",NA
"4724a408cd26335af72d188f6989857a","d__Bacteria","Firmicutes","Clostridia","Clostridiales","Clostridiaceae","Clostridium_sensu_stricto_7",NA
"8f2d8415697dca266167c2a20f2c2b99","d__Bacteria",NA,NA,NA,NA,NA,NA
"6a13c11106484c69f2b766a1bd001fc6","d__Bacteria",NA,NA,NA,NA,NA,NA
"08e9a86e0b91163441d45eb35998f889","d__Bacteria","Firmicutes",NA,NA,NA,NA,NA
"c019a5ed370d8d166bec3696d4213ea1","d__Bacteria","Actinobacteriota","Actinobacteria","Micrococcales",NA,NA,NA
"a33b054d7ac55400e33bfca868d483cf","d__Bacteria","Actinobacteriota","Actinobacteria","Micrococcales","Micrococcaceae","Kocuria",NA
"da7b7d732e01771151148e200cfe6b8d","d__Bacteria","Firmicutes","Bacilli","Lactobacillales","Streptococcaceae","Lactococcus",NA
"20250dc2d74ac6116edf2d8cc2dbdac4","d__Bacteria","Bacteroidota","Bacteroidia","Flavobacteriales","Flavobacteriaceae","Muricauda",NA
"c2f4fb81b745e3bf70369aad21694e91","d__Bacteria","Proteobacteria","Gammaproteobacteria","Enterobacterales","Pasteurellaceae","Haemophilus",NA
"c357747390b277471eb0d8c49c1a6f6f","d__Bacteria","Firmicutes","Clostridia","Peptostreptococcales-Tissierellales","Family_XI","Peptoniphilus",NA
"a6997f8c20b9c6d7369881f7b783bba2","d__Bacteria","Proteobacteria","Alphaproteobacteria","Rhizobiales","Beijerinckiaceae","Psychroglaciecola",NA
"5baaccee1b2ac9e10b3e4ffc63f452b6","d__Bacteria","Firmicutes","Clostridia","Peptostreptococcales-Tissierellales","Family_XI","Peptoniphilus",NA
"f3fee5658b1562f95c0ee1b275d02d24","d__Bacteria","Cyanobacteria","Cyanobacteriia","Cyanobacteriales","Chroococcidiopsaceae","Chroococcidiopsis_PCC_7203",NA
"3ab767fd0c899c0ca4f233c6fbaa3717","d__Bacteria",NA,NA,NA,NA,NA,NA
"83f042c0c86a2a9e5c2dcceb76e65c14","d__Bacteria","Firmicutes","Bacilli","Staphylococcales","Staphylococcaceae","Staphylococcus",NA
"4ca82a1ddf38b210c3d099aca7ddec6f","d__Bacteria","Firmicutes",NA,NA,NA,NA,NA
"c6737ca4d095e9a182c95a8f7acd3733","d__Bacteria",NA,NA,NA,NA,NA,NA
"058c4ad0906061ae2fe0f72ff8d13975","d__Bacteria",NA,NA,NA,NA,NA,NA
"a9db610809d9246cf086878f592b0813","d__Bacteria","Actinobacteriota","Actinobacteria","Micrococcales","Brevibacteriaceae",NA,NA
"9b2dac52d76c86597ee6833646ba54d5","d__Bacteria","Actinobacteriota","Actinobacteria","Propionibacteriales","Propionibacteriaceae","Cutibacterium",NA
"8f0978dc7aa2d83cd5857ba3ce685d2c","d__Bacteria","Firmicutes",NA,NA,NA,NA,NA
"03c0fb5be4a8897fb5ca98f31897f2bb","d__Bacteria","Proteobacteria","Gammaproteobacteria","Xanthomonadales","Xanthomonadaceae",NA,NA
"e3831859e440687cc42ac95b66418538","d__Bacteria",NA,NA,NA,NA,NA,NA
"9cd4f18a286b5ada0ad8dadf3876417a","d__Bacteria","Proteobacteria","Alphaproteobacteria",NA,NA,NA,NA
"d8f306258201a6c6241086a2dde874b7","d__Bacteria","Proteobacteria","Gammaproteobacteria","Xanthomonadales","Xanthomonadaceae",NA,NA
"642e932f9a8fa23200f154d1ce2a48b0","d__Bacteria",NA,NA,NA,NA,NA,NA
"17a4c32b3954cd3281ba264818096824","d__Bacteria","Patescibacteria","Saccharimonadia","Saccharimonadales","Saccharimonadaceae","Candidatus_Saccharimonas",NA
"46985febbeca69046682c8be97c34aa4","d__Bacteria","Actinobacteriota","Actinobacteria","Corynebacteriales","Corynebacteriaceae","Corynebacterium",NA
"8e669792f2c0a633d74fd3dd83c9f959","d__Bacteria","Proteobacteria","Gammaproteobacteria","Pseudomonadales","Moraxellaceae","Acinetobacter",NA
"d8e70a4708d4e8ed56803275ee35fead","d__Bacteria",NA,NA,NA,NA,NA,NA
"e6b0f59e72496ce8ac1de7af975abaeb","d__Bacteria","Firmicutes","Clostridia","Peptostreptococcales-Tissierellales",NA,NA,NA
"78bbc6ddddd9b72b8ef30e2812bc1b19","d__Bacteria","Firmicutes","Bacilli","Staphylococcales","Staphylococcaceae","Staphylococcus",NA
"f1417037e1e3cd39b48dffbc5d4fe104","d__Bacteria","Firmicutes","Bacilli","Staphylococcales","Staphylococcaceae",NA,NA
"c4c8cdeac42d53c73560670dec2c6401","d__Bacteria","Firmicutes","Bacilli",NA,NA,NA,NA
"4f2198a7eba38783114364a120bcbec0","d__Bacteria",NA,NA,NA,NA,NA,NA
"6fe132542ff8bd1aa51d61aa66450693","d__Bacteria",NA,NA,NA,NA,NA,NA
"00480646b890ce710db5b34893ee6cf4","d__Bacteria","Proteobacteria","Gammaproteobacteria","Pseudomonadales","Moraxellaceae",NA,NA
"fafcf7bd016b16b275527dbd4ff7ecb2","d__Bacteria","Proteobacteria","Alphaproteobacteria","Caulobacterales","Caulobacteraceae","Brevundimonas",NA
"b698f03f18f01666cb45a6c36929e50f","d__Bacteria","Firmicutes","Bacilli","Lactobacillales","Streptococcaceae","Streptococcus",NA
"03796378ce663203142a551b5bf4f51f","d__Bacteria","Actinobacteriota","Actinobacteria","Corynebacteriales","Corynebacteriaceae","Corynebacterium",NA
"b82fe7f693dda6f8dcf56ce7cbbb6828","d__Bacteria","Firmicutes","Bacilli","Staphylococcales","Staphylococcaceae","Staphylococcus",NA
"de8e8a3521e5f36e95e9542ff7b963a6","d__Bacteria","Firmicutes","Clostridia","Peptostreptococcales-Tissierellales","Family_XI","Anaerococcus",NA
"ffeb44dac8a55d376b1e71551a87b1df","d__Bacteria",NA,NA,NA,NA,NA,NA
"ab3ffcd867c6da91a78c08e662d71629","d__Bacteria",NA,NA,NA,NA,NA,NA
"04c21625c754233b3e39b16ad6b56ee1","d__Bacteria","Myxococcota","Polyangia","Haliangiales","Haliangiaceae","Haliangium",NA
"3499a9645416ff3398cbc76997ee27d9","d__Bacteria",NA,NA,NA,NA,NA,NA
"b915622432807a66227ca78287f7eaa8","d__Bacteria","Firmicutes","Bacilli","Staphylococcales","Staphylococcaceae",NA,NA
"23f397648019048da55540e941f814c3","d__Bacteria",NA,NA,NA,NA,NA,NA
"003da4bfa677fd96cf37c64630c56bfc","d__Bacteria","Actinobacteriota","Actinobacteria","Corynebacteriales","Corynebacteriaceae","Corynebacterium",NA
"60b236aed3a8083bed84d3bf6989eb8f","d__Bacteria","Actinobacteriota","Actinobacteria","Corynebacteriales","Corynebacteriaceae",NA,NA
"4bf25b3e57aea6c1f11a388f00d5b9eb","d__Bacteria","Fusobacteriota","Fusobacteriia","Fusobacteriales","Leptotrichiaceae","Leptotrichia",NA
"cf388779296d28bb320d3904a4634c4d","d__Bacteria","Actinobacteriota","Actinobacteria","Actinomycetales","Actinomycetaceae","Actinomyces",NA
"b416d57f66dd65229a7457a4e774e5a8","d__Bacteria","Bacteroidota","Bacteroidia","Sphingobacteriales","Sphingobacteriaceae","Sphingobacterium",NA
"1009e953b1e3b193396b917c41abcba0","d__Bacteria",NA,NA,NA,NA,NA,NA
"18b2dc818045050aa57ca60da3fe88c2","d__Bacteria","Proteobacteria","Gammaproteobacteria","Xanthomonadales","Xanthomonadaceae",NA,NA
"15018fb2df74a8207cfcfa7d8125add8","d__Bacteria","Actinobacteriota","Actinobacteria","Micrococcales",NA,NA,NA
"07657f02ff1f3b700f8a4efac1bc59f2","d__Bacteria","Firmicutes","Bacilli","Staphylococcales","Staphylococcaceae","Staphylococcus",NA
"eca23365fb1336f74a6e38d21f848001","d__Bacteria",NA,NA,NA,NA,NA,NA
"f675bccc594e77cf1bd6c816ab43186a","d__Bacteria",NA,NA,NA,NA,NA,NA
"c417977fd6eddba14d4084d1c268a158","d__Bacteria","Proteobacteria","Gammaproteobacteria","Burkholderiales","Alcaligenaceae","Alcaligenes",NA
"13bd0b650f1c9868c43b775db9bf55a3","d__Bacteria",NA,NA,NA,NA,NA,NA
"457aef7de3adfce68979f4729f51a2f6","d__Bacteria","Actinobacteriota","Actinobacteria","Micrococcales",NA,NA,NA
"ed07b4ca5fe3052083f2fd57ecac1281","d__Bacteria","Proteobacteria","Gammaproteobacteria","Xanthomonadales","Xanthomonadaceae",NA,NA
"5f658eefa2d357016f7782bd7327cced","d__Bacteria","Actinobacteriota","Actinobacteria","Micrococcales",NA,NA,NA
"05d44f87055a6604fd52893e16bdc5f1","d__Bacteria",NA,NA,NA,NA,NA,NA
"35492d23e190d24d01f3cfb766812ea3","d__Bacteria","Actinobacteriota","Actinobacteria","Micrococcales",NA,NA,NA
"18fe297500c42ebb34923bed4d6db0e9","Unassigned",NA,NA,NA,NA,NA,NA
"8a61fa86fd9102c6f719b31155e2b965","d__Bacteria","Actinobacteriota","Actinobacteria","Micrococcales",NA,NA,NA
"c79f0bbbd97aea5738398387ad060eb3","d__Bacteria",NA,NA,NA,NA,NA,NA
"480b72c9776356a847c07ae54d930177","d__Bacteria","Actinobacteriota","Actinobacteria","Micrococcales","Brevibacteriaceae","Brevibacterium",NA
"34d0e4068e500f3cfcc61f26fc3ec595","d__Bacteria","Proteobacteria","Gammaproteobacteria","Pseudomonadales","Moraxellaceae","Acinetobacter",NA
"70e510c749700c8bbf803f9ba9f1f8cc","d__Bacteria",NA,NA,NA,NA,NA,NA
"6d0839f14611ac5e9e7e2135bc06991e","d__Bacteria",NA,NA,NA,NA,NA,NA
"7580b1137d21538db4ef686a9d5ba797","d__Bacteria","Bacteroidota","Kapabacteria","Kapabacteriales","Kapabacteriales","Kapabacteriales",NA
"1eb3b2913bc6f3e2aa88539527aaf632","d__Bacteria","Proteobacteria","Gammaproteobacteria","Burkholderiales","Neisseriaceae","uncultured",NA
"58ea222e5190ab7c8f36570d46d231dd","d__Bacteria","Firmicutes","Bacilli","Bacillales",NA,NA,NA
"6d6608cec67eda201509432872ef1b2d","d__Bacteria","Firmicutes","Bacilli","Bacillales",NA,NA,NA
"ced86a18ce64a970fb4039622ee7ba2e","d__Bacteria",NA,NA,NA,NA,NA,NA
"3a21265a8c7a07961cd1c3a06105f334","d__Bacteria","Firmicutes","Bacilli","Bacillales","Bacillaceae","Bacillus",NA
"69be13e9dd669ff738bd02a2cf77110e","d__Bacteria","Firmicutes","Bacilli","Bacillales","Bacillaceae","Bacillus",NA
"ba26816983dba6446d6c258eb8b6e639","d__Bacteria","Actinobacteriota","Actinobacteria","Corynebacteriales","Corynebacteriaceae","Corynebacterium",NA
"a7727e97b90102fc173f11f76f05b7ec","d__Bacteria","Actinobacteriota","Actinobacteria","Corynebacteriales","Corynebacteriaceae","Corynebacterium",NA
"b4cea6e29960285865d8b6892f69c9d9","d__Bacteria","Firmicutes","Clostridia","Lachnospirales","Lachnospiraceae",NA,NA
"3d65710f8655da28bdcd2ebd9da88821","d__Bacteria","Actinobacteriota","Actinobacteria","Corynebacteriales","Corynebacteriaceae","Corynebacterium",NA
"cedfaa97d0e4234ac5152b14a16fd5a4","d__Bacteria","Firmicutes","Bacilli","Staphylococcales","Staphylococcaceae",NA,NA
"b194905d96c56c08099a73d593d5c1e6","d__Bacteria",NA,NA,NA,NA,NA,NA
"86e9bccdd87bb3d2092250679d202602","d__Bacteria","Proteobacteria","Gammaproteobacteria","Burkholderiales","Burkholderiaceae","Lautropia",NA
"3a0483c1c03d7227f10d0239f41b84e3","d__Bacteria","Firmicutes","Bacilli","Staphylococcales","Staphylococcaceae",NA,NA
"73a955edb40d2b0dca425ba232bee4c5","d__Bacteria","Firmicutes","Bacilli","Staphylococcales","Staphylococcaceae",NA,NA
"0178bd5c4f549c129df38657627dcce0","d__Bacteria","Actinobacteriota","Actinobacteria","Corynebacteriales","Corynebacteriaceae","Corynebacterium",NA
"4e8aea2411d9faae174e4c73429ef3f8","d__Bacteria","Firmicutes","Bacilli","Staphylococcales","Staphylococcaceae","Staphylococcus",NA
"ad6694470cf8cef68092976cca8c8eb5","d__Bacteria",NA,NA,NA,NA,NA,NA
"0386ee848dfe0149946c5c98133a62aa","d__Bacteria",NA,NA,NA,NA,NA,NA
"4d23013c4f181de0618485f22149b89d","d__Bacteria","Firmicutes","Bacilli",NA,NA,NA,NA
"808867392a543cf11c05bc3de5488d47","d__Bacteria","Firmicutes","Bacilli","Lactobacillales",NA,NA,NA
"f7c76acb0ba4fda74fdd1686adb5a042","d__Bacteria","Firmicutes","Bacilli","Staphylococcales","Staphylococcaceae","Staphylococcus",NA
"2e08375486fba00ed341056b6d39e397","d__Bacteria","Proteobacteria","Gammaproteobacteria","Pseudomonadales","Moraxellaceae","Enhydrobacter",NA
"a8f0cbc48a427d99bba714042e331fcd","d__Bacteria","Actinobacteriota","Actinobacteria","Corynebacteriales","Corynebacteriaceae","Corynebacterium",NA
"39528efb1f8679d48d7720fc05daae33","d__Bacteria","Actinobacteriota","Thermoleophilia",NA,NA,NA,NA
"7fb4f740131ee5d0d088c3082b0a2850","d__Bacteria","Proteobacteria","Gammaproteobacteria","Enterobacterales","Pasteurellaceae","Frederiksenia",NA
"22f83d1ebcd2c262e5b7276b7bfc64df","d__Bacteria","Actinobacteriota","Actinobacteria","Micrococcales","Micrococcaceae","Kocuria",NA
"046f780cfd92384bff168a35111e5c0c","d__Bacteria","Firmicutes","Bacilli","Staphylococcales","Staphylococcaceae","Staphylococcus",NA
"0fab0a7370ed1eabec6f65c017a9d3a5","d__Bacteria",NA,NA,NA,NA,NA,NA
"e5e284ae4850a6def65c8f28c70837ae","d__Bacteria","Proteobacteria","Alphaproteobacteria","Rhodobacterales","Rhodobacteraceae",NA,NA
"e4ea978154c549c83d1fcc92309135cc","d__Bacteria","Firmicutes","Bacilli","Paenibacillales","Paenibacillaceae",NA,NA
"30869dce782835607bf18c6f0a30b812","d__Bacteria","Firmicutes","Bacilli","Lactobacillales","Listeriaceae","Brochothrix",NA
"889545ba0f24df3680f6f4ddcc6c9557","d__Bacteria","Firmicutes","Clostridia","Oscillospirales",NA,NA,NA
"28d8625f3cd8484a67db2f02f0b38d40","d__Bacteria",NA,NA,NA,NA,NA,NA
"00d3b6bf29de4b186b86a033a4c86df4","d__Bacteria",NA,NA,NA,NA,NA,NA
"03f0d887cef036849d876ba8d9e9e61a","d__Bacteria","Actinobacteriota","Actinobacteria","Corynebacteriales","Corynebacteriaceae",NA,NA
"9957b0b6d29397aae15042438e743ac0","d__Bacteria","Actinobacteriota","Actinobacteria","Corynebacteriales","Corynebacteriaceae",NA,NA
"6f0cf64e9b94ac7a3ea56571e1fe963c","d__Bacteria","Cyanobacteria","Cyanobacteriia","Cyanobacteriales","Chroococcidiopsaceae","uncultured",NA
"ff999fa653d3f0939dd52a21b7b0a35f","d__Bacteria","Actinobacteriota","Actinobacteria","Corynebacteriales","Corynebacteriaceae",NA,NA
"9094bd1b638b8844adace79339ddca00","d__Bacteria","Firmicutes","Bacilli","Lactobacillales","Streptococcaceae","Streptococcus",NA
"8f955a4e2da40cabd28a6161daaf39b9","d__Bacteria","Actinobacteriota","Actinobacteria","Actinomycetales","Actinomycetaceae","Actinomyces",NA
"d87ac5bb195b793da7089b820e3de397","d__Bacteria","Actinobacteriota","Actinobacteria","Corynebacteriales","Corynebacteriaceae","Corynebacterium",NA
"d56c26b979a93ae36848796c3ce351e2","d__Bacteria","Actinobacteriota","Actinobacteria","Micrococcales",NA,NA,NA
"a1b2d6e3d3c98f61b636d2c182f23c11","d__Bacteria","Actinobacteriota","Actinobacteria","Micrococcales",NA,NA,NA
"1f8d96dbc55927650f04c81f07af6490","d__Bacteria","Actinobacteriota","Actinobacteria","Corynebacteriales","Corynebacteriaceae","Corynebacterium",NA
"beb00b89e6160101f68ba14b66f7334d","d__Bacteria","Actinobacteriota","Actinobacteria","Corynebacteriales","Corynebacteriaceae","Corynebacterium",NA
"6b2ac2406d2ca6c2c4ef98af3d16baa8","d__Bacteria",NA,NA,NA,NA,NA,NA
"df511696fc017be4bddcbb38e401aa6f","d__Bacteria",NA,NA,NA,NA,NA,NA
"250ea35bc647be2340f1b7564d20a422","d__Bacteria","Firmicutes",NA,NA,NA,NA,NA
"0a16e86bd552c344e2a030a5adfab192","d__Bacteria","Proteobacteria","Alphaproteobacteria","Rhodobacterales","Rhodobacteraceae",NA,NA
"9eb23cc6647d0ba17add804f39213d45","d__Bacteria","Actinobacteriota","Actinobacteria","Micrococcales","Microbacteriaceae","Microbacterium",NA
"d0770f02695d66ff32b7106f8029c737","d__Bacteria","Firmicutes","Clostridia","Peptostreptococcales-Tissierellales","Family_XI","Anaerococcus",NA
"f49ade14ef2f5c906acf8ce805fee657","d__Bacteria","Proteobacteria","Gammaproteobacteria","Xanthomonadales","Xanthomonadaceae","Stenotrophomonas",NA
"7d1db4dca5c33a4c4d036af927144847","d__Bacteria","Actinobacteriota","Actinobacteria","Micrococcales","Micrococcaceae","Micrococcus",NA
"0467f5d237268bc24e76f28621ffee19","d__Bacteria","Actinobacteriota","Actinobacteria","Micrococcales","Micrococcaceae",NA,NA
"29009d46bf712dcbbadc206cb5e61a81","d__Bacteria","Proteobacteria","Alphaproteobacteria","Rhodobacterales","Rhodobacteraceae","Paracoccus",NA
"fcfe43b463e243dc1c1875e3724a3ec3","d__Bacteria",NA,NA,NA,NA,NA,NA
"61429f9d05844349f682ff87725e065b","d__Bacteria",NA,NA,NA,NA,NA,NA
"584f2300e4fb8bca3c3c19675f6189f2","d__Bacteria","Proteobacteria","Alphaproteobacteria",NA,NA,NA,NA
"866850d976b1a68d3be785e5d8201e59","d__Bacteria","Proteobacteria","Alphaproteobacteria","Rickettsiales","Mitochondria","Mitochondria",NA
"06a6c0748f928768c53d56f4cab517f5","d__Bacteria","Proteobacteria","Alphaproteobacteria",NA,NA,NA,NA
"cbcd8c06e66ac32f23a5511f00efaa40","d__Bacteria","Actinobacteriota","Actinobacteria","Micrococcales","Microbacteriaceae",NA,NA
"9e874808dafe31ba6671abb18d571a9b","d__Bacteria",NA,NA,NA,NA,NA,NA
"88fce068efef2850fd4bf7f6b33689e7","d__Bacteria",NA,NA,NA,NA,NA,NA
"45ac3f0eacdfb52632b7bb8d5466629f","d__Bacteria","Firmicutes","Bacilli","Staphylococcales","Staphylococcaceae","Staphylococcus",NA
"ffce254f62955460b7c980146acfbb31","d__Bacteria","Actinobacteriota","Actinobacteria",NA,NA,NA,NA
"e5279aee2738925a7dab7280854f2edd","d__Bacteria",NA,NA,NA,NA,NA,NA
"32f480782e6f08adb285635461736d39","d__Bacteria",NA,NA,NA,NA,NA,NA
"ca15e24155a1fd1d28cf95ad343f977a","d__Bacteria","Actinobacteriota","Actinobacteria","Corynebacteriales","Corynebacteriaceae","Corynebacterium",NA
"9d229e49c1f09c436502e4c187ba9c49","d__Bacteria","Actinobacteriota","Actinobacteria","Corynebacteriales","Corynebacteriaceae",NA,NA
"58fe9a6930e04639867a0a92b58cdc20","d__Bacteria","Chloroflexi","Chloroflexia","Thermomicrobiales","JG30-KF-CM45","JG30-KF-CM45",NA
"ade6d8b80597f41e17875f8f0d305532","d__Bacteria","Firmicutes","Bacilli","Staphylococcales","Staphylococcaceae","Staphylococcus",NA
"b50a94d6fa35cfb381bcdfe8ea5880ea","d__Bacteria","Firmicutes","Negativicutes","Veillonellales-Selenomonadales",NA,NA,NA
"4d5754b9d18803bbf6ba94f5f396f870","Unassigned",NA,NA,NA,NA,NA,NA
"89ff26f10a76245c220c1def54389f29","d__Bacteria","Proteobacteria","Gammaproteobacteria",NA,NA,NA,NA
"2998fa629bbb03fb4de625995bf50a02","d__Bacteria","Proteobacteria","Gammaproteobacteria",NA,NA,NA,NA
"54c0c5cbdb652cf7ae146b6a3d682680","d__Bacteria",NA,NA,NA,NA,NA,NA
"50966be93232da2d360148dffabbb748","d__Bacteria","Cyanobacteria","Cyanobacteriia","Cyanobacteriales",NA,NA,NA
"007ee2201761fd563edc54479be86b2b","d__Bacteria","Actinobacteriota","Actinobacteria","Corynebacteriales","Corynebacteriaceae",NA,NA
"fc4b37baa6a6ebc547df07db0cbd64b7","d__Bacteria","Actinobacteriota","Actinobacteria","Micrococcales",NA,NA,NA
"73b2776f458b4dede279560e7f00bcbc","d__Bacteria","Firmicutes","Bacilli","Staphylococcales","Staphylococcaceae","Staphylococcus",NA
"aecefd6f0a1ce2923f5313334615bc06","d__Bacteria",NA,NA,NA,NA,NA,NA
"1155f3cf5675bf6a6fcf2583fe66f234","d__Bacteria","Firmicutes","Clostridia","Lachnospirales","Lachnospiraceae","Anaerostipes",NA
"4ed2b454770e9c05ed5bff7579151caf","d__Bacteria","Firmicutes","Bacilli","Lactobacillales","Streptococcaceae","Streptococcus",NA
"d170f5eb3d2a3b8d3784b41de8df1b54","d__Bacteria",NA,NA,NA,NA,NA,NA
"9ca0e29e356815c6bdad3eddc098f902","d__Bacteria","Firmicutes","Bacilli","Staphylococcales","Staphylococcaceae",NA,NA
"15fcaa1d8128d1e5d3a331b7f5e0abc2","d__Bacteria","Firmicutes","Bacilli","Staphylococcales","Staphylococcaceae","Staphylococcus",NA
"9821a57f455d40977eb054d019ccfd0c","d__Bacteria","Proteobacteria","Alphaproteobacteria","Rhizobiales","Xanthobacteraceae","Pseudolabrys",NA
"d737ec5756d4baee1520dbed5adcdda6","d__Bacteria","Firmicutes","Bacilli","Staphylococcales","Staphylococcaceae",NA,NA
"643e696e766bfcfe19646af1be49f037","d__Bacteria",NA,NA,NA,NA,NA,NA
"e60aa309eb6c277c6703540465cd86a3","d__Bacteria","Firmicutes","Bacilli","Staphylococcales","Staphylococcaceae","Staphylococcus",NA
"16e916cfbf9265027b40d2c541e2bdc7","d__Bacteria","Firmicutes","Bacilli","Staphylococcales","Staphylococcaceae",NA,NA
"b6556265d7108004b71d27fa0909f4fc","d__Bacteria","Actinobacteriota","Actinobacteria","Micromonosporales","Micromonosporaceae",NA,NA
"cee0444775f91d63b5833a1b2a1a85d3","d__Bacteria","Actinobacteriota","Actinobacteria","Corynebacteriales","Corynebacteriaceae",NA,NA
"3e79c16f168b0bd2c6749f00470addf0","d__Bacteria","Proteobacteria","Gammaproteobacteria","Burkholderiales","Oxalobacteraceae","Massilia",NA
"4e306ce8b9f5eb51cf56352faa5ef881","d__Bacteria",NA,NA,NA,NA,NA,NA
"71b3fba4ea4ab67ef90f7fc0eeece3a2","d__Bacteria","Firmicutes",NA,NA,NA,NA,NA
"41dae25e35cc6772086dfefede5a0a5e","d__Bacteria",NA,NA,NA,NA,NA,NA
"d6ee504df01ebf22d441de80d1183044","d__Bacteria","Proteobacteria","Gammaproteobacteria","Burkholderiales","Alcaligenaceae","Achromobacter",NA
"c26d29d3737ce02186bc2e594f13811a","d__Bacteria","Firmicutes","Clostridia","Peptostreptococcales-Tissierellales","Family_XI","Peptoniphilus",NA
"8af4940d988972482bb40b6891a2cd52","d__Bacteria",NA,NA,NA,NA,NA,NA
"fe22902f56e3e5b522eddb53f46300b1","d__Bacteria","Firmicutes","Clostridia","Peptostreptococcales-Tissierellales","Family_XI","Anaerococcus",NA
"2b647ae4169431250af43ae13dd61795","d__Bacteria","Proteobacteria","Gammaproteobacteria","Pseudomonadales","Moraxellaceae","Acinetobacter",NA
"479d0290f33501d87649295594ce4d68","d__Bacteria","Firmicutes","Bacilli","Staphylococcales","Staphylococcaceae","Staphylococcus",NA
"3087df25df3547606eb70ed308b45eaf","d__Bacteria","Actinobacteriota","Actinobacteria","Corynebacteriales","Corynebacteriaceae","Corynebacterium",NA
"929e85a3890399c3e7f2bde3bb5c3041","d__Bacteria","Firmicutes","Bacilli","Lactobacillales","Streptococcaceae","Streptococcus",NA
"1edca68455d7edcbd4e5a7569ae49c3d","d__Bacteria","Firmicutes","Clostridia","Lachnospirales","Lachnospiraceae",NA,NA
"07d8ddb2afd1cc9e6c7fc882da331323","d__Bacteria","Firmicutes",NA,NA,NA,NA,NA
"34040aae740e5b2d6a1227d0210fa476","d__Bacteria","Actinobacteriota","Actinobacteria","Micrococcales","Dermacoccaceae","Kytococcus",NA
"3a3c62db35fe72e609d12a16f251500b","d__Bacteria",NA,NA,NA,NA,NA,NA
"735c89dade1810dc2b9f3a3c30c03a97","d__Bacteria","Bacteroidota","Bacteroidia","Bacteroidales","Dysgonomonadaceae",NA,NA
"e3ab3fa0ec6340f5dc28e11738d280dd","d__Bacteria","Proteobacteria","Gammaproteobacteria","Pseudomonadales","Moraxellaceae","Psychrobacter",NA
"289c8231ef90e742fd67a7cb79cdfff5","d__Bacteria","Proteobacteria","Gammaproteobacteria","Enterobacterales",NA,NA,NA
"a5e6ec8060c743a05885434d49290db3","d__Bacteria",NA,NA,NA,NA,NA,NA
"23dd4542f025e931402d187643b502d2","d__Bacteria","Firmicutes","Bacilli","Lactobacillales",NA,NA,NA
"b41a53627b8003c9a33944f4f3688c91","d__Bacteria",NA,NA,NA,NA,NA,NA
"8d53722cc2c71e5ef65bf0ce6ea1f16a","d__Bacteria","Actinobacteriota","Actinobacteria","Corynebacteriales","Corynebacteriaceae","Corynebacterium",NA
"94fee2098985a7f56e2ae62d46234397","d__Bacteria","Firmicutes","Clostridia","Peptostreptococcales-Tissierellales","Family_XI","Anaerococcus",NA
"72f2a776ffd884205dcd84032fc14659","d__Bacteria","Planctomycetota",NA,NA,NA,NA,NA
"1209b2958c47b223da6f33a2c8999a07","d__Bacteria","Proteobacteria","Gammaproteobacteria","Pseudomonadales","Moraxellaceae","Acinetobacter",NA
"a3206f824c711dce6651a84ad65d2b4a","d__Bacteria",NA,NA,NA,NA,NA,NA
"c3b17868459ab76ad5dbfbd84c0ea0d1","d__Bacteria","Chloroflexi","KD4-96","KD4-96","KD4-96","KD4-96",NA
"519d7c4db80e8ea02fd286407d040e6b","d__Bacteria","Firmicutes","Bacilli","Staphylococcales","Staphylococcaceae","Staphylococcus",NA
"5bb1c7447a07773ebd7e0b67f5256c06","d__Bacteria",NA,NA,NA,NA,NA,NA
"43e92ff80a1e1f89b0fbfd3f9108da9d","d__Bacteria","Bdellovibrionota","Oligoflexia","0319-6G20","0319-6G20","0319-6G20",NA
"4f42ca82d62c71d61ca3b6abffa04314","d__Bacteria","Firmicutes","Bacilli","Staphylococcales","Staphylococcaceae","Staphylococcus",NA
"12dbd75985c5aae3356a6667a01498e2","d__Bacteria","Firmicutes","Bacilli","Staphylococcales","Staphylococcaceae",NA,NA
"c3c3d38f48248b64b603552df8b5d1de","d__Bacteria","Firmicutes","Bacilli","Staphylococcales","Staphylococcaceae",NA,NA
"60ddb10ebb49f5bbae33de71b47377d2","d__Bacteria","Firmicutes","Bacilli","Staphylococcales","Staphylococcaceae","Staphylococcus",NA
"2593ab9e8196b591d53897d7212bb862","d__Bacteria","Firmicutes","Bacilli","Staphylococcales","Staphylococcaceae",NA,NA
"0bb83f8fe0e09a7a54ba63abf18e1d7d","d__Bacteria","Firmicutes",NA,NA,NA,NA,NA
"2d8fce517e6cfefaab40f6366072fe50","d__Bacteria","Firmicutes","Clostridia","Lachnospirales","Lachnospiraceae",NA,NA
"3b57f16c4bce78b83676460c80c32974","d__Bacteria","Actinobacteriota","Actinobacteria","Corynebacteriales","Corynebacteriaceae","Corynebacterium",NA
"52ab6a91a4d3d0a0064c7a76faa1505a","d__Bacteria","Firmicutes","Bacilli","Staphylococcales","Staphylococcaceae",NA,NA
"e12cdd16badd96fb807898971b2ac196","d__Bacteria","Firmicutes","Bacilli","Staphylococcales","Staphylococcaceae","Staphylococcus",NA
"5d08352f5405cfa4677d15edbcc6c2b3","d__Bacteria","Proteobacteria","Alphaproteobacteria",NA,NA,NA,NA
"478a8116899cdfe9823ea1bac1883dcd","d__Bacteria",NA,NA,NA,NA,NA,NA
"09fea2e1e7595cb9230919eb8d4bca2b","d__Bacteria",NA,NA,NA,NA,NA,NA
"08eaa5228a4ea8ea6be09636045ac8d0","d__Bacteria","Firmicutes","Bacilli","Staphylococcales","Staphylococcaceae","Staphylococcus",NA
"8833dc83dd5587c7225ab1b4b9f6bdb7","d__Bacteria","Firmicutes","Bacilli","Staphylococcales","Staphylococcaceae","Staphylococcaceae",NA
"0bb2bc53db1a05565322a87038f9c6dd","d__Bacteria","Proteobacteria","Gammaproteobacteria","Pseudomonadales","Moraxellaceae","Acinetobacter",NA
"7bae1b53630da2ef7b81991c7b361ca5","d__Bacteria","Proteobacteria","Alphaproteobacteria","Rhizobiales","Beijerinckiaceae","Methylobacterium-Methylorubrum",NA
"5f8820e2cee5af9b630e27f1b1495650","d__Bacteria","Firmicutes","Bacilli","Staphylococcales","Staphylococcaceae",NA,NA
"b54ede53fec390e126bfc4b48756963c","d__Bacteria","Cyanobacteria","Vampirivibrionia","Obscuribacterales","Obscuribacteraceae","Candidatus_Obscuribacter",NA
"a1e007d96503cb5a0bc09d52109bb4ec","d__Bacteria","Firmicutes","Clostridia","Lachnospirales","Lachnospiraceae",NA,NA
"f8e7dd43e371a4ac654fe30cb68a8252","d__Bacteria",NA,NA,NA,NA,NA,NA
"02270379487e33c2daa96ccd834612c4","d__Bacteria","Bacteroidota","Bacteroidia","Flavobacteriales","Weeksellaceae","Bergeyella",NA
"266b008dc24271dc0d62a3dee5c9224b","d__Bacteria","Bacteroidota","Bacteroidia","Bacteroidales","Prevotellaceae",NA,NA
"78bab7be4d7260635e76af6ba78bd8ed","d__Bacteria","Bacteroidota","Bacteroidia","Bacteroidales","Prevotellaceae",NA,NA
"73bcb9a4678f2fe657de3431ea96cb5a","d__Bacteria","Proteobacteria","Gammaproteobacteria",NA,NA,NA,NA
"18f023c84d77da776cc4f3aec8e9b391","d__Bacteria","Actinobacteriota","Actinobacteria","Propionibacteriales","Propionibacteriaceae","Cutibacterium",NA
"d7fa8ed35bf94901ff4766cd85210e92","d__Bacteria","Bacteroidota","Bacteroidia","Bacteroidales","Prevotellaceae","Prevotella",NA
"b12a05b310b56c63c0deb7b0320991c5","d__Bacteria",NA,NA,NA,NA,NA,NA
"94aa1564a30dd8acc3c111e70ecf32c9","d__Bacteria",NA,NA,NA,NA,NA,NA
"9d9012b91a406f7ea4a70f0196c0a86c","d__Bacteria","Bacteroidota","Bacteroidia","Bacteroidales","Prevotellaceae",NA,NA
"770c0be2910897a002971befbc0deed1","d__Bacteria","Firmicutes","Bacilli","Lactobacillales","Streptococcaceae","Streptococcus",NA
"d9116ffc6f616d08ad1a4b1282a5d2a6","d__Bacteria","Patescibacteria","Saccharimonadia","Saccharimonadales","Saccharimonadales","Saccharimonadales",NA
"0995cec7784c7649f1a27f502f51d996","d__Bacteria","Patescibacteria","Saccharimonadia","Saccharimonadales","Saccharimonadales","Saccharimonadales",NA
"d4487381d04216c6d1f1c84ccdfa7382","d__Bacteria","Firmicutes",NA,NA,NA,NA,NA
"14c5874c1ffafec07d15c67dcfaa5f15","d__Bacteria","Actinobacteriota","Actinobacteria","Actinomycetales","Actinomycetaceae",NA,NA
"42d7d93bf828cf4617ea85d3b1eed4c7","d__Bacteria",NA,NA,NA,NA,NA,NA
"7a8651c534e01e69ab0e186ad8625ddf","d__Bacteria",NA,NA,NA,NA,NA,NA
"9116fcd59ae557fddbfa0895690d8c83","d__Bacteria","Bacteroidota","Bacteroidia","Bacteroidales",NA,NA,NA
"a1af5d7253e97f954f12e6f81876a036","d__Bacteria",NA,NA,NA,NA,NA,NA
"ee1eec5aea75c3a6b2661b3ba4e26522","d__Bacteria","Bacteroidota","Bacteroidia","Bacteroidales","Prevotellaceae",NA,NA
"dba5166a451e690706893e36f14f674f","d__Bacteria","Bacteroidota","Bacteroidia","Bacteroidales",NA,NA,NA
"a7c27ab61662dbf0ccf43ce5975c5020","d__Bacteria","Firmicutes","Bacilli","Lactobacillales","Lactobacillaceae","Lactobacillus",NA
"b4a8aa6541188d909c9a37ff02093ca7","d__Bacteria","Proteobacteria","Gammaproteobacteria","Burkholderiales","Alcaligenaceae","Oligella",NA
"145dd51bad2a5e52797dd7c05499ab48","d__Bacteria",NA,NA,NA,NA,NA,NA
"5bdc953c61fbf33f90c87a93c6ad6a6b","d__Bacteria",NA,NA,NA,NA,NA,NA
"96ea0e7d113c897ce51f55d6a7812e86","d__Bacteria","Firmicutes","Clostridia","Peptostreptococcales-Tissierellales","Family_XI",NA,NA
"f91415848e4acfbe0c8edc773c8a89c4","d__Bacteria","Bacteroidota","Bacteroidia","Chitinophagales",NA,NA,NA
"3d7c9f2d719fe88e494e84883052b7ce","d__Bacteria","Firmicutes","Clostridia","Peptostreptococcales-Tissierellales","Family_XI","Anaerococcus",NA
"279c7de7e1628fdd4b9e638261f8d0ac","d__Bacteria","Firmicutes","Bacilli","Lactobacillales","Lactobacillaceae","Lactobacillus",NA
"6395ecc9a6eb8376693e665810287200","d__Bacteria","Actinobacteriota","Actinobacteria","Actinomycetales","Actinomycetaceae","Actinomyces",NA
"dcc42a01641b14f2f3aa518774e2b7b8","d__Bacteria","Firmicutes","Clostridia","Peptostreptococcales-Tissierellales","Family_XI","Finegoldia",NA
"17e653f09ca7bb37501f3cde0d595c0c","d__Bacteria","Firmicutes","Bacilli","Lactobacillales","Lactobacillaceae",NA,NA
"29467102528b8bb09302926f3e8e3f92","d__Bacteria",NA,NA,NA,NA,NA,NA
"554a43b9f9cd85cdf074d08721069694","d__Bacteria","Proteobacteria","Gammaproteobacteria",NA,NA,NA,NA
"6a88331df04094fb7af2631704b978f0","d__Bacteria","Firmicutes","Bacilli","Lactobacillales",NA,NA,NA
"61a8874338dc0361c73f42a7bf295236","d__Bacteria",NA,NA,NA,NA,NA,NA
"59263b416d2930794a1983ab4f2c2456","d__Bacteria","Actinobacteriota","Actinobacteria","Corynebacteriales","Corynebacteriaceae",NA,NA
"bc7bbae8755d63aac7858f1b0dfcac67","d__Bacteria","Firmicutes","Bacilli","Lactobacillales",NA,NA,NA
"1ad617b9c9059a940c30b23289062fb6","d__Bacteria","Bacteroidota","Bacteroidia","Bacteroidales","Prevotellaceae",NA,NA
"8e990d33cb0205daa6e33f5e598e7ec0","d__Bacteria","Firmicutes","Clostridia","Peptostreptococcales-Tissierellales","Family_XI","Anaerococcus",NA
"24f1e9009672be107e9c98e2ad461804","d__Bacteria","Firmicutes","Bacilli","Lactobacillales","Streptococcaceae","Streptococcus",NA
"c06dbb8312b6ded940b24fa352fba03d","d__Bacteria",NA,NA,NA,NA,NA,NA
"1f5bd621bec585defba5f248ab813b67","d__Bacteria","Firmicutes",NA,NA,NA,NA,NA
"f3add87d6d945b8584aa23086343e407","d__Bacteria","Firmicutes",NA,NA,NA,NA,NA
"f0e07cc20e9f9cf985bdc24580491c18","d__Bacteria","Firmicutes","Clostridia","Peptostreptococcales-Tissierellales","Family_XI","Anaerococcus",NA
"65d1b62c616106ec477868735b81e5e9","d__Bacteria","Bacteroidota","Bacteroidia","Bacteroidales","Porphyromonadaceae","Porphyromonas",NA
"a901c0a05b9eac4b666c662d60068321","d__Bacteria","Actinobacteriota","Actinobacteria","Propionibacteriales","Propionibacteriaceae","Propionimicrobium",NA
"99f5da74199922d1b7e627e6e620ce6a","d__Bacteria","Firmicutes","Clostridia",NA,NA,NA,NA
"53afb2d0f54756d10da2e5527a0ed457","d__Bacteria","Firmicutes","Clostridia","Oscillospirales","Ruminococcaceae","Faecalibacterium",NA
"d606da2786d256c3a145ad07eb1127fb","d__Bacteria",NA,NA,NA,NA,NA,NA
"5ee6bb9cc7333216cff18bed3ee140c2","d__Bacteria","Firmicutes",NA,NA,NA,NA,NA
"75f12dc573e5d3d7756ec6b183ecdfe4","d__Bacteria",NA,NA,NA,NA,NA,NA
"3f4c687acb5ee4e3853edb53b5a37225","d__Bacteria","Firmicutes","Bacilli","Lactobacillales","Lactobacillaceae",NA,NA
"a0ddbd981dca9e2dd74c0bf14605aef7","d__Bacteria","Actinobacteriota","Actinobacteria","Bifidobacteriales","Bifidobacteriaceae",NA,NA
"f9d9d47c26a311613bdb64dda7da382a","d__Bacteria","Actinobacteriota","Actinobacteria","Bifidobacteriales","Bifidobacteriaceae",NA,NA
"468350466f9abef8ae1f17ca4c6ae286","d__Bacteria","Firmicutes","Bacilli","Lactobacillales","Lactobacillaceae","Lactobacillus",NA
"c335b879d49d2e7f6f8c1c452b3811ce","d__Bacteria",NA,NA,NA,NA,NA,NA
"970db4c84345bb044e19cf75cea00d37","d__Bacteria","Planctomycetota","Phycisphaerae","Phycisphaerales","Phycisphaeraceae","Algisphaera",NA
"d63d2ec3faa27847195da389313ac374","d__Bacteria","Firmicutes","Clostridia","Lachnospirales","Lachnospiraceae",NA,NA
"bca6e43a365a43bc906a6a79cf72b10a","d__Bacteria",NA,NA,NA,NA,NA,NA
"7dbd2c1fab297a14bca904e9ea70de58","d__Bacteria","Actinobacteriota","Actinobacteria","Corynebacteriales","Corynebacteriaceae","Corynebacterium",NA
"6306d01e80c4638b76d3f353e63e9a97","d__Bacteria","Firmicutes","Clostridia",NA,NA,NA,NA
"685379042712aae8450003676f00ffbf","d__Bacteria","Campylobacterota","Campylobacteria","Campylobacterales","Campylobacteraceae","Campylobacter",NA
"053b2d4b4c47629aa7ba291d08fbc400","d__Bacteria","Actinobacteriota","Actinobacteria","Corynebacteriales","Corynebacteriaceae","Corynebacterium",NA
"8ebff24d4acbbdb43bcd703b3e48c828","d__Bacteria","Firmicutes",NA,NA,NA,NA,NA
"6294b232713b31ccaf9fe48175ae74a1","d__Bacteria","Actinobacteriota","Actinobacteria","Bifidobacteriales","Bifidobacteriaceae",NA,NA
"3696bd5d91fac0a8cbcd105785cd701b","d__Bacteria","Firmicutes",NA,NA,NA,NA,NA
"19a5915bf9167ec75628a12394e4f927","d__Bacteria","Bacteroidota","Bacteroidia","Bacteroidales","Prevotellaceae",NA,NA
"9f4f32c912f52b3b058c5bb74b2f3e8d","d__Bacteria","Bacteroidota","Bacteroidia",NA,NA,NA,NA
"f2c4551adb67b9c59dab8fe4def56619","d__Bacteria","Firmicutes","Bacilli","Lactobacillales","Streptococcaceae","Streptococcus",NA
"01e6750eaa09e49b9cc835d1ef79f5c8","d__Bacteria","Actinobacteriota","Actinobacteria",NA,NA,NA,NA
"68c473b6bb634c37a3d11af40a27b9c3","d__Bacteria","Firmicutes","Clostridia","Peptostreptococcales-Tissierellales","Family_XI","Finegoldia",NA
"32297531ce4a809329986aa02e970393","d__Bacteria","Firmicutes","Clostridia",NA,NA,NA,NA
"1d231096cdc68339b7cfed2b74a3823a","d__Bacteria","Firmicutes",NA,NA,NA,NA,NA
"f6f08c7fc1ff1f04db0489e6b0f2e48e","d__Bacteria","Firmicutes","Bacilli","Lactobacillales","Streptococcaceae","Streptococcus",NA
"08090c812ba651ef0f3c7046aaa846ae","d__Bacteria",NA,NA,NA,NA,NA,NA
"8c872308e9cbd86746e61263c6e0afb1","d__Bacteria","Firmicutes","Bacilli","Lactobacillales","Lactobacillaceae",NA,NA
"8994339f847944a1476db913fa6c1d39","d__Bacteria",NA,NA,NA,NA,NA,NA
"ff1406050cc928e3ee136248cd1e55ce","d__Bacteria",NA,NA,NA,NA,NA,NA
"a10ff3fba5eec8af7009a8bd965f3198","d__Bacteria","Firmicutes","Clostridia","Lachnospirales","Lachnospiraceae",NA,NA
"9ec947d7acf73bb23dd5f9bc854ebb05","d__Bacteria","Bacteroidota","Bacteroidia","Bacteroidales","Prevotellaceae",NA,NA
"50377b80d745291e21cd229431cee30a","d__Bacteria","Firmicutes","Clostridia",NA,NA,NA,NA
"4ebd02e88bf07e9f34dfad89177e8b4c","d__Bacteria","Firmicutes",NA,NA,NA,NA,NA
"bbcf7e1549ea6a73f32b41fd0eb3c762","d__Bacteria",NA,NA,NA,NA,NA,NA
"498bf43e746f2c0836ce94cd451430cd","d__Bacteria","Bacteroidota","Bacteroidia","Bacteroidales","Prevotellaceae",NA,NA
"ccf6f1ce9ef29189be1dcc9d8ba4b950","d__Bacteria","Firmicutes","Bacilli","Lactobacillales","Streptococcaceae","Streptococcus",NA
"922aa0135d0de52c994847d4efea6f1d","d__Bacteria","Firmicutes","Clostridia","Lachnospirales","Lachnospiraceae","Anaerostipes",NA
"1fd1c8458702b238271d6bc8124a6f3e","d__Bacteria",NA,NA,NA,NA,NA,NA
"1d24d2ae16dd99d2cc4bdd1542b85823","d__Bacteria",NA,NA,NA,NA,NA,NA
"5c017fe45a7092749a883c1b14c4cca4","d__Bacteria","Proteobacteria","Gammaproteobacteria","Enterobacterales",NA,NA,NA
"e4eba9760a28fe2b4235f85be426b45a","d__Bacteria","Actinobacteriota","Actinobacteria","Bifidobacteriales","Bifidobacteriaceae",NA,NA
"552cec0517c7bc490ec7b729926570a7","d__Bacteria","Firmicutes",NA,NA,NA,NA,NA
"a91ebb66f5f7c6457f0f6a467c086aae","d__Bacteria","Actinobacteriota","Actinobacteria","Actinomycetales","Actinomycetaceae","Actinomycetaceae",NA
"b42d7de0c8a02499c582f88eaec2f7d3","d__Bacteria","Actinobacteriota","Actinobacteria","Bifidobacteriales","Bifidobacteriaceae","Bifidobacterium",NA
"d88fb3b79a0cb442e63435cabb63adc1","d__Bacteria",NA,NA,NA,NA,NA,NA
"aeb7c221d9cab742c4920aadf4245dfb","d__Bacteria","Firmicutes","Bacilli","Staphylococcales","Staphylococcaceae","Staphylococcus",NA
"e01716da1ad7f201f576e9eddbd10f58","d__Bacteria","Actinobacteriota","Actinobacteria","Corynebacteriales","Corynebacteriaceae","Corynebacterium",NA
"a6e9687476f53a760991c41404d6b37f","d__Bacteria","Actinobacteriota","Actinobacteria","Corynebacteriales","Corynebacteriaceae","Corynebacterium",NA
"266b91c2fbe9ef0cbc3beae7730d7683","d__Bacteria",NA,NA,NA,NA,NA,NA
"42b45fa2317d0d07aec8f3162ae0614b","d__Bacteria",NA,NA,NA,NA,NA,NA
"f242f423c0df8e31a5ce5c24a1daedf2","d__Bacteria","Actinobacteriota","Actinobacteria",NA,NA,NA,NA
"8e9b310ddcb5c74d68a23ad580a44dca","d__Bacteria",NA,NA,NA,NA,NA,NA
"d6797f9f9cfb9f15b5bec919736ad99b","d__Bacteria","Fusobacteriota","Fusobacteriia","Fusobacteriales","Fusobacteriaceae","Fusobacterium",NA
"b84becc3114fe2ff42a73a36bcf8e5a6","d__Bacteria","Firmicutes","Clostridia","Peptostreptococcales-Tissierellales","Family_XI","Anaerococcus",NA
"829358a5c66339f85ff3a240d7913c4e","d__Bacteria","Actinobacteriota","Actinobacteria","Bifidobacteriales","Bifidobacteriaceae","Bifidobacterium",NA
"5b5e6f52d4e2654b32b0859c641508e6","d__Bacteria",NA,NA,NA,NA,NA,NA
"b6b0c7a5c4e1046d7cd30c347edd7689","d__Bacteria","Actinobacteriota","Actinobacteria",NA,NA,NA,NA
"e92b657729ae86b950f7aef47f20ef42","d__Bacteria","Firmicutes","Clostridia",NA,NA,NA,NA
"c0186f905cbdb033702b13d0cdf880f6","d__Bacteria","Firmicutes","Bacilli","Lactobacillales","Streptococcaceae","Streptococcus",NA
"977f68f157504883419bb2740fce1ddb","d__Bacteria",NA,NA,NA,NA,NA,NA
"d45147f587292d9865da3b88432c6c28","d__Bacteria","Firmicutes","Clostridia","Peptostreptococcales-Tissierellales","Family_XI","Peptoniphilus",NA
"5875025d8cfff859361183debbe673ed","d__Bacteria","Proteobacteria","Gammaproteobacteria","Enterobacterales",NA,NA,NA
"4171578ad107e95d054c051632a04b6f","d__Bacteria",NA,NA,NA,NA,NA,NA
"11a2fdc59a9912b4798e260060cd7765","d__Bacteria","Proteobacteria","Gammaproteobacteria","Enterobacterales",NA,NA,NA
"ce13ff3de57531d2950aed557b86856b","d__Bacteria","Bacteroidota","Bacteroidia","Bacteroidales","Prevotellaceae",NA,NA
"c3474014806c938a2ffe1bc20c59fb2d","d__Bacteria","Firmicutes","Bacilli","Staphylococcales","Staphylococcaceae","Staphylococcus",NA
"9d19c649c5d066d45789a10d2537b5a5","d__Bacteria","Bacteroidota","Bacteroidia","Bacteroidales","Prevotellaceae","Alloprevotella",NA
"9392dc646e9a50e1626ee845ed6af621","d__Bacteria","Firmicutes","Bacilli","Bacillales","Bacillaceae",NA,NA
"be6440feb9efa3fb99169b6dadf64ae9","d__Bacteria","Firmicutes",NA,NA,NA,NA,NA
"cd8aa4a3b597487be6e58fa73487384b","d__Bacteria",NA,NA,NA,NA,NA,NA
"4265944d6c3e22e38a869bb12160623e","d__Bacteria","Fusobacteriota","Fusobacteriia","Fusobacteriales","Fusobacteriaceae","Fusobacterium",NA
"080efcb59b267e0c4be4b218c08d15e9","d__Bacteria","Firmicutes","Bacilli",NA,NA,NA,NA
"8d1b5d5410f02c95529344584b1d531a","d__Bacteria","Firmicutes","Clostridia","Peptostreptococcales-Tissierellales","Peptostreptococcaceae","Peptostreptococcus",NA
"1e84a77eea3af8adb46a1a8f454e3580","d__Bacteria","Firmicutes","Bacilli","Staphylococcales","Staphylococcaceae","Staphylococcus",NA
"2010fc682984e89c567d604dd043bcd6","d__Bacteria","Actinobacteriota","Actinobacteria","Corynebacteriales","Corynebacteriaceae","Corynebacterium",NA
"9e3d2f72acbfe119525f76a3b838d2e8","d__Bacteria","Firmicutes","Bacilli","Staphylococcales","Staphylococcaceae","Staphylococcus",NA
"1661c79b785553cad725af0435072219","d__Bacteria","Proteobacteria","Alphaproteobacteria","Rhizobiales","Rhizobiaceae","Allorhizobium-Neorhizobium-Pararhizobium-Rhizobium",NA
"f2febd7ff07b92da9a1a3e5d7be642a6","d__Bacteria","Firmicutes","Bacilli","Bacillales","Planococcaceae",NA,NA
"41e95bde9eb2873b864ef00d0ea9a81a","d__Bacteria","Firmicutes","Bacilli","Staphylococcales","Staphylococcaceae","Staphylococcus",NA
"7dc8a4d3f8f64b58bf78207592bbefaf","d__Bacteria","Firmicutes","Negativicutes","Veillonellales-Selenomonadales","Veillonellaceae","Veillonella",NA
"2a3057574720df2bb66f145cc635cfa8","d__Bacteria","Firmicutes",NA,NA,NA,NA,NA
"79b0c079f0662fcd5656bbecda560d20","d__Bacteria",NA,NA,NA,NA,NA,NA
"17ae0544c46cde278eec405afcb26c23","d__Bacteria","Firmicutes","Bacilli","Lactobacillales","Streptococcaceae","Streptococcus",NA
"6a1bd8a8dfe47a9a7ed3cf69a54b4605","d__Bacteria",NA,NA,NA,NA,NA,NA
"fd6cc25c406d384d72be88d6dfc09007","d__Bacteria","Firmicutes","Bacilli","Staphylococcales","Staphylococcaceae","Staphylococcus",NA
"63f95cf6e9a5ac920d64743ee2876ae5","d__Bacteria",NA,NA,NA,NA,NA,NA
"1e90b7451567749b6d0d0a0219b07cdc","d__Bacteria",NA,NA,NA,NA,NA,NA
"e19811607ac1cbe0a0a1159808d7031d","d__Bacteria","Proteobacteria","Gammaproteobacteria","Pseudomonadales","Pseudomonadaceae","Pseudomonas",NA
"0a39d8240b3e71d7f14069d3b0a5a22f","d__Bacteria","Proteobacteria","Gammaproteobacteria","Xanthomonadales","Xanthomonadaceae",NA,NA
"c85ab8e4c2bf223bb6f2312d27618f4a","d__Bacteria","Proteobacteria","Gammaproteobacteria","Xanthomonadales","Xanthomonadaceae",NA,NA
"49711c1390c9f516633f631d373c07f2","d__Bacteria","Firmicutes",NA,NA,NA,NA,NA
"972ed31384d5fb28e0c8d4bba71fd521","d__Bacteria",NA,NA,NA,NA,NA,NA
"1a4faa45e35b526cac86e55af852627b","d__Bacteria",NA,NA,NA,NA,NA,NA
"cc863fac3d783762a643583cb9869cca","d__Bacteria",NA,NA,NA,NA,NA,NA
"00e4e9596ba9ed009e9086f648484d85","d__Bacteria","Firmicutes","Bacilli","Staphylococcales","Staphylococcaceae",NA,NA
"435cf0d0aa9cafb9d902f66ce23cb439","d__Bacteria","Firmicutes","Bacilli","Staphylococcales","Staphylococcaceae","Staphylococcus",NA
"009f025245de6ae2f9b76fd041ea480b","d__Bacteria","Actinobacteriota","Actinobacteria","Micrococcales",NA,NA,NA
"10f8c957e998953bdf1de8a4034cb984","d__Bacteria","Actinobacteriota","Actinobacteria","Corynebacteriales","Corynebacteriaceae","Corynebacterium",NA
"4760250861e33ce19d8461e203b0d455","d__Bacteria",NA,NA,NA,NA,NA,NA
"206d753273827af0953b8a565343c000","d__Bacteria","Firmicutes","Bacilli","Staphylococcales","Staphylococcaceae","Staphylococcus",NA
"c954c639b88155cfd4e5d9bbadd9f6cb","d__Bacteria","Actinobacteriota","Actinobacteria","Corynebacteriales","Corynebacteriaceae","Corynebacterium",NA
"1c57f2e5caf9cacb6d57d51b80d4e9eb","d__Bacteria","Firmicutes","Bacilli","Staphylococcales","Staphylococcaceae",NA,NA
"d5970306a1f3a64a883af0688e562008","d__Bacteria","Actinobacteriota","Actinobacteria","Corynebacteriales","Corynebacteriaceae","Corynebacterium",NA
"85dedb85b9c1087ce63ad740ee909acd","d__Bacteria","Firmicutes","Bacilli","Staphylococcales","Staphylococcaceae","Staphylococcus",NA
"2b9f229e418eaab9416a60790cc1b3d0","d__Bacteria","Firmicutes","Bacilli","Staphylococcales","Staphylococcaceae",NA,NA
"549ff92bd387a7bc03e2cdd6b1cb6de7","d__Bacteria",NA,NA,NA,NA,NA,NA
"8f74175a2c0efc1ed9092692e8cc3623","d__Bacteria","Firmicutes","Bacilli",NA,NA,NA,NA
"34b5aec826d2f1ced29a89607fdae402","d__Bacteria","Proteobacteria","Gammaproteobacteria","Enterobacterales",NA,NA,NA
"d09cda3e321f6adb4fe2146c22ece5c5","d__Bacteria","Bacteroidota","Bacteroidia",NA,NA,NA,NA
"ea5df3a0211f1a0cd6f3f1b431ba1b09","d__Bacteria",NA,NA,NA,NA,NA,NA
"58321ef0fba58c34cdee28c0a5a4de61","d__Bacteria",NA,NA,NA,NA,NA,NA
"21421d9fd0a30653e355bff78c941c63","d__Bacteria","Firmicutes","Bacilli","Bacillales",NA,NA,NA
"0061ea677e744636ca6033835af25739","d__Bacteria",NA,NA,NA,NA,NA,NA
"387774e6ab5a02be6c17d7a7bdf1dede","d__Bacteria","Actinobacteriota","Actinobacteria","Corynebacteriales","Corynebacteriaceae","Corynebacterium",NA
"086932b07bc027344c77108d002184a1","d__Bacteria","Actinobacteriota","Actinobacteria","Corynebacteriales","Corynebacteriaceae",NA,NA
"58149fc425eabf226141b853bd5bf2e5","d__Bacteria","Actinobacteriota","Actinobacteria","Corynebacteriales","Corynebacteriaceae","Corynebacterium",NA
"9e6984ce14bb39af9ccbb47cab447988","d__Bacteria","Firmicutes","Bacilli","Staphylococcales","Staphylococcaceae","Staphylococcus",NA
"0437a65636fe85b2b7acc23de952b534","d__Bacteria","Actinobacteriota","Actinobacteria","Micrococcales","Micrococcaceae","Kocuria",NA
"9133d92d4c7bdfdbad26d33dc34e3fed","d__Bacteria","Firmicutes","Bacilli","Staphylococcales","Staphylococcaceae",NA,NA
"c386ce54042dfb72c2ea4c9317b2bc7d","d__Bacteria","Firmicutes","Bacilli","Erysipelotrichales","Erysipelotrichaceae","Turicibacter",NA
"694467d4d95d46e67a80c1c82d5d77d6","d__Bacteria","Firmicutes","Bacilli","Erysipelotrichales","Erysipelotrichaceae","Turicibacter",NA
"634305df8fe444ff53b19395884c98f6","d__Bacteria","Actinobacteriota","Actinobacteria","Micrococcales",NA,NA,NA
"7e04a6858b8a67a93cc4a16d6b942bbb","d__Bacteria",NA,NA,NA,NA,NA,NA
"5f1e31d996172f3e1d7afc878072aa63","d__Bacteria",NA,NA,NA,NA,NA,NA
"f075c6e4d0c395b81f08865432ada865","d__Bacteria","Actinobacteriota","Actinobacteria","Corynebacteriales","Corynebacteriaceae",NA,NA
"63e66a1edf2607584efe36c3977c0c61","d__Bacteria","Proteobacteria","Gammaproteobacteria","Pseudomonadales","Moraxellaceae","Enhydrobacter",NA
"7a7990ee8a80c6a7ae8b5c992a718c44","d__Bacteria",NA,NA,NA,NA,NA,NA
"8d2e161417f184c342633067b53d2ea4","d__Bacteria","Actinobacteriota","Coriobacteriia","Coriobacteriales","Coriobacteriaceae","Collinsella",NA
"ba2975b2a9dbfa8d3535920fb19e3eb4","d__Bacteria","Actinobacteriota","Actinobacteria","Corynebacteriales","Corynebacteriaceae",NA,NA
"e582d46d3af114ca0203304b05ada211","d__Bacteria","Firmicutes","Bacilli","Staphylococcales","Staphylococcaceae","Staphylococcus",NA
"b4157cbf3ce5d68784e4008d3d87661b","d__Bacteria","Firmicutes","Bacilli","Staphylococcales","Staphylococcaceae","Staphylococcus",NA
"4649b47f4befb34b742891c1a1017296","d__Bacteria","Firmicutes","Bacilli","Lactobacillales","Aerococcaceae","Globicatella",NA
"1c4f4418864774bfb808846452d8d50a","d__Bacteria","Bacteroidota","Bacteroidia","Bacteroidales","Prevotellaceae","Prevotella_7",NA
"ca22ed536520ffb36320eb8adf0f2a3e","d__Bacteria","Fusobacteriota","Fusobacteriia","Fusobacteriales","Leptotrichiaceae","Leptotrichia",NA
"b47c51d486643854e43deb7e0a50e243","d__Bacteria","Actinobacteriota","Actinobacteria","Bifidobacteriales","Bifidobacteriaceae",NA,NA
"b9f945674da2b8786c98a4e70c7d22a3","d__Bacteria","Actinobacteriota","Actinobacteria","Corynebacteriales","Corynebacteriaceae","Corynebacterium",NA
"c3c5f8c5606e40c29469cb86c5dc0635","d__Bacteria","Firmicutes","Bacilli","Lactobacillales",NA,NA,NA
"01780b04a11b135c366e9ab5ff4ec71d","d__Bacteria","Bacteroidota","Bacteroidia","Bacteroidales","Prevotellaceae","Prevotella_7",NA
"614f1716b42ee0a0f21418c907070ed4","d__Bacteria",NA,NA,NA,NA,NA,NA
"dd72a423bfca922fe3c8e340f64d9963","d__Bacteria","Firmicutes","Clostridia","Peptostreptococcales-Tissierellales","Family_XI","Anaerococcus",NA
"daa3a53deda2abc942772f88d511b9be","d__Bacteria",NA,NA,NA,NA,NA,NA
"b8d3bee3937b09005e4f65e3f1cad09b","d__Bacteria","Firmicutes","Clostridia","Peptostreptococcales-Tissierellales","Family_XI","Peptoniphilus",NA
"593a10909a0c379caa82d27664661cbb","d__Bacteria","Bacteroidota","Bacteroidia","Bacteroidales","Prevotellaceae",NA,NA
"e34b0f827671c23cc99869c2b9e3895d","d__Bacteria","Firmicutes","Bacilli","Lactobacillales",NA,NA,NA
"53ef702ee14c2a54e6196dd2ce281712","d__Bacteria","Actinobacteriota","Actinobacteria","Bifidobacteriales","Bifidobacteriaceae",NA,NA
"392872475ed3af2607e9bf0137240a43","d__Bacteria","Firmicutes","Bacilli","Lactobacillales",NA,NA,NA
"ed02d2aeaf0cdb0251097b690b826f7d","d__Bacteria","Firmicutes",NA,NA,NA,NA,NA
"8cbddb9460ff41b8b9c8438c034cfc7e","d__Bacteria",NA,NA,NA,NA,NA,NA
"4bee84bf887ef79c4ef575c9c856b3dd","d__Bacteria","Firmicutes","Bacilli","Lactobacillales","Lactobacillaceae",NA,NA
"1362af02d1a8f4a9a57e1b96bad7eced","d__Bacteria","Firmicutes","Clostridia","Peptostreptococcales-Tissierellales","Family_XI","Anaerococcus",NA
"75ea95a3d9ea80523e80601a5927e9ec","d__Bacteria","Firmicutes","Bacilli","Lactobacillales",NA,NA,NA
